Loss,PredLoss,Set,Zone,Idx,TestYear
0.0140989038102287,0.014889474376643848,Train,S2,T950609-2017,2016
0.1929988020764009,0.1423139919350408,Train,S2,T920106-2017,2016
0.001077278578854,0.04912552655872274,Train,S2,T910506-2017,2016
0.2791155866900175,0.17384568398784173,Train,S2,T960207-2017,2016
0.6036596868515375,0.39926311204601916,Train,S2,T801305-2015,2016
0.0949098356561266,0.08706327865645515,Train,S2,T940104-2017,2016
0.2728641324802409,0.2105531238643427,Train,S2,T860302-2021,2016
0.2556524124858144,0.17196456662667836,Train,S2,T930801-2017,2016
0.0940349155729997,0.14276796588132173,Train,S2,T940901-2017,2016
0.2045687009887487,0.1316583225156493,Train,S2,T931104-2017,2016
0.0201343510332582,0.027432356936400816,Train,S2,T900403-2017,2016
0.943481111096829,0.6688689206865925,Train,S2,T900204-2017,2016
0.0444543231829295,0.04933819758625945,Train,S2,T930403-2017,2016
0.4875,0.31671155992735306,Train,S2,T801306-2015,2016
0.0090006054952787,0.014389033439784635,Train,S2,T900104-2017,2016
0.599817446863998,0.383952452935307,Train,S2,T940704-2017,2016
0.0226284209257249,0.08526080552899667,Train,S2,T901507-2017,2016
0.0074063711250277,0.2092069092129099,Train,S2,T901503-2017,2016
0.0016401132334176,0.009768398522981113,Train,S2,T900901-2017,2016
0.0197690509692649,0.03678990406390223,Train,S2,T961104-2017,2016
0.0126418044512458,0.05657712525472365,Train,S2,T930501-2017,2016
0.129800307219662,0.1062393686195184,Train,S2,T801905-2017,2016
0.0198296254604378,0.03363617320354974,Train,S2,T930504-2017,2016
0.0056374552526989,0.047145641750995025,Train,S2,T930602-2020,2016
0.0128269262836546,0.023807690826987537,Train,S2,T900308-2017,2016
0.0088067387092429,0.028024047991860285,Train,S2,T802002-2017,2016
0.0052457273550692,0.04157505286666944,Train,S2,T900505-2017,2016
0.0206488914126422,0.027003085870893614,Train,S2,T901604-2022,2016
0.00405190034126,0.017950781606425426,Train,S2,T930505-2022,2016
0.0153269517479691,0.06059091316414086,Train,S2,T900105-2017,2016
0.0012457799205192,0.01886360193072804,Train,S2,T900302-2022,2016
0.0696055684454756,0.06141953039476975,Train,S2,T940408-2017,2016
0.019573374302006,0.08140805814598209,Train,S2,T900803-2022,2016
0.0387259631544711,0.17507478054452055,Train,S2,T800612-2017,2016
0.3304470336586419,0.21601475433000514,Train,S2,T940107-2017,2016
0.9803921568627452,0.6442174622948653,Train,S2,T940902-2017,2016
0.2822179339217546,0.2288454196654173,Train,S2,T900210-2017,2016
0.727832127490806,0.6388119560677518,Train,S2,T900201-2017,2016
0.1630390478519605,0.13692143918445787,Train,S2,T940916-2017,2016
0.3089430894308943,0.20455565942403175,Train,S2,T930605-2017,2016
0.3933910306845004,0.2930752999020067,Train,S2,T801501-2017,2016
0.5765162447286941,0.430809084836051,Train,S2,T900804-2020,2016
0.015084181335066,0.023907135201637744,Train,S2,T901603-2017,2016
0.1035026122801131,0.0744758857842933,Train,S2,T930606-2017,2016
0.0252445207052521,0.06994891224638522,Train,S2,T960205-2017,2016
0.1508878691141261,0.1282718985861636,Train,S2,T910104-2017,2016
0.0740892385381023,0.07975527024167775,Train,S2,T910112-2017,2016
0.7470403950099834,0.6465433234820182,Train,S2,T900207-2017,2016
0.0842803682145489,0.07284163585795213,Train,S2,T901511-2017,2016
0.0103404952752553,0.10751677504452176,Train,S2,T801306-2017,2016
0.3320907913835499,0.3801787927524738,Train,S2,T900211-2017,2016
0.0849305635257661,0.11930620170612725,Train,S2,T940907-2017,2016
0.387138719782493,0.27348215998022085,Train,S2,T940906-2017,2016
0.0279908744795059,0.06192305097933026,Train,S2,T901112-2017,2016
0.0030769940844788,0.017322694552213712,Train,S2,T900902-2022,2016
0.1005277707966825,0.0723431045209956,Train,S2,T800504-2017,2016
0.0078029748841745,0.01942439661012437,Train,S2,T802001-2020,2016
0.2270970235794356,0.19715827779832754,Train,S2,T940506-2017,2016
0.3622426078662402,0.25923603517206184,Train,S2,T930114-2017,2016
0.1780293879780272,0.17038571731098334,Train,S2,T940917-2017,2016
0.0399906284587854,0.04487341560572852,Train,S2,T940604-2017,2016
0.2857132101893085,0.2354720442536623,Train,S2,T960203-2017,2016
0.0466617412606447,0.03791192620080994,Train,S2,T910301-2017,2016
0.0116384981277198,0.02478347918424138,Train,S2,T910402-2017,2016
0.1446975354742345,0.1457599791744638,Train,S2,T961105-2017,2016
0.0421544811549711,0.04503334211281853,Train,S2,T900208-2017,2016
0.5159958720330238,0.3515837564114191,Train,S2,T900304-2017,2016
0.5217391304347826,0.35565526772866496,Train,S2,T800703-2015,2016
0.0140247146638409,0.03869251069688044,Train,S2,T901301-2017,2016
0.0646056043208228,0.05047555944352692,Train,S2,T900103-2017,2016
0.102657309705323,0.07975355724869576,Train,S2,T910503-2017,2016
0.0917912404930501,0.05471652690609834,Train,S2,T901602-2017,2016
0.0281418499326471,0.03933276353933226,Train,S2,T901508-2022,2016
0.1104894447317692,0.10287098435874117,Train,S2,T900601-2017,2016
0.3997401688902213,0.2585445326649179,Train,S2,T941004-2017,2016
0.0043458286253523,0.022186256156530117,Train,S2,T900305-2022,2016
0.0733516508705924,0.05774664264653644,Train,S2,T930602-2022,2016
0.0091466203237903,0.030698496908011078,Train,S2,T941103-2017,2016
0.5595622979358369,0.40221184998116827,Train,S2,T940908-2017,2016
0.0323925559816511,0.05903758362262817,Train,S2,T930513-2017,2016
0.0194319396314408,0.021088761595202385,Train,S2,T940302-2017,2016
0.0494388688386809,0.03601997256314067,Train,S2,T910202-2015,2016
0.0545272787858592,0.18102229691778113,Train,S2,T901604-2017,2016
0.041643794128225,0.053839015449019104,Train,S2,T930205-2017,2016
0.1651575113302501,0.1549640741029917,Train,S2,T801216-2017,2016
0.2737510110122566,0.2199960868017407,Train,S2,T930806-2017,2016
0.2106237334652391,0.13736083396763146,Train,S2,T930806-2022,2016
0.016750418760469,0.03086265056428643,Train,S2,T940802-2017,2016
0.9221179543644902,0.5878179489834721,Train,S2,T900205-2017,2016
0.0308094876340001,0.036587210447932124,Train,S2,T910503-2022,2016
0.0049095416942828,0.0071979387185417566,Train,S2,T940205-2017,2016
0.6389627659574468,0.37634299277063255,Train,S2,T801902-2017,2016
0.0913317834606443,0.08592604355230588,Train,S2,T950118-2017,2016
0.2289511642283123,0.1741322395743525,Train,S2,T940106-2017,2016
0.2498608017817372,0.21312986896929748,Train,S2,T940211-2017,2016
0.1250987621806689,0.10745172011739995,Train,S2,T910503-2015,2016
0.0248528928036255,0.01937532958525667,Train,S2,T900303-2017,2016
0.9413558802675132,0.5761596974776922,Train,S2,T900202-2017,2016
0.0402298977961108,0.06199044998629618,Train,S2,T801215-2017,2016
0.2913497486141549,0.18842993650373038,Train,S2,T940211-2022,2016
0.0178474046899013,0.06238274415610383,Train,S2,T950604-2017,2016
0.0051201260338716,0.023161661872360212,Train,S2,T901303-2022,2016
0.0459764344601022,0.06532002100834516,Train,S2,T900903-2017,2016
0.0337837837837837,0.02473816638635475,Train,S2,T960203-2022,2016
0.1116560992144195,0.09254833434751893,Train,S2,T900502-2017,2016
0.0200809933398038,0.049407052470586736,Train,S2,T901102-2017,2016
0.0506186726659167,0.06695901815453378,Train,S2,T960204-2017,2016
0.0335384360686496,0.02566156042133161,Train,S2,T940203-2017,2016
0.1137755995098897,0.0694609627853303,Train,S2,T901602-2022,2016
0.1144232243756856,0.08502261773887065,Train,S2,T901402-2022,2016
0.2334416624708198,0.1778540221262392,Train,S2,T900801-2022,2016
0.295723423525416,0.21964569811798168,Train,S2,T900209-2017,2016
0.0031172888118863,0.01946951181132591,Train,S2,T901302-2017,2016
0.9970089730807578,0.7076138269145997,Train,S2,T900803-2020,2016
0.097323600973236,0.06286675808003891,Train,S2,T900602-2022,2016
0.0017609974289437,0.012752368281860825,Train,S2,T950610-2017,2016
0.1944444444444444,0.1430733703172799,Train,S2,T940306-2017,2016
0.1547845276773125,0.14091825913236625,Train,S2,T940705-2017,2016
0.0371036333019379,0.048063318769487474,Train,S2,T930204-2017,2016
0.2369082067858346,0.18103471859378767,Train,S2,T801906-2017,2016
0.0073637702503681,0.040921622019947396,Train,S2,T801903-2020,2016
0.0090939404043772,0.01864586949720715,Train,S2,T900603-2022,2016
0.0056220835441614,0.04956366769138947,Train,S2,T900902-2017,2016
0.0080237503008906,0.01891334071007214,Train,S2,T930703-2017,2016
0.0040086199151001,0.020271423892299797,Train,S2,T930802-2022,2016
0.0097971980013716,0.0167160308655001,Train,S2,T950112-2017,2016
0.0617665225447807,0.05278370225027893,Train,S2,T950607-2022,2016
0.1894338034098084,0.11502710779334235,Train,S2,T801003-2020,2016
0.0041114617274306,0.018270442061361435,Train,S2,T941103-2022,2016
0.051624449339207,0.05739445964062264,Train,S2,T930307-2017,2016
0.0936304539739439,0.09730290307910164,Train,S2,T930801-2022,2016
0.171664298579676,0.16345721166054944,Train,S2,T801606-2017,2016
0.2315112540192926,0.16858148369430143,Train,S2,T900504-2017,2016
0.0326436628295737,0.08419993580191122,Train,S2,T901303-2017,2016
0.0831584366213915,0.12872217419951476,Train,S2,T940804-2017,2016
0.2346858950375837,0.16421400000050737,Train,S2,T900307-2017,2016
0.0063212124085399,0.021909622130031975,Train,S2,T920118-2017,2016
0.0057557317495339,0.03159774470622201,Train,S2,T901510-2017,2016
1.0,0.6355400946940469,Train,S2,T900801-2020,2016
0.0356481237983368,0.0969079512130697,Train,S2,T960202-2017,2016
0.0306392105296753,0.03092767437255304,Train,S2,T920108-2017,2016
0.0108557988058621,0.03378165372403,Train,S2,T910401-2017,2016
0.020267976840784,0.019102582315484926,Train,S2,T801217-2022,2016
0.0,0.000194319396314408,Train,S2,T920801-2019,2016
0.0,0.04712532361458047,Train,S2,T941007-2017,2016
0.0,0.0042588449692488204,Train,S2,T950611-2017,2016
0.0,0.00805086927198986,Train,S2,T900607-2015,2016
0.0,0.028454495980848322,Train,S2,T960502-2017,2016
0.0,0.005185638303457431,Train,S2,T850402-2022,2016
0.0,0.022341656873976348,Train,S2,T960506-2015,2016
0.0,0.00015084181335066,Train,S2,T900603-2019,2016
0.0,0.04762419776566373,Train,S2,T850402-2017,2016
0.0,0.007846269427164324,Train,S2,T800809-2017,2016
0.0,0.09803921568627452,Train,S2,T901504-2019,2016
0.0,0.025993762988950012,Train,S2,T950604-2015,2016
0.0,0.1407443476586171,Train,S2,T901402-2015,2016
0.0,0.09335163937841358,Train,S2,T901506-2020,2016
0.0,0.001177178881646393,Train,S2,T920606-2020,2016
0.0,0.01163913773298099,Train,S2,T960205-2022,2016
0.0,0.0006960235316485209,Train,S2,T930602-2018,2016
0.0,0.04847050493593239,Train,S2,T960502-2018,2016
0.0,0.0021066588030261377,Train,S2,T920303-2015,2016
0.0,0.00097323600973236,Train,S2,T800406-2022,2016
0.0,0.010678255282924962,Train,S2,T940304-2022,2016
0.0,0.025275923650661784,Train,S2,T901508-2018,2016
0.0,0.000160475006017812,Train,S2,T950115-2015,2016
0.0,0.020155854476799656,Train,S2,T920303-2022,2016
0.0,0.004305496565242214,Train,S2,T910402-2022,2016
0.0,0.03541361181488395,Train,S2,T960103-2018,2016
0.0,0.002315112540192926,Train,S2,T920606-2017,2016
0.0,0.00155908249814669,Train,S2,T900303-2015,2016
0.0,0.017588850012797204,Train,S2,T961104-2022,2016
0.0,0.02759088991577522,Train,S2,T900901-2020,2016
0.0,0.02411222675052664,Train,S2,T960604-2019,2016
0.0,0.022079385565275923,Train,S2,T940603-2019,2016
0.0,1.077278578854e-05,Train,S2,T810118-2019,2016
0.0,0.0,Train,S2,T801901-2019,2016
0.0,0.013815887095873051,Train,S2,T910403-2019,2016
0.0,0.007368989920418753,Train,S2,T960510-2015,2016
0.0,0.011066369156056665,Train,S2,T960602-2017,2016
0.0,0.007529987910272909,Train,S2,T940208-2022,2016
0.0,0.003089430894308943,Train,S2,T920606-2019,2016
0.0,0.000206488914126422,Train,S2,T930114-2019,2016
0.0,0.01613783570837897,Train,S2,T950801-2018,2016
0.0,0.000337639334768085,Train,S2,T920803-2019,2016
0.0,0.014189726289972147,Train,S2,T950601-2020,2016
0.0,0.09189686417322462,Train,S2,T920502-2017,2016
0.0,0.0709429546850771,Train,S2,T900314-2022,2016
0.0,0.003954122732324563,Train,S2,T900105-2018,2016
0.0,0.027673080747500824,Train,S2,T930802-2020,2016
0.0,0.008057297518969475,Train,S2,T910404-2017,2016
0.0,0.028163196119445243,Train,S2,T950114-2019,2016
0.0,0.09704668751273302,Train,S2,T810118-2020,2016
0.0,0.010042707982175698,Train,S2,T801218-2022,2016
0.0,0.006944429478336407,Train,S2,T920703-2021,2016
0.0,0.008619613548140021,Train,S2,T920208-2015,2016
0.0,0.15083866620866085,Train,S2,T930701-2020,2016
0.0,0.0,Train,S2,T810105-2019,2016
0.0,0.001780293879780272,Train,S2,T900501-2019,2016
0.0,0.0017950328544112622,Train,S2,T930510-2018,2016
0.0,0.08888178712535051,Train,S2,T960305-2018,2016
0.0,0.007166994387374623,Train,S2,T910301-2022,2016
0.0,0.03863266351408441,Train,S2,T960805-2017,2016
0.0,0.03727560014899801,Train,S2,T910501-2022,2016
0.0,0.0048289466280845225,Train,S2,T960107-2015,2016
0.0,0.0072765251287751275,Train,S2,T940214-2019,2016
0.0,0.013627667986982112,Train,S2,T960507-2017,2016
0.0,0.002072128685146497,Train,S2,T920701-2017,2016
0.0,0.059522163565525164,Train,S2,T961303-2017,2016
0.0,0.026836153926653686,Train,S2,T930204-2022,2016
0.0,0.007094945900882206,Train,S2,T960602-2022,2016
0.0,0.007992416476621498,Train,S2,T940106-2022,2016
0.0,0.002270970235794356,Train,S2,T900502-2019,2016
0.0,0.0077480562378929585,Train,S2,T860114-2015,2016
0.0,0.04750255265656417,Train,S2,T901504-2022,2016
0.0,0.05820189854322873,Train,S2,T800612-2020,2016
0.0,0.11656527526212121,Train,S2,T920208-2021,2016
0.0,0.008162051454468801,Train,S2,T940603-2022,2016
0.0,0.03072220949273427,Train,S2,T940704-2018,2016
0.0,0.10191854266847399,Train,S2,T801905-2019,2016
0.0,0.014151076065689277,Train,S2,T900306-2019,2016
0.0,0.003935202449026442,Train,S2,T920308-2021,2016
0.0,0.006735330714803502,Train,S2,T810304-2019,2016
0.0,0.009754040456888711,Train,S2,T930203-2018,2016
0.0,0.0007324709359164159,Train,S2,T801901-2018,2016
0.0,0.00030936792145665903,Train,S2,T901604-2018,2016
0.0,0.0041788857582200625,Train,S2,T800709-2020,2016
0.0,0.01616087245415973,Train,S2,T950605-2022,2016
0.0,0.0016746436510212252,Train,S2,T950502-2022,2016
0.0,0.0026423899365245196,Train,S2,T800705-2022,2016
0.0,0.02456423752224392,Train,S2,T940502-2018,2016
0.0,0.0623349526185734,Train,S2,T960304-2017,2016
0.0,0.010971635006827256,Train,S2,T900208-2015,2016
0.0,0.01820247624253545,Train,S2,T901202-2018,2016
0.0,0.0,Train,S2,T920703-2020,2016
0.0,0.02469835741507536,Train,S2,T800809-2022,2016
0.0,0.001142642152043355,Train,S2,T800704-2019,2016
0.0,0.01524638139766466,Train,S2,T810302-2020,2016
0.0,0.04463757211820037,Train,S2,T940401-2022,2016
0.0,0.00986366956760558,Train,S2,T920602-2017,2016
0.0,0.008857147035700381,Train,S2,T850402-2020,2016
0.0,0.004150009246803049,Train,S2,T900402-2018,2016
0.0,0.02013825145086734,Train,S2,T810202-2020,2016
0.0,0.02386902542456854,Train,S2,T810303-2020,2016
0.0,0.03581895193651627,Train,S2,T920411-2020,2016
0.0,0.021175136224170908,Train,S2,T900901-2018,2016
0.0,0.009909892460856926,Train,S2,T930804-2020,2016
0.0,0.010060460094300543,Train,S2,T900305-2015,2016
0.0,0.000970875152101782,Train,S2,T920120-2022,2016
0.0,0.007204240365813481,Train,S2,T860208-2017,2016
0.0,0.017038142752331065,Train,S2,T950615-2020,2016
0.0,0.022590270008153876,Train,S2,T801905-2020,2016
0.0,0.0,Train,S2,T930806-2019,2016
0.0,0.10389706016641673,Train,S2,T802003-2015,2016
0.0,0.004626970116822801,Train,S2,T800505-2021,2016
0.0,0.02297597202998372,Train,S2,T960405-2020,2016
0.0,0.0058068649450500175,Train,S2,T960606-2022,2016
0.0,0.000128269262836546,Train,S2,T950507-2015,2016
0.0,0.00097323600973236,Train,S2,T800303-2019,2016
0.0,0.011262057995288524,Train,S2,T900801-2019,2016
0.0,0.025505244723824892,Train,S2,T900104-2022,2016
0.0,0.022848629919842933,Train,S2,T940202-2018,2016
0.0,0.006701042789481404,Train,S2,T900804-2015,2016
0.0,0.028298882763752,Train,S2,T901508-2020,2016
0.0,0.014803544038179912,Train,S2,T901506-2022,2016
0.0,0.015748709502660125,Train,S2,T810101-2017,2016
0.0,0.01210953927050814,Train,S2,T920307-2017,2016
0.0,0.03142851089743794,Train,S2,T920211-2021,2016
0.0,0.0013598137097929968,Train,S2,T920805-2019,2016
0.0,0.004927457273550691,Train,S2,T801301-2019,2016
0.0,0.1228215419374619,Train,S2,T961103-2017,2016
0.0,0.03825659953434428,Train,S2,T950609-2019,2016
0.0,0.03303733971391745,Train,S2,T940601-2018,2016
0.0,0.0072761569627505475,Train,S2,T801217-2021,2016
0.0,0.07040987900035414,Train,S2,T802003-2017,2016
0.0,0.002171335526152261,Train,S2,T901302-2018,2016
0.0,0.0029540164895541492,Train,S2,T920106-2022,2016
0.0,0.10073435515783506,Train,S2,T960509-2018,2016
0.0,0.02361953232801123,Train,S2,T941201-2017,2016
0.0,0.03018323797921267,Train,S2,T950605-2018,2016
0.0,0.01011762718665038,Train,S2,T920502-2020,2016
0.0,0.019752431769086337,Train,S2,T960805-2022,2016
0.0,0.009483046873097345,Train,S2,T800803-2020,2016
0.0,0.036444556416315985,Train,S2,T961105-2018,2016
0.0,0.0011163166496450131,Train,S2,T920701-2022,2016
0.0,0.007084903897188029,Train,S2,T910105-2021,2016
0.0,0.006458719776661174,Train,S2,T920413-2019,2016
0.0,0.022775029599915952,Train,S2,T800303-2017,2016
0.0,0.002593258432416973,Train,S2,T930201-2019,2016
0.0,0.012816371749923249,Train,S2,T961102-2017,2016
0.0,0.00982019066291563,Train,S2,T950611-2019,2016
0.0,0.011353449734334805,Train,S2,T941008-2017,2016
0.0,0.028876574028218322,Train,S2,T940602-2017,2016
0.0,0.021171630105673182,Train,S2,T940408-2015,2016
0.0,0.02253254072564995,Train,S2,T940916-2022,2016
0.0,0.031540918928436565,Train,S2,T801216-2018,2016
0.0,0.00403930059480438,Train,S2,T940202-2017,2016
0.0,0.0039024732224495757,Train,S2,T860114-2018,2016
0.0,0.001938119856169696,Train,S2,T800504-2018,2016
0.0,0.010463394991997325,Train,S2,T801803-2022,2016
0.0,0.017582940022253347,Train,S2,T900207-2015,2016
0.0,0.016601373753662888,Train,S2,T930504-2020,2016
0.0,0.0035187236469852224,Train,S2,T900312-2018,2016
0.0,0.001929988020764009,Train,S2,T920302-2020,2016
0.0,0.008291507186329294,Train,S2,T930112-2019,2016
0.0,0.010940109291347287,Train,S2,T910402-2019,2016
0.0,0.02057507696107283,Train,S2,T941006-2018,2016
0.0,0.009162892362045897,Train,S2,T941103-2019,2016
0.0,0.0030516447396017853,Train,S2,T900302-2018,2016
0.0,0.02351917094543921,Train,S2,T901511-2022,2016
0.0,0.00194647201946472,Train,S2,T801701-2017,2016
0.0,0.004634778510389034,Train,S2,T950112-2022,2016
0.0,0.03980169396506481,Train,S2,T950601-2022,2016
0.0,0.003607228998583503,Train,S2,T800108-2017,2016
0.0,0.03133618806014701,Train,S2,T800709-2017,2016
0.0,8.832725834012701e-05,Train,S2,T900201-2019,2016
0.0,0.005887539968442339,Train,S2,T940302-2018,2016
0.0,0.01466870462560367,Train,S2,T801903-2018,2016
0.0,0.006565245024670871,Train,S2,T950109-2017,2016
0.0,0.008689822683132094,Train,S2,T950104-2017,2016
0.0,0.011054114127452669,Train,S2,T802002-2018,2016
0.0,0.027817910262648047,Train,S2,T800804-2021,2016
0.0,0.005195054799568888,Train,S2,T920805-2022,2016
0.0,0.0059146103941193125,Train,S2,T960208-2019,2016
0.0,0.002519393447931524,Train,S2,T960305-2015,2016
0.0,0.000510789820720985,Train,S2,T810304-2017,2016
0.0,0.05779483498097792,Train,S2,T960604-2018,2016
0.0,0.010141636460011238,Train,S2,T810304-2022,2016
0.0,0.02351468648600992,Train,S2,T960401-2022,2016
0.0,0.0025092471083575717,Train,S2,T940207-2015,2016
0.0,0.01932789086457901,Train,S2,T900211-2018,2016
0.0,0.07393021314829892,Train,S2,T941002-2017,2016
0.0,0.002141326733018669,Train,S2,T930307-2019,2016
0.0,0.038932544596782984,Train,S2,T910501-2019,2016
0.0,0.03328499515002799,Train,S2,T900604-2017,2016
0.0,0.000692079198079458,Train,S2,T800710-2019,2016
0.0,0.02676564685621826,Train,S2,T960104-2020,2016
0.0,0.0,Train,S2,T920701-2018,2016
0.0,0.012768792437028912,Train,S2,T960801-2022,2016
0.0,0.009486309290456971,Train,S2,T900902-2015,2016
0.0,0.003112361524696986,Train,S2,T960104-2019,2016
0.0,0.00808152804710261,Train,S2,T850403-2021,2016
0.0,0.029879860526893464,Train,S2,T800406-2018,2016
0.0,0.0043694382195496925,Train,S2,T900909-2015,2016
0.0,0.01869517307276622,Train,S2,T901202-2015,2016
0.0,0.03344393285384754,Train,S2,T960406-2017,2016
0.0,0.012205145038831937,Train,S2,T800809-2015,2016
0.0,0.00017793018033017402,Train,S2,T920610-2022,2016
0.0,0.003868102092156473,Train,S2,T901503-2018,2016
0.0,0.02,Train,S2,T800505-2018,2016
0.0,0.025398779583431386,Train,S2,T801904-2020,2016
0.0,0.00896129933882835,Train,S2,T930607-2019,2016
0.0,0.015657128931776957,Train,S2,T950112-2015,2016
0.0,0.019579008636684717,Train,S2,T900314-2015,2016
0.0,0.08516609048880577,Train,S2,T961303-2022,2016
0.0,0.021749954777961697,Train,S2,T930205-2020,2016
0.0,0.019623136857457042,Train,S2,T950602-2020,2016
0.0,0.012881279575983187,Train,S2,T931103-2019,2016
0.0,0.015258330724686684,Train,S2,T960403-2020,2016
0.0,0.006690329103033993,Train,S2,T900903-2019,2016
0.0,0.02890046817885045,Train,S2,T920501-2018,2016
0.0,0.12803649739873518,Train,S2,T940706-2017,2016
0.0,0.015767947576220732,Train,S2,T901303-2018,2016
0.0,0.01812230002186418,Train,S2,T940507-2019,2016
0.0,0.011067037900281754,Train,S2,T901602-2019,2016
0.0,6.833010328387901e-05,Train,S2,T930806-2015,2016
0.0,0.0066740515865208695,Train,S2,T900604-2018,2016
0.0,0.012358332460649333,Train,S2,T900603-2018,2016
0.0,0.024222072764781995,Train,S2,T960502-2019,2016
0.0,0.006175768015378269,Train,S2,T920805-2015,2016
0.0,0.0067096147363426084,Train,S2,T841712-2017,2016
0.0,0.000270342000677611,Train,S2,T901403-2018,2016
0.0,0.003933910306845004,Train,S2,T860709-2019,2016
0.0,0.012215067584081469,Train,S2,T950106-2017,2016
0.0,0.022409948659397244,Train,S2,T941101-2017,2016
0.0,0.003554979196730403,Train,S2,T930516-2015,2016
0.0,0.056045109595131024,Train,S2,T960405-2019,2016
0.0,0.01259930985628169,Train,S2,T901113-2015,2016
0.0,0.00018147225819069,Train,S2,T910302-2019,2016
0.0,0.000742403782516053,Train,S2,T950611-2020,2016
0.0,0.027950659523912444,Train,S2,T802001-2017,2016
0.0,0.019271720896117204,Train,S2,T960202-2019,2016
0.0,0.01442754980397189,Train,S2,T960404-2022,2016
0.0,0.024728069276362098,Train,S2,T940917-2022,2016
0.0,0.00863312687108232,Train,S2,T920120-2021,2016
0.0,0.004935841082696373,Train,S2,T900310-2015,2016
0.0,0.004014142012590295,Train,S2,T920608-2015,2016
0.0,0.03757610189293397,Train,S2,T960406-2015,2016
0.0,0.01669901667272658,Train,S2,T800710-2022,2016
0.0,0.011796897836119454,Train,S2,T901108-2020,2016
0.0,0.07914583265003258,Train,S2,T960202-2018,2016
0.0,0.029563819325467745,Train,S2,T900314-2018,2016
0.0,0.001185061815612603,Train,S2,T800203-2018,2016
0.0,0.03506006943449366,Train,S2,T930112-2022,2016
0.0,0.06643018821178534,Train,S2,T910403-2018,2016
0.0,0.014355379376015347,Train,S2,T801306-2022,2016
0.0,0.002041249681004777,Train,S2,T920701-2015,2016
0.0,0.0,Train,S2,T910203-2018,2016
0.0,0.0055616430686620455,Train,S2,T910301-2018,2016
0.0,0.028176032579117178,Train,S2,T901501-2018,2016
0.0,0.06117730848156878,Train,S2,T950610-2018,2016
0.0,0.02005490709480322,Train,S2,T930203-2022,2016
0.0,0.000226284209257249,Train,S2,T900604-2015,2016
0.0,9.797198001371601e-05,Train,S2,T801103-2019,2016
0.0,0.000214232458575541,Train,S2,T930112-2018,2016
0.0,0.01511490251313499,Train,S2,T800406-2020,2016
0.0,0.022706482739270673,Train,S2,T801103-2017,2016
0.0,0.00637608791503373,Train,S2,T860302-2019,2016
0.0,0.0009179124049305009,Train,S2,T801904-2022,2016
0.0,0.052937198914137056,Train,S2,T941011-2019,2016
0.0,0.03649593889447438,Train,S2,T800409-2017,2016
0.0,0.019228638917565443,Train,S2,T900909-2017,2016
0.0,0.029182728123199508,Train,S2,T900609-2019,2016
0.0,0.003995248992144166,Train,S2,T801103-2020,2016
0.0,0.013087433360148339,Train,S2,T801401-2015,2016
0.0,0.0026733380934671792,Train,S2,T841103-2021,2016
0.0,0.0669789522798892,Train,S2,T961302-2022,2016
0.0,0.00044014889765807896,Train,S2,T920104-2022,2016
0.0,0.008015005918964422,Train,S2,T940203-2019,2016
0.0,0.026813792540506847,Train,S2,T900804-2022,2016
0.0,0.0225447216099411,Train,S2,T950104-2022,2016
0.0,0.05682852646231663,Train,S2,T940901-2022,2016
0.0,0.02170936610866706,Train,S2,T940205-2022,2016
0.0,0.021538522278551676,Train,S2,T901501-2019,2016
0.0,0.03616073667429384,Val,S2,T941011-2018,2016
0.0,0.01765236603049641,Val,S2,T950504-2018,2016
0.0,0.022448555126028825,Val,S2,T800407-2017,2016
0.0,0.0016302038368926188,Val,S2,T900403-2019,2016
0.0,0.08776256538600348,Val,S2,T960305-2022,2016
0.0,0.087827348003379,Val,S2,T940908-2022,2016
0.0,0.006376334260356187,Val,S2,T940602-2022,2016
0.0,0.12309141783063039,Val,S2,T930114-2021,2016
0.0,0.000843089623099422,Val,S2,T940204-2018,2016
0.0,0.007215412986052224,Val,S2,T950611-2022,2016
0.0,0.08234544820146084,Val,S2,T800114-2020,2016
0.0,0.00039752756377537903,Val,S2,T910104-2019,2016
0.0,0.05517602491184967,Val,S2,T901107-2018,2016
0.0,0.014353410886702207,Val,S2,T800807-2020,2016
0.0,0.08431546653025343,Val,S2,T940501-2022,2016
0.0,0.022469724749108043,Val,S2,T960204-2019,2016
0.0,0.03387521331498022,Val,S2,T910702-2019,2016
0.0,0.0022525055379203607,Val,S2,T801306-2019,2016
0.0,0.018065605412352775,Val,S2,T910506-2015,2016
0.0,0.019577023318884116,Val,S2,T930509-2019,2016
0.0,0.02604067311454845,Val,S2,T930516-2022,2016
0.0,0.005991619432475425,Val,S2,T920805-2020,2016
0.0,0.001461405453967361,Val,S2,T900607-2022,2016
0.0,0.006961031231509746,Val,S2,T960801-2015,2016
0.5652378709373528,0.14027290494861414,Val,S2,T940701-2017,2016
0.0,0.07003938992865867,Val,S2,T910605-2018,2016
0.0,0.039210564704663484,Val,S2,T920608-2017,2016
0.0,0.048257707999928234,Val,S2,T950110-2018,2016
0.0,0.04752426566179604,Val,S2,T920105-2017,2016
0.0,0.022305991903486092,Val,S2,T820201-2018,2016
0.0,0.0017347071720247081,Val,S2,T900209-2019,2016
0.0,0.000829982336544325,Val,S2,T920108-2019,2016
0.0,0.020142779682600313,Val,S2,T900310-2018,2016
0.0,0.009161552638905623,Val,S2,T950612-2019,2016
0.0,0.07974451813032443,Val,S2,T940907-2018,2016
0.3229796483529609,0.05406149608960055,Val,S2,T930602-2017,2016
0.0,0.032336944613522205,Val,S2,T920303-2020,2016
0.0,0.00072716483737789,Val,S2,T950609-2022,2016
0.0,0.00180192666355615,Val,S2,T930701-2018,2016
0.0,0.02965488352898826,Val,S2,T930202-2022,2016
0.0,0.008998609859321705,Val,S2,T801105-2020,2016
0.0,0.023996126631359246,Val,S2,T950114-2022,2016
0.0,0.09165484318191691,Val,S2,T900909-2019,2016
0.0,0.021533517196570075,Val,S2,T910402-2015,2016
0.0,0.010515739905678749,Val,S2,T941008-2019,2016
0.0,0.006413035317130602,Val,S2,T930804-2018,2016
0.0,0.04709310297659583,Val,S2,T950501-2019,2016
0.0,0.008697878947340339,Val,S2,T950614-2022,2016
0.0,0.006836153740702704,Val,S2,T901404-2015,2016
0.0178910572238584,0.021428793590989596,Val,S2,T800612-2022,2016
0.2050710636431526,0.12575354723419008,Val,S2,T940910-2017,2016
0.0,0.000267226794627858,Val,S2,T920602-2019,2016
0.0,0.12014197596855648,Val,S2,T800403-2017,2016
0.0,0.006556637435945832,Val,S2,T910302-2020,2016
0.0,0.034857493837907684,Val,S2,T900402-2017,2016
0.0,0.041710934508087105,Val,S2,T860304-2019,2016
0.0,0.0020959079222740967,Val,S2,T900607-2018,2016
0.0096659172597482,0.018622258851238013,Val,S2,T930607-2022,2016
0.0,0.006430264962906663,Val,S2,T920610-2020,2016
0.0185825601098575,0.04507130688337619,Val,S2,T802004-2017,2016
0.0,0.06957124827592508,Val,S2,T920605-2020,2016
0.0,0.06798167664257052,Val,S2,T900209-2020,2016
0.0,0.01913664046302953,Val,S2,T950603-2022,2016
0.0,0.02454869815924322,Val,S2,T941010-2018,2016
0.0,0.0067451026039084035,Val,S2,T800407-2022,2016
0.0,0.01426345813151107,Val,S2,T800807-2018,2016
0.0,0.006331219183244311,Val,S2,T920803-2015,2016
0.9208103130755064,0.01824950336222317,Val,S2,T920120-2017,2016
0.0271952841907197,0.05074342389542548,Val,S2,T901404-2017,2016
0.0,0.022505008681989153,Val,S2,T930601-2015,2016
0.667779632721202,0.040902968430223056,Val,S2,T901107-2022,2016
0.0,0.15175665829620713,Val,S2,T940907-2022,2016
0.0,0.025921993738469234,Val,S2,T910201-2020,2016
0.0,0.21860469383335668,Val,S2,T941101-2018,2016
0.0,0.018268565170707782,Val,S2,T910505-2022,2016
0.0,0.01694241837867221,Val,S2,T910503-2018,2016
0.0,0.013809545728501732,Val,S2,T901108-2018,2016
0.0,0.01436081711087221,Val,S2,T800113-2019,2016
0.0,0.045945305433088245,Val,S2,T900301-2015,2016
0.0,0.03650195383567284,Val,S2,T900305-2019,2016
0.014037111086662,0.17723982957136372,Val,S2,T930505-2017,2016
0.0,0.0533338113078426,Val,S2,T950614-2020,2016
0.0,0.033300964092116137,Val,S2,T801607-2022,2016
0.0,0.05883877846959882,Val,S2,T800116-2019,2016
0.0,0.1353669449719602,Val,S2,T960502-2022,2016
0.0,0.10397215827739871,Val,S2,T940804-2018,2016
0.1458861346355937,0.05626316819257192,Val,S2,T930203-2017,2016
0.0,0.000140631323733835,Val,S2,T920616-2020,2016
0.0,0.015181043276763421,Val,S2,T900311-2015,2016
0.0,0.020119618213961025,Val,S2,T940111-2018,2016
0.0,0.01443840351012551,Val,S2,T950109-2019,2016
0.0,0.03775703154089278,Val,S2,T950114-2017,2016
0.0,0.02990952248908407,Val,S2,T910106-2020,2016
0.0391523906929174,0.09962699223241137,Val,S2,T801305-2017,2016
0.073820337502982,0.020530380749948996,Val,S2,T901112-2022,2016
0.0,0.06457867256754272,Val,S2,T800705-2019,2016
0.0,0.00033500837520938,Val,S2,T920118-2018,2016
0.0,0.04775827330230117,Val,S2,T920118-2020,2016
0.0,0.11471736704538552,Val,S2,T960201-2018,2016
0.0,0.1359532236469376,Val,S2,T910403-2017,2016
0.0,0.031498807763952634,Val,S2,T860304-2022,2016
0.0,0.019947899339228647,Val,S2,T900204-2015,2016
0.0,0.4041836250844677,Val,S2,T940602-2019,2016
0.0,0.1435944786692614,Val,S2,T900803-2018,2016
0.180379746835443,0.1282809759266435,Val,S2,T801901-2017,2016
0.0,0.05563268916929439,Val,S2,T801103-2022,2016
0.0,0.03585421200906921,Val,S2,T940910-2022,2016
0.0,0.08155630785283531,Val,S2,T940106-2019,2016
0.0,0.023250922550841203,Val,S2,T940111-2019,2016
0.0,0.12371275668676165,Val,S2,T940909-2015,2016
0.0,0.05750912661609595,Val,S2,T960302-2019,2016
0.0,0.019656227892884886,Val,S2,T800807-2015,2016
0.0,0.008376236845279609,Val,S2,T930501-2022,2016
0.0,0.006362525178943914,Val,S2,T920303-2019,2016
0.0,0.05726656485232986,Val,S2,T800810-2019,2016
0.0,0.0017590992486286531,Val,S2,T910112-2015,2016
0.0141279310986165,0.04623787933639812,Val,S2,T930606-2022,2016
0.0,0.02714124012554792,Val,S2,T801215-2015,2016
0.0,0.09671986061208679,Val,S2,T940804-2020,2016
0.0,0.015075989274982356,Val,S2,T800203-2017,2016
0.0,0.04782113949007596,Val,S2,T900205-2018,2016
0.0,0.00507767976840784,Val,S2,T920108-2022,2016
0.0,0.008603090900643495,Val,S2,T802004-2019,2016
0.0,0.0305482793574804,Val,S2,T910502-2018,2016
0.0,0.06073178622967539,Val,S2,T920803-2021,2016
0.0,0.14914586566879146,Val,S2,T901108-2019,2016
0.0,0.00809638069324285,Val,S2,T860201-2015,2016
0.0,0.002656162192183732,Val,S2,T930203-2019,2016
0.0,0.02519361024382164,Val,S2,T800905-2020,2016
0.0,0.056902040124151905,Val,S2,T801215-2022,2016
0.0,0.003879523070795342,Val,S2,T950118-2022,2016
0.0,0.011381578122112457,Val,S2,T941004-2018,2016
0.0,0.051469844312706875,Val,S2,T901508-2015,2016
0.0,0.005672691118905853,Val,S2,T910301-2019,2016
0.0,0.03535051453207815,Val,S2,T920208-2017,2016
0.0,0.021375255143492426,Val,S2,T801304-2019,2016
0.0,0.1376709790037234,Val,S2,T841103-2017,2016
0.0,0.15751587375335666,Val,S2,T960606-2018,2016
0.0,0.000167586241615914,Val,S2,T920607-2021,2016
0.0,0.0014480603615833587,Val,S2,T930703-2019,2016
0.0,0.003169164173685118,Val,S2,T901603-2015,2016
0.0,0.014085448125391989,Val,S2,T901404-2018,2016
0.0899340930750748,0.08584306635865041,Val,S2,T900706-2022,2016
0.0,0.016887499815537395,Val,S2,T960104-2017,2016
0.0,0.005806874126355983,Val,S2,T941006-2017,2016
0.0,0.04603079965511937,Val,S2,T950102-2019,2016
0.0,0.0237655566516801,Val,S2,T920502-2022,2016
0.0,0.03607697025784693,Val,S2,T800810-2021,2016
0.0,0.017448757413951,Val,S2,T960201-2022,2016
0.0,0.02842559535355065,Val,S2,T900406-2017,2016
0.0,0.03853081583801714,Val,S2,T900401-2015,2016
0.0,0.027847741664935786,Val,S2,T800407-2018,2016
0.0,0.02706890849579052,Val,S2,T901302-2020,2016
0.0,0.08215738611174697,Val,S2,T910503-2020,2016
0.0,0.0137862679020553,Val,S2,T800203-2015,2016
0.0,0.04198371419794375,Val,S2,T960603-2022,2016
0.0,0.09211368121067492,Val,S2,T940902-2019,2016
0.0,0.03689341861410397,Val,S2,T901506-2018,2016
0.0,0.12864871236475492,Val,S2,T900205-2022,2016
0.0,0.002111198461715408,Val,S2,T800405-2022,2016
0.117944397641112,0.16718976897236182,Val,S2,T930111-2017,2016
0.0,0.01418935374321393,Val,S2,T940511-2018,2016
0.0,0.014435596132091088,Val,S2,T930601-2019,2016
0.0,0.07822317641497795,Val,S2,T901602-2020,2016
0.0,0.0680723766316796,Val,S2,T960302-2017,2016
0.0,0.03179715813777592,Val,S2,T901511-2018,2016
0.0,0.03899140525217473,Val,S2,T900205-2015,2016
0.0,0.15191460999391668,Val,S2,T820201-2020,2016
0.0,0.036530916339222334,Val,S2,T801401-2022,2016
0.0,0.20535768204555804,Val,S2,T940603-2020,2016
0.0,0.034945321204688524,Val,S2,T950804-2017,2016
0.0,0.020735294011349117,Val,S2,T900301-2018,2016
0.0,0.02108141123513032,Val,S2,T900211-2020,2016
0.0,0.04349651404039391,Val,S2,T900401-2018,2016
0.0,0.23873859260634767,Val,S2,T920610-2018,2016
0.0,0.03110769244794552,Val,S2,T940911-2019,2016
0.0852902185098315,0.07540237294078157,Val,S2,T900501-2017,2016
0.0,0.003874499091620245,Val,S2,T901112-2018,2016
0.0,0.020269640383094173,Val,S2,T930601-2018,2016
0.0,0.0036290392246043192,Val,S2,T800709-2022,2016
0.0,0.010656411235247153,Val,S2,T800809-2018,2016
0.0584615384615384,0.035064935603032754,Val,S2,T961303-2015,2016
0.0,0.05023777737965217,Val,S2,T950609-2018,2016
0.0,0.003042914634830593,Val,S2,T920806-2015,2016
0.0,0.0070633507168373225,Val,S2,T800804-2018,2016
0.0,0.0055544205571897345,Val,S2,T940203-2018,2016
0.0,0.05583918978921288,Val,S2,T800710-2018,2016
0.0,0.004526092739375751,Val,S2,T920801-2015,2016
0.0,0.10337268672941136,Val,S2,T960304-2019,2016
0.0,0.001867864199266561,Val,S2,T800804-2019,2016
0.0,0.02232939205231159,Val,S2,T940213-2022,2016
0.0,0.043803444867624525,Val,S2,T850402-2019,2016
0.0,0.01144053319523439,Val,S2,T920608-2022,2016
0.0,0.01712563886098975,Val,S2,T930802-2019,2016
0.0,0.15058664602071153,Val,S2,T930501-2020,2016
0.0,0.010325698756911536,Val,S2,T800405-2021,2016
0.0,0.05257277571330575,Val,S2,T901503-2015,2016
0.0,0.08303295924590447,Val,S2,T961105-2022,2016
0.0,0.05521115741201091,Val,S2,T910502-2019,2016
0.0,0.137237864154758,Val,S2,T940408-2019,2016
0.0,0.020825924470004267,Val,S2,T900804-2019,2016
0.0,0.045630847622094725,Val,S2,T900507-2019,2016
0.0515834269818168,0.1739228400849792,Val,S2,T910502-2022,2016
0.0,0.04690238679250045,Val,S2,T940111-2022,2016
0.0,0.32329418859503684,Val,S2,T950615-2018,2016
0.0,0.0075319990923026665,Val,S2,T801901-2022,2016
0.0,0.02478169466129211,Val,S2,T801902-2022,2016
0.0,0.10952207154209201,Val,S2,T960207-2018,2016
0.0,0.012125545185960712,Val,S2,T940302-2019,2016
0.1221495203491764,0.10520981164531984,Val,S2,T930516-2017,2016
0.0,0.01851257801220849,Val,S2,T900507-2015,2016
0.0,0.03582296598219293,Val,S2,T910402-2020,2016
0.0379246348745259,0.02649969865269592,Val,S2,T941010-2017,2016
0.0,0.08336911059501059,Val,S2,T901302-2022,2016
0.0,0.09583462262124927,Val,S2,T920210-2018,2016
0.0,0.014767173020015532,Val,S2,T900104-2018,2016
0.0,0.11347111507401182,Val,S2,T802103-2017,2016
0.0,0.015145380444583752,Val,S2,T950115-2018,2016
0.0,0.08285719505979935,Val,S2,T801306-2020,2016
0.0,0.045210742271472745,Val,S2,T800114-2022,2016
0.0,0.007812501851812956,Val,S2,T800405-2020,2016
0.0,0.025034560448401334,Val,S2,T901113-2018,2016
0.0,0.013973653854151186,Val,S2,T920616-2018,2016
0.0,0.02187348378832659,Val,S2,T920308-2020,2016
0.0,0.0487305989478503,Val,S2,T900202-2018,2016
0.0565908080358947,0.007190706853879507,Val,S2,T930403-2022,2016
0.0,0.014827289168923528,Val,S2,T800503-2018,2016
0.0,0.02596174655070903,Val,S2,T910501-2018,2016
0.0,0.019074512195794667,Val,S2,T800612-2015,2016
0.0,0.028911694593753087,Val,S2,T920115-2017,2016
0.0,0.001175002184601644,Val,S2,T801905-2022,2016
0.0,0.00502555366080966,Val,S2,T940215-2019,2016
0.0290418137580752,0.06264223148526188,Val,S2,T800703-2017,2016
0.0,0.020909133207498907,Val,S2,T900208-2019,2016
0.0,0.007235990896061765,Val,S2,T920607-2022,2016
0.0,0.0196404190504322,Val,S2,T961104-2015,2016
0.0363919412067972,0.15024928274305333,Val,S2,T801904-2017,2016
0.0,0.023837860855611653,Val,S2,T910203-2020,2016
0.0,0.014772131044784767,Val,S2,T920801-2018,2016
0.0,0.02263574874241585,Val,S2,T901506-2015,2016
0.4086538461538461,0.07354183863381589,Val,S2,T941003-2017,2016
0.0,0.030198017488407666,Val,S2,T950615-2019,2016
0.0,0.03921213884342154,Val,S2,T801304-2020,2016
0.0,0.08504584706339031,Val,S2,T802004-2020,2016
0.0,0.045179285081978174,Val,S2,T940705-2018,2016
0.0,0.0016510406489451662,Val,S2,T801704-2020,2016
0.0,0.0,Val,S2,T910202-2019,2016
0.0,0.003914029833092324,Val,S2,T950104-2015,2016
0.0,0.029268856112203315,Val,S2,T910503-2019,2016
0.0,0.010435770334910072,Val,S2,T920118-2015,2016
0.0,0.008369417590397553,Val,S2,T920308-2022,2016
0.0,0.06923747969416176,Val,S2,T960401-2018,2016
0.0,0.044851042860451315,Val,S2,T900310-2019,2016
0.97757331799885,0.05929021808690957,Val,S2,T920209-2017,2016
0.0,0.09787040363129224,Val,S2,T810303-2018,2016
0.0,0.31536532413169555,Val,S2,T950616-2020,2016
0.0,0.05734180855754818,Val,S2,T801405-2019,2016
0.0,0.027827355407321352,Val,S2,T841103-2022,2016
0.0,0.041506131204588674,Val,S2,T900602-2015,2016
0.0,0.012500971289856094,Val,S2,T800709-2015,2016
0.0,0.030917672864117236,Val,S2,T930307-2020,2016
0.0,0.0006960556844547559,Val,S2,T900402-2019,2016
0.0,0.05470698514956298,Val,S2,T950116-2018,2016
0.0,0.022897767284325396,Val,S2,T910504-2018,2016
0.0,0.020286227809648824,Val,S2,T900804-2018,2016
0.0,0.020669262097505282,Val,S2,T801215-2018,2016
0.0,0.04270422219655164,Val,S2,T930111-2022,2016
0.0,0.015614988402276932,Val,S2,T940205-2019,2016
0.0,0.08111761113370695,Val,S2,T960305-2017,2016
0.0,0.014863743714230543,Val,S2,T800121-2019,2016
0.0,0.08667547950220439,Val,S2,T940801-2019,2016
0.0239848938777468,0.049620286871336926,Val,S2,T960208-2017,2016
0.0084892526062005,0.10677597807729296,Val,S2,T930510-2017,2016
0.0,0.01957115926468266,Val,S2,T950103-2018,2016
0.0,0.09605773949799117,Val,S2,T800108-2019,2016
0.0,0.03200339687298497,Val,S2,T940401-2018,2016
0.0,0.02723726887119658,Val,S2,T800703-2018,2016
0.0,0.009758159120614314,Val,S2,T801304-2018,2016
0.0,0.1107607739147432,Val,S2,T940203-2022,2016
0.0,0.047496979481948386,Val,S2,T800810-2022,2016
0.0,0.0605367541057038,Val,S2,T901501-2015,2016
0.0,0.011152493865393577,Val,S2,T940304-2019,2016
0.0,0.08805556350226133,Val,S2,T900706-2020,2016
0.2979274611398964,0.1293100599017222,Val,S2,T940401-2017,2016
0.0,0.0020456870098874867,Val,S2,T920607-2019,2016
0.0,0.14240349899604468,Val,S2,T960301-2018,2016
0.0,0.03353339065022592,Val,S2,T900301-2022,2016
0.0,0.03735365139431951,Val,S2,T930205-2022,2016
0.0,0.005159750186198633,Val,S2,T930802-2018,2016
0.0079611170876192,0.2681645668963715,Val,S2,T901506-2017,2016
0.0,0.13315834353723846,Val,S2,T960205-2019,2016
0.0,0.13344751730464322,Val,S2,T940201-2017,2016
0.8684314197162868,0.15167836636263923,Val,S2,T900803-2017,2016
0.0,0.10939729836633193,Val,S2,T900310-2017,2016
0.0,0.011273583607783402,Val,S2,T810302-2022,2016
0.0,0.04222466215540002,Val,S2,T930505-2015,2016
0.0,0.050254354200910276,Val,S2,T940706-2019,2016
0.0,0.023769382404149386,Val,S2,T930509-2018,2016
0.0,0.03630966596429575,Val,S2,T801408-2015,2016
0.0,0.13227964328995095,Val,S2,T950606-2019,2016
0.0,0.08643639552113631,Val,S2,T900105-2022,2016
0.0,0.12351352745497474,Val,S2,T960704-2019,2016
0.0,0.017288806422718565,Val,S2,T850403-2018,2016
0.0,0.04546509200838088,Val,S2,T910602-2015,2016
0.0,7.8029748841745e-05,Val,S2,T930801-2019,2016
0.0,0.03661966849327585,Val,S2,T900903-2015,2016
0.0,0.02746168075428027,Val,S2,T950116-2019,2016
0.0287976961843052,0.09469170331187829,Val,S2,T800501-2017,2016
0.0,0.012914527325700134,Val,S2,T900502-2022,2016
0.0,0.03256127961917354,Val,S2,T930513-2015,2016
0.0,0.006880843129466382,Val,S2,T920607-2020,2016
0.0,0.010853695434288817,Val,S2,T810304-2018,2016
0.0,0.015064721645106017,Val,S2,T800501-2018,2016
0.0,0.013617615563167491,Val,S2,T900206-2015,2016
0.0,0.01234273770580317,Val,S2,T920607-2018,2016
0.0,0.01693179357594331,Val,S2,T960201-2015,2016
0.0,0.017975996370551355,Val,S2,T860204-2017,2016
0.0,0.001944444444444444,Val,S2,T910203-2019,2016
0.0,0.06556312570835876,Val,S2,T901402-2019,2016
0.0,0.19887205488250015,Val,S2,T901403-2020,2016
0.0,0.002040434974380988,Val,S2,T900307-2015,2016
0.0,0.000362191630111132,Val,S2,T910302-2022,2016
0.0,0.07486169424571737,Val,S2,T940917-2019,2016
0.0,0.011617648876091737,Val,S2,T930504-2019,2016
0.0647654118791972,0.11019178163282722,Val,S2,T930509-2017,2016
0.0,0.05026793295941062,Val,S2,T860201-2018,2016
0.3469442220443021,0.12241580015066862,Val,S2,T940703-2017,2016
0.0,0.033490570858047276,Val,S2,T901604-2015,2016
0.0,0.24584924444723946,Val,S2,T941001-2022,2016
0.0,0.08847087672231665,Val,S2,T910506-2020,2016
0.0,0.007294247543417961,Val,S2,T920411-2019,2016
0.0,0.02279353019989795,Val,S2,T901007-2017,2016
0.0,0.013282868846239549,Val,S2,T801803-2017,2016
0.0,0.000461975737063151,Val,S2,T920801-2022,2016
0.0,0.043137688748149404,Val,S2,T900609-2018,2016
0.0,0.20583809401751726,Val,S2,T940902-2018,2016
0.0,0.020293983612035785,Val,S2,T802003-2022,2016
0.0117160281431328,0.02287695602577835,Val,S2,T910203-2017,2016
0.0,0.04183521124385869,Val,S2,T810303-2019,2016
0.0,0.0640196974273572,Val,S2,T801305-2020,2016
0.0251106592286596,0.029676009370805816,Val,S2,T920104-2017,2016
0.0,0.05753856817994846,Val,S2,T850403-2019,2016
0.344443102970733,0.03836682818741596,Val,S2,T901501-2017,2016
0.0,0.12051915208108355,Val,S2,T800703-2020,2016
0.0,0.03345309329869283,Val,S2,T940604-2019,2016
0.0,0.011192496414210456,Val,S2,T900403-2022,2016
0.3453832771230599,0.16484255713487933,Val,S2,T801217-2017,2016
0.0,0.012154585442242355,Val,S2,T900204-2019,2016
0.8877882944521518,0.08756890888160493,Val,S2,T900706-2017,2016
0.0,0.053047507713101176,Val,S2,T910104-2015,2016
0.0,0.047707728369383647,Val,S2,T930802-2015,2016
0.0,0.09930696354767106,Val,S2,T960207-2015,2016
0.0,0.07110987013193865,Val,S2,T900206-2019,2016
0.0,0.026639383826091666,Val,S2,T800710-2020,2016
0.0,0.023304178904113754,Val,S2,T901114-2018,2016
0.0,0.006924923562742587,Val,S2,T920303-2018,2016
0.0,0.05398091912055327,Val,S2,T800807-2022,2016
0.0,0.12714801225437944,Val,S2,T960404-2020,2016
0.0699664519832798,0.0713556895854498,Val,S2,T940710-2017,2016
0.0,0.05250264430902903,Val,S2,T860204-2021,2016
0.0,0.015400339602548805,Val,S2,T950109-2018,2016
0.0,0.02582169262565541,Val,S2,T940507-2022,2016
0.0525477707006369,0.06478011082071669,Val,S2,T960203-2019,2016
0.0,0.05286637881952583,Val,S2,T930114-2020,2016
0.0,0.08272808448173544,Val,S2,T931101-2017,2016
0.0,0.15292862314363245,Val,S2,T800801-2019,2016
0.0,0.03720309578619455,Val,S2,T940201-2019,2016
0.0,0.005483961879868156,Val,S2,T920308-2015,2016
0.0,0.023073940068080948,Val,S2,T940113-2015,2016
0.0,0.0187814126435599,Val,S2,T910601-2015,2016
0.0,0.04810566887325483,Val,S2,T860204-2018,2016
0.0,0.01071182104730606,Val,S2,T910202-2018,2016
0.0,0.04682771135884178,Val,S2,T900604-2020,2016
0.0,0.051965124781794485,Val,S2,T800801-2022,2016
0.0,0.011029456845173974,Val,S2,T800504-2019,2016
0.0,0.1212539119818155,Val,S2,T930605-2022,2016
0.0,0.015552353381937872,Val,S2,T931101-2019,2016
0.0,0.05831290799441938,Val,S2,T940306-2018,2016
0.0,0.059052983852987524,Val,S2,T900303-2022,2016
0.0,0.010256861632361707,Val,S2,T920502-2018,2016
0.0,0.1116773603898681,Val,S2,T941005-2019,2016
0.0,0.010837102270387238,Val,S2,T930202-2018,2016
0.0,0.04967965872241335,Val,S2,T800410-2017,2016
0.0,0.01426594835535854,Val,S2,T860108-2022,2016
0.0,0.0028531782833154957,Val,S2,T810118-2022,2016
0.0,0.021130985188816336,Val,S2,T910505-2015,2016
0.0,0.03346244838647278,Val,S2,T941201-2018,2016
0.0,0.14373783369140342,Val,S2,T960604-2017,2016
0.0,0.04149513712657348,Val,S2,T900505-2018,2016
0.0,0.06336974049776996,Val,S2,T800612-2019,2016
0.0,0.00975472043272231,Val,S2,T920605-2017,2016
0.0,0.054116130341387236,Val,S2,T920411-2017,2016
0.0,0.000271598319772166,Val,S2,T910104-2022,2016
0.0,0.03369726199883978,Val,S2,T800114-2015,2016
0.4573611066534005,0.09282281918774427,Val,S2,T801218-2017,2016
0.0,0.07443151220011218,Val,S2,T960203-2015,2016
0.0,0.012478045526142153,Val,S2,T900406-2018,2016
0.0,0.09794052999566683,Val,S2,T801405-2015,2016
0.0648989430743556,0.06143366742428968,Val,S2,T930202-2017,2016
0.0,0.026476068440975938,Val,S2,T801607-2018,2016
0.0,0.004249794305900953,Val,S2,T800710-2021,2016
0.0,0.049192943929962735,Val,S2,T960510-2022,2016
0.0,0.12866887993800943,Val,S2,T941103-2015,2016
0.0434801334758059,0.06409587989029716,Val,S2,T900311-2017,2016
0.1248933836968441,0.0565272542421667,Val,S2,T800710-2017,2016
0.0,0.046902052866478396,Val,S2,T930701-2015,2016
0.0,0.04852918006206857,Val,S2,T960301-2022,2016
0.0,0.08817261548144696,Val,S2,T901507-2018,2016
0.0,0.2486273215918419,Val,S2,T940917-2018,2016
0.0,0.07684618524109213,Val,S2,T860302-2020,2016
0.0,0.000791846113590671,Val,S2,T910201-2022,2016
0.3463010204081632,0.11635585061704834,Val,S2,T801903-2017,2016
0.0,0.14570007265734625,Val,S2,T900302-2017,2016
0.0,0.040396904983561334,Val,S2,T950118-2015,2016
0.9386750846048278,0.153887538766125,Val,S2,T900804-2017,2016
0.0,0.07587319283241822,Val,S2,T960404-2018,2016
0.0,0.0062711027393866905,Val,S2,T941203-2015,2016
0.0,0.05154256113780481,Val,S2,T801216-2022,2016
0.0,0.20931960514788772,Val,S2,T910602-2017,2016
0.0,0.0051121477980898165,Val,S2,T910106-2015,2016
0.0,0.09675554210923401,Val,S2,T950616-2018,2016
0.0,0.03151490802133908,Val,S2,T920307-2020,2016
0.0,0.06848133266894926,Val,S2,T920303-2017,2016
0.0,0.02409542580523415,Val,S2,T920115-2020,2016
0.0,0.006065934111700016,Val,S2,T920104-2019,2016
0.0,0.04974573962698362,Val,S2,T910202-2022,2016
0.0,0.07835864119172416,Val,S2,T960403-2022,2016
0.0,0.00865101021682952,Val,S2,T800905-2018,2016
0.0,0.005401064164014593,Val,S2,T950804-2019,2016
0.0,0.16110191702934454,Val,S2,T800502-2018,2016
0.0,0.04798710004330962,Val,S2,T800205-2022,2016
0.0,0.017540378715738138,Val,S2,T900502-2015,2016
0.0,0.007210091293033557,Val,S2,T940201-2018,2016
0.0,0.06042164251095379,Val,S2,T940915-2019,2016
0.0,0.008935484088339763,Val,S2,T841103-2020,2016
0.0,0.06058306221778595,Val,S2,T960801-2017,2016
0.0,0.00541049895208626,Val,S2,T900405-2019,2016
0.0,0.16938949024431602,Val,S2,T960102-2022,2016
0.1029434192466066,0.13962353865766433,Val,S2,T940801-2017,2016
0.0,0.07504165875799694,Val,S2,T940705-2019,2016
0.0,0.06612360554332836,Val,S2,T960208-2015,2016
0.0,0.13588858782322985,Val,S2,T930703-2018,2016
0.0,0.015407176370347355,Val,S2,T941005-2018,2016
0.0,0.003965514687987855,Val,S2,T950115-2022,2016
0.0,0.07514546123109801,Val,S2,T960805-2019,2016
0.0,0.02841387605854556,Val,S2,T930112-2020,2016
0.0,0.08331300191894668,Val,S2,T850403-2017,2016
0.0,0.02216420155830188,Val,S2,T920105-2018,2016
0.0,0.020120795788486353,Val,S2,T930204-2018,2016
0.0,0.03788925230934279,Val,S2,T941002-2019,2016
0.0,0.058544445065787196,Val,S2,T940701-2018,2016
0.609375,0.1020603111816989,Val,S2,T900602-2017,2016
0.0,0.006143938476190337,Val,S2,T900309-2019,2016
0.0,0.09835410685995907,Val,S2,T941010-2019,2016
0.0,0.006380028458099046,Val,S2,T900208-2018,2016
0.0,0.15479635857201915,Val,S2,T950602-2017,2016
0.9373458312777504,0.07713498363214778,Val,S2,T900801-2017,2016
0.0,0.006700112571286713,Val,S2,T930307-2018,2016
0.0,0.09743269529235937,Val,S2,T950605-2019,2016
0.0,0.05227347491846471,Val,S2,T901303-2015,2016
0.0,0.04744879391922405,Val,S2,T850502-2018,2016
0.0,0.22897281199247985,Val,S2,T910602-2022,2016
0.0,0.023797033724280003,Val,S2,T941012-2018,2016
0.0154448105436573,0.06489266006086546,Val,S2,T901404-2022,2016
0.0,0.022496338809926596,Val,S2,T801606-2018,2016
0.0,0.027629891670092555,Val,S2,T950115-2017,2016
0.0,0.007155315443646924,Val,S2,T960303-2015,2016
0.0,0.0996912817058158,Val,S2,T920610-2019,2016
0.5076174260884976,0.08673915735963911,Val,S2,T801607-2017,2016
0.0083136231185231,0.04177990959984435,Val,S2,T901508-2017,2016
0.0,0.061885132005718775,Val,S2,T800121-2021,2016
0.0,0.005121735835169785,Val,S2,T920606-2015,2016
0.0,0.08911316082984254,Val,S2,T930504-2015,2016
0.0,0.045021646742989425,Val,S2,T860108-2021,2016
0.0,0.06573043592838618,Val,S2,T940603-2015,2016
0.0,0.00729869006535108,Val,S2,T910201-2015,2016
0.0,0.00497573340069696,Val,S2,T801607-2019,2016
0.0,0.028045926291642962,Val,S2,T960301-2015,2016
0.291726632696721,0.12705855406215005,Val,S2,T940915-2017,2016
0.0,0.0,Val,S2,T841103-2019,2016
0.0,0.1060565708827128,Val,S2,T800114-2018,2016
0.0,0.004831067868452662,Val,S2,T860709-2022,2016
0.0,0.20203338301825727,Val,S2,T960509-2017,2016
0.0,0.12778405068839094,Val,S2,T910501-2020,2016
0.0,0.09567919256576046,Val,S2,T960403-2018,2016
0.0,0.0006967216624736319,Val,S2,T900503-2019,2016
0.0,0.025362113804463758,Val,S2,T960509-2015,2016
0.0,0.28762100681839486,Val,S2,T950615-2022,2016
0.0,0.026035002843314586,Val,S2,T950610-2019,2016
0.0,0.03752893594003832,Val,S2,T960509-2019,2016
0.0,0.00710207653692447,Val,S2,T920602-2015,2016
0.0,0.04508915440652001,Val,S2,T940710-2019,2016
0.0,0.010223830520877997,Val,S2,T901510-2019,2016
0.0,0.03572947024453355,Val,S2,T960601-2019,2016
0.0,0.07716264350768348,Val,S2,T940711-2017,2016
0.0,0.013956527582143845,Val,S2,T810303-2022,2016
0.0,0.30929283602834223,Val,S2,T940909-2018,2016
0.0011638304764528,0.00515786253111007,Val,S2,T900903-2022,2016
0.2647688753225289,0.07829884450674097,Val,S2,T900312-2017,2016
0.0,0.015198465608069105,Val,S2,T810118-2018,2016
0.0,0.28112227160463066,Val,S2,T900210-2020,2016
0.0,0.05442134410307244,Val,S2,T860108-2019,2016
0.0,0.04292449363805578,Val,S2,T900505-2015,2016
0.0,0.004431774881079688,Val,S2,T860204-2020,2016
0.0,0.056019535424869475,Val,S2,T900205-2020,2016
0.0,0.1805423957598975,Val,S2,T860302-2017,2016
0.0,0.004353742543668552,Val,S2,T801403-2015,2016
0.0,0.01729098370780053,Val,S2,T920806-2021,2016
0.0,0.013413967049325343,Val,S2,T960208-2018,2016
0.0,0.058166423710572734,Val,S2,T901202-2022,2016
0.0,0.006906322346380689,Val,S2,T940604-2022,2016
0.0,0.04082238138799492,Val,S2,T941007-2019,2016
0.0,0.13302398529897913,Val,S2,T800113-2018,2016
0.0,0.2834327086827734,Val,S2,T940604-2018,2016
0.0,0.074722866648315,Val,S2,T961301-2017,2016
0.0,0.03619784745392109,Val,S2,T900201-2020,2016
0.0,0.05208637426494044,Val,S2,T960507-2019,2016
0.0,0.020231241034888693,Val,S2,T920115-2015,2016
0.0,0.048736463822055154,Val,S2,T940910-2019,2016
0.0376550328304817,0.027532617053456856,Val,S2,T860109-2018,2016
0.0,0.021843760462726257,Val,S2,T801906-2015,2016
0.0,0.09167090076501669,Val,S2,T900305-2017,2016
0.0,0.04577803369136088,Val,S2,T960304-2022,2016
0.0,0.060718519341378376,Val,S2,T900502-2018,2016
0.027132210172883,0.012470454342985146,Val,S2,T940204-2017,2016
0.0311372926184178,0.11933225416908218,Val,S2,T940112-2017,2016
0.0,0.14855852522968693,Val,S2,T960303-2022,2016
0.0,0.051159959837810395,Val,S2,T941203-2017,2016
0.0,0.10662179993565432,Val,S2,T910106-2019,2016
0.0,0.039411952240582464,Val,S2,T800202-2022,2016
0.0,0.1307264273845493,Val,S2,T961104-2018,2016
0.0,0.05493771101475751,Val,S2,T801304-2017,2016
0.0,0.10071093311794989,Val,S2,T900313-2017,2016
0.0,0.06238218382477638,Val,S2,T900104-2019,2016
0.0,0.00798484747071698,Val,S2,T920610-2017,2016
0.0,0.036848326731910394,Val,S2,T901506-2019,2016
0.097966975918545,0.08247572500984308,Val,S2,T930402-2017,2016
0.0,0.0749719501761995,Val,S2,T960401-2015,2016
0.0,1.2457799205192e-05,Val,S2,T800406-2019,2016
0.0,0.007751637791441764,Val,S2,T860709-2015,2016
0.0,0.018860950972625093,Val,S2,T940705-2022,2016
0.0,0.000419137663058754,Val,S2,T950103-2022,2016
0.0,0.003361294207959973,Val,S2,T950112-2019,2016
0.0,0.005446931801210534,Val,S2,T920805-2021,2016
0.0,0.08122856566546177,Val,S2,T901108-2017,2016
0.0,0.06767881717644957,Val,S2,T810806-2017,2016
0.0,0.07683448848868607,Val,S2,T960405-2017,2016
0.0,0.005848483771467958,Val,S2,T941203-2018,2016
0.0,0.00936131624947727,Val,S2,T900402-2015,2016
0.0,0.05653373092862008,Val,S2,T960605-2017,2016
0.0,0.009937813671656059,Val,S2,T801301-2018,2016
0.0,0.2507895961983691,Val,S2,T800406-2017,2016
0.0,0.01347709414446761,Val,S2,T940206-2018,2016
0.0,0.008396357171313196,Val,S2,T800304-2022,2016
0.0,0.06430143790886807,Val,S2,T900210-2018,2016
0.0,0.1311873761864968,Val,S2,T930202-2020,2016
0.0,0.07705044186520484,Val,S2,T901102-2015,2016
0.0,0.030368192086413292,Val,S2,T960607-2019,2016
0.0,0.001336527345937122,Val,S2,T900309-2018,2016
0.0,0.014741271738353599,Val,S2,T900706-2015,2016
0.0555711362479615,0.05147764223990967,Val,S2,T950614-2017,2016
0.0,0.02698667384735392,Val,S2,T801906-2019,2016
0.0,0.18466564241040984,Val,S2,T940802-2015,2016
0.0,0.0035769532273570936,Val,S2,T802201-2019,2016
0.0,0.017792971814075156,Val,S2,T940207-2018,2016
1.0,0.03231346042408547,Val,S2,T860107-2017,2016
0.4356549154485526,0.042739158834795114,Val,S2,T800706-2017,2016
0.0,0.07219602760918012,Val,S2,T801606-2022,2016
0.0,0.0762473481246453,Val,S2,T950615-2015,2016
0.0,0.009552655751091588,Val,S2,T930201-2018,2016
0.0,0.08808864335090386,Val,S2,T940202-2022,2016
0.0,0.01578245966813891,Val,S2,T920905-2020,2016
0.0,0.09821184608407338,Val,S2,T950607-2017,2016
0.1161452911850106,0.08034596052295838,Val,S2,T930201-2017,2016
0.0,0.017095892637816166,Val,S2,T800304-2019,2016
0.0,0.04243364681893984,Val,S2,T940917-2015,2016
0.0,0.11429631744368969,Val,S2,T920206-2021,2016
0.0,0.003097891997456133,Val,S2,T860110-2019,2016
0.0265445482361046,0.09226412510117583,Val,S2,T910501-2017,2016
0.22412551028576,0.0056755628420368485,Val,S2,T860201-2017,2016
0.0019176374706361,0.20400290024036377,Val,S2,T901102-2022,2016
0.0,0.014225067854072739,Val,S2,T800905-2019,2016
0.0,0.04477959093264317,Val,S2,T940501-2015,2016
0.0,0.10222075426364782,Val,S2,T801606-2015,2016
0.0381752242794426,0.10404348371219888,Val,S2,T900603-2017,2016
0.0,0.01457850355674405,Val,S2,T800706-2019,2016
0.0,0.00015084181335066,Val,S2,T920115-2019,2016
0.0,0.011143554977591279,Val,S2,T860208-2018,2016
0.0,0.03098160404075453,Val,S2,T940204-2019,2016
0.0,0.036346586537652534,Val,S2,T941012-2022,2016
0.0,0.05424426032265134,Val,S2,T940911-2018,2016
0.0,0.09727990339916033,Val,S2,T931101-2018,2016
0.0,0.08915003850838854,Val,S2,T900302-2020,2016
0.0,0.020309124986623267,Val,S2,T900501-2022,2016
0.0,0.12092278706861775,Val,S2,T910401-2015,2016
0.0,0.024840354116026076,Val,S2,T801305-2018,2016
0.0,0.015853889629090234,Val,S2,T802001-2019,2016
0.0,0.11283519389704001,Val,S2,T940213-2017,2016
0.0,0.035530508108246255,Val,S2,T931103-2018,2016
0.0,0.09119233009940916,Val,S2,T940502-2022,2016
0.0,0.004485431607415694,Val,S2,T901511-2015,2016
0.0,0.0395374433616809,Val,S2,T960206-2015,2016
0.0,0.13285123492031253,Val,S2,T800803-2015,2016
0.0,0.007690215038019715,Val,S2,T940107-2018,2016
0.0,0.15684730249521547,Val,S2,T940911-2022,2016
0.0,0.0037079563635260284,Val,S2,T910112-2019,2016
0.0,0.01532293354397515,Val,S2,T960806-2017,2016
0.0,0.06803363490668086,Val,S2,T910504-2017,2016
0.9701741772768327,0.16479254277889152,Val,S2,T900206-2017,2016
0.0,0.11740750387571376,Val,S2,T940915-2018,2016
0.0,0.03291412176646413,Val,S2,T900302-2019,2016
0.0,0.12343168093232587,Val,S2,T950606-2017,2016
0.0,0.0016114776553255807,Val,S2,T800404-2022,2016
0.0,0.07097968807032128,Val,S2,T801607-2020,2016
0.0,0.014397188886450307,Val,S2,T801803-2019,2016
0.0,0.004558367025932395,Val,S2,T920620-2017,2016
0.0,0.04283509114010898,Val,S2,T910401-2020,2016
0.1105128091021019,0.0518812096517598,Val,S2,T910105-2017,2016
0.0,0.15407014921220635,Val,S2,T961301-2018,2016
0.0,0.003962730862653727,Val,S2,T800505-2022,2016
0.0,0.04095763401990868,Val,S2,T941201-2019,2016
0.0,0.028662748039372393,Val,S2,T860304-2021,2016
0.0,0.012730439280202233,Val,S2,T961301-2019,2016
0.0,0.06167857697738552,Val,S2,T800803-2017,2016
0.0,0.04279300229330495,Val,S2,T930513-2019,2016
0.0,0.018101159392195587,Val,S2,T940916-2018,2016
0.6007326007326007,0.16407650576565053,Val,S2,T941001-2017,2016
0.0,0.06346363591250893,Val,S2,T910105-2020,2016
0.0,0.17531346724932326,Val,S2,T960404-2019,2016
0.0,0.032936780987871,Val,S2,T940215-2017,2016
0.0,0.00032964619560281504,Val,S2,T910505-2019,2016
0.0,0.011644414139746921,Val,S2,T800116-2017,2016
0.0,0.052254580842325184,Val,S2,T920502-2021,2016
0.0,0.27110871732216735,Val,S2,T940703-2018,2016
0.0,0.05708618932101875,Val,S2,T910403-2020,2016
0.0,0.16485945284285677,Val,S2,T961102-2018,2016
0.0,0.34346700101732247,Val,S2,T960105-2022,2016
0.0,0.10253323156405517,Val,S2,T950602-2022,2016
0.0,0.04332113012881506,Val,S2,T860206-2018,2016
0.0,0.10403480182605541,Val,S2,T960805-2018,2016
0.0,0.00421107425344745,Val,S2,T810118-2017,2016
0.0,0.046749033353368406,Val,S2,T940113-2018,2016
0.0,0.03594617899228548,Val,S2,T800810-2015,2016
0.0,0.022527586492852757,Val,S2,T940601-2017,2016
0.0,0.04506889640909164,Val,S2,T860114-2019,2016
0.0,0.017486085425803377,Val,S2,T910105-2015,2016
0.0,0.005918412342800846,Val,S2,T800807-2019,2016
0.0,0.12523302510098158,Val,S2,T910108-2015,2016
0.0,0.049961243032778116,Val,S2,T802103-2021,2016
0.0,0.020241520818471956,Val,S2,T930606-2020,2016
0.0,0.05898885807279655,Val,S2,T930510-2022,2016
0.0,0.010559837938940546,Val,S2,T920804-2021,2016
0.0,0.0011044425801816041,Val,S2,T900207-2018,2016
0.0,0.033720238027087145,Val,S2,T802003-2018,2016
0.0,0.024104419598210507,Val,S2,T900210-2015,2016
1.0,0.10574861976418068,Val,S2,T800701-2017,2016
0.0,0.02288086473271713,Val,S2,T930505-2018,2016
0.0,0.0067328356441335455,Val,S2,T920117-2021,2016
0.0,0.024326677027632932,Val,S2,T860709-2018,2016
0.0,0.09907578033425406,Val,S2,T960704-2017,2016
0.0,0.017568397405458673,Val,S2,T960605-2018,2016
0.0,0.0039777918409156345,Val,S2,T900601-2015,2016
0.0,0.012448247386725078,Val,S2,T950609-2020,2016
0.0,0.04360914138008102,Val,S2,T960506-2019,2016
0.0349115680962374,0.05429013487465172,Val,S2,T930802-2017,2016
0.4839572192513369,0.10246753406051802,Val,S2,T930601-2017,2016
0.0,0.01609775797546221,Val,S2,T800505-2017,2016
0.0,0.028495055006485276,Val,S2,T901602-2018,2016
0.0,0.030846233781331146,Val,S2,T801304-2015,2016
0.0,0.00637091338933094,Val,S2,T810105-2020,2016
0.1364256480218281,0.056627165589714853,Val,S2,T940111-2017,2016
0.0,0.06724610921065934,Val,S2,T800116-2022,2016
0.0,0.01241290607600982,Val,S2,T901505-2018,2016
0.0,0.05271609934740514,Val,S2,T950604-2022,2016
0.0,0.017350954533350924,Val,S2,T920106-2018,2016
0.0,0.03290808997776664,Val,S2,T900306-2018,2016
0.0,0.025702733370092636,Val,S2,T900305-2018,2016
0.0,4.05190034126e-05,Val,S2,T920115-2022,2016
0.1955377287540737,0.03214788037185038,Val,S2,T900507-2017,2016
0.0,0.029665508549266764,Val,S2,T940201-2022,2016
0.0027824151363383,0.09122252888298212,Val,S2,T940408-2022,2016
0.0,0.0993027382573994,Val,S2,T920501-2021,2016
0.0,0.000128269262836546,Val,S2,T920701-2019,2016
0.0,0.08993120816362095,Val,S2,T800120-2018,2016
0.0,0.015747721226350063,Val,S2,T801305-2022,2016
0.0,0.0012538974021891309,Val,S2,T900308-2018,2016
0.0,0.007628863774567891,Val,S2,T901510-2015,2016
0.0,0.0037375546079525417,Val,S2,T941003-2018,2016
0.0,0.00037103633301937904,Val,S2,T910203-2022,2016
0.0,0.04150175938878287,Val,S2,T960205-2015,2016
0.0,0.010204225096450161,Val,S2,T930605-2019,2016
0.0,0.036202789752517506,Val,S2,T930505-2019,2016
0.0,0.10592168027166543,Val,S2,T961302-2018,2016
0.0,0.08311141486551894,Val,S2,T950613-2017,2016
0.0301960858323739,0.10010701096290525,Val,S2,T940304-2017,2016
0.0,0.005017267424735029,Val,S2,T860109-2020,2016
0.0,0.12718126598458748,Val,S2,T901113-2022,2016
0.0,0.0800512269633666,Val,S2,T940912-2017,2016
0.0,0.08102403789218517,Val,S2,T960401-2020,2016
0.0,0.001775999831340042,Val,S2,T950303-2018,2016
0.2656779166180077,0.17557797400138558,Val,S2,T940911-2017,2016
0.0,0.0033696704870096717,Val,S2,T930804-2019,2016
0.0,0.014232258613590345,Val,S2,T800703-2022,2016
0.0,0.03236543373773217,Val,S2,T940306-2015,2016
0.0,0.1381099112507039,Val,S2,T940106-2018,2016
0.0,0.011336162542821895,Val,S2,T800804-2015,2016
0.0,0.005844743564923351,Val,S2,T860110-2017,2016
0.0,0.03250121693195363,Val,S2,T901302-2015,2016
0.0,0.01152265639981627,Val,S2,T950504-2019,2016
0.1823361823361823,0.40504499057638876,Val,S2,T960206-2017,2016
0.0,0.053526778986341464,Val,S2,T940711-2022,2016
0.0,0.011050079236402967,Val,S2,T801501-2018,2016
0.0,0.01925043202537617,Val,S2,T960609-2019,2016
0.0,0.19056348140897858,Val,S2,T931103-2017,2016
0.0,0.039020683240951454,Val,S2,T950106-2022,2016
0.0,0.07812455683503872,Val,S2,T810303-2017,2016
0.0,0.007367904757305631,Val,S2,T860109-2019,2016
0.0,0.02961249257347645,Val,S2,T940511-2022,2016
0.0,0.0066564703158219374,Val,S2,T800405-2018,2016
0.0,0.07930612526889974,Val,S2,T900604-2022,2016
0.0162522346822688,0.04219184663431333,Val,S2,T940507-2017,2016
0.0,0.005147537374636144,Val,S2,T800303-2022,2016
0.0,0.1612360275937002,Val,S2,T960206-2019,2016
0.0,0.07009981887678521,Val,S2,T960601-2015,2016
0.0,0.023685648922080218,Val,S2,T910106-2018,2016
0.0401565622112235,0.04737372332792322,Val,S2,T901301-2022,2016
0.0,0.0174802587710426,Val,S2,T900601-2018,2016
0.0,0.01706758450125604,Val,S2,T920806-2022,2016
0.0,0.01657350481260127,Val,S2,T901301-2018,2016
0.0,0.035867005098028384,Val,S2,T930607-2017,2016
0.0,0.013241408864760567,Val,S2,T910112-2022,2016
0.0,0.03461640105006862,Val,S2,T950601-2019,2016
0.0,0.007029240370004398,Val,S2,T920701-2021,2016
0.0,0.0818360955889935,Val,S2,T950604-2020,2016
0.0,0.03200990082345248,Val,S2,T930602-2015,2016
0.0,0.03523874133399922,Val,S2,T900301-2019,2016
0.0,0.014364037828532163,Val,S2,T901302-2019,2016
0.0,0.04457715261192042,Val,S2,T910505-2020,2016
0.0,0.03751688873806183,Val,S2,T950602-2018,2016
0.0,0.20582839296920427,Val,S2,T940909-2022,2016
0.0611620795107033,0.09194276107600696,Val,S2,T940502-2017,2016
0.0596403011299515,0.030834560543688706,Val,S2,T910505-2017,2016
0.0,0.055447255340086085,Val,S2,T920802-2018,2016
0.0,0.03105747090843511,Val,S2,T940711-2018,2016
0.2608695652173913,0.000112441670883228,Val,S2,T920704-2020,2016
0.0,0.00980392156862745,Val,S2,T920608-2019,2016
0.0,0.0005985924874777071,Val,S2,T920804-2022,2016
0.0,0.06341091809959912,Val,S2,T950502-2018,2016
0.0,0.04412204060877037,Val,S2,T930111-2015,2016
0.0,0.014047068256900535,Val,S2,T941007-2018,2016
0.096866372838669,0.08843782756739665,Val,S2,T800801-2017,2016
0.0,0.042974578357263905,Val,S2,T960704-2018,2016
0.0,0.003867936538365113,Val,S2,T930203-2020,2016
0.0,0.007458732205725381,Val,S2,T920621-2018,2016
0.0,0.07621407473037814,Val,S2,T960403-2015,2016
0.0,0.016476299682690945,Val,S2,T950111-2019,2016
0.0,0.028123978699460848,Val,S2,T920106-2021,2016
0.0,0.10460195177129158,Val,S2,T900301-2017,2016
0.0,0.01033576524074643,Val,S2,T920210-2019,2016
0.0,0.014205490399520553,Val,S2,T901601-2015,2016
0.0,0.001502577283772109,Val,S2,T940207-2022,2016
0.0,0.001046181667767047,Val,S2,T900505-2019,2016
0.0,0.046753381578926945,Val,S2,T860205-2021,2016
0.4595477083081388,0.06782490288810732,Val,S2,T900314-2017,2016
0.0,0.009866430011148342,Val,S2,T920605-2015,2016
0.0166253342384904,0.003993548973069546,Val,S2,T941011-2022,2016
0.0,0.0473366679981594,Val,S2,T901504-2015,2016
0.0,0.0023872988303365013,Val,S2,T920119-2020,2016
0.0,0.03243670397643011,Val,S2,T820201-2022,2016
0.0,0.000399906284587854,Val,S2,T801003-2019,2016
0.0,0.01642040700098058,Val,S2,T950502-2015,2016
0.0,0.003163475918111984,Val,S2,T930801-2018,2016
0.0,0.007995470072768837,Val,S2,T900308-2015,2016
0.0,0.46081868706512014,Val,S2,T800503-2020,2016
0.0,0.010785531229619527,Val,S2,T930114-2018,2016
0.0,0.03841343108299163,Val,S2,T940207-2017,2016
0.0,0.05610750924646071,Val,S2,T961301-2022,2016
0.0,0.031312663394608815,Val,S2,T900602-2019,2016
0.0,0.08500945626061776,Val,S2,T960404-2015,2016
0.0,0.1340298061513871,Val,S2,T960206-2018,2016
0.0,0.005707994083008815,Val,S2,T920621-2020,2016
0.0,0.04127990786702077,Val,S2,T950608-2018,2016
0.0,0.046059272303064655,Val,S2,T920106-2020,2016
0.0,0.00401633998937308,Val,S2,T920620-2019,2016
0.0,0.016483218176845633,Val,S2,T920207-2021,2016
0.0,0.029242216791312794,Val,S2,T940214-2022,2016
0.0,0.0035348477019056103,Val,S2,T901503-2019,2016
0.0,0.15506683460850382,Val,S2,T961001-2018,2016
0.0,0.06368950369724648,Val,S2,T920803-2017,2016
0.0,0.01793268136654686,Val,S2,T961302-2019,2016
0.0,0.011133548602745543,Val,S2,T941002-2018,2016
0.0,0.06175767697317138,Val,S2,T920605-2018,2016
0.0,0.02403406235077581,Val,S2,T960202-2015,2016
0.0,0.014969561530440802,Val,S2,T800905-2017,2016
0.0370774263904034,0.0929935396113209,Val,S2,T860109-2017,2016
0.0,0.03662132031682659,Val,S2,T800108-2022,2016
0.0,0.011887329720148013,Val,S2,T920505-2021,2016
0.0,0.0006674434555361129,Val,S2,T800407-2019,2016
0.3241407401882885,0.1936940041443541,Val,S2,T800121-2017,2016
0.0,0.01202062117855496,Val,S2,T910105-2022,2016
0.0,0.026252679891558786,Val,S2,T800809-2020,2016
0.0757922660308537,0.056539910571588664,Val,S2,T901603-2022,2016
0.0565964090554254,0.05515312746059716,Val,S2,T930402-2022,2016
0.0,0.08106418060282315,Val,S2,T900306-2017,2016
0.0,0.02387926546365447,Val,S2,T910303-2015,2016
0.0,0.0036590457298516545,Val,S2,T800503-2019,2016
0.0063552012783033,0.022988866368707783,Val,S2,T920801-2017,2016
0.0,0.04188749302883312,Val,S2,T801217-2019,2016
0.0,0.23330140281731765,Val,S2,T960304-2015,2016
0.0,0.012687281423365266,Val,S2,T800701-2019,2016
0.0,0.11839835343925645,Val,S2,T960801-2019,2016
0.0,0.025674878337413335,Val,S2,T810118-2015,2016
0.0,0.005977569078497862,Val,S2,T801002-2015,2016
0.0,0.000168451787640097,Val,S2,T802003-2019,2016
0.0,0.03987590099923103,Val,S2,T940906-2022,2016
0.0,0.08050295555751756,Val,S2,T930607-2020,2016
0.0,0.044890050456015525,Val,S2,T900206-2018,2016
0.0,0.0705119693116241,Val,S2,T940703-2022,2016
0.0,0.10986953786504997,Val,S2,T960405-2018,2016
0.0,0.15958793648148073,Val,S2,T901505-2020,2016
0.0,0.016417474662973087,Val,S2,T920610-2015,2016
0.0,0.000691303400082754,Val,S2,T900606-2019,2016
0.0,0.007360899850627575,Val,S2,T900601-2019,2016
0.0,0.004709193615460449,Val,S2,T850403-2020,2016
0.0,0.006045474159294695,Val,S2,T910303-2019,2016
0.0,0.09692370383041857,Val,S2,T960601-2018,2016
0.0,0.00047053713038956203,Val,S2,T920104-2015,2016
0.0,0.05828047795410707,Val,S2,T910504-2019,2016
0.0,0.10426968666953551,Test,S2,T800113-2016,2016
0.0214057266614621,0.07069106831694744,Test,S2,T800114-2016,2016
0.0,0.0013894692754345228,Test,S2,T800116-2016,2016
0.0,0.25749649720056644,Test,S2,T800118-2016,2016
0.4659754581629039,0.05586562236055446,Test,S2,T800120-2016,2016
0.4134003630957947,0.17972145490764027,Test,S2,T800121-2016,2016
0.0,0.04036299289981406,Test,S2,T800108-2016,2016
0.0,0.001774665539762297,Test,S2,T801002-2016,2016
0.0,0.04075337574487937,Test,S2,T801103-2016,2016
0.3179910139852764,0.01989663277439903,Test,S2,T801215-2016,2016
0.6351010945406719,0.1268198377456919,Test,S2,T801216-2016,2016
0.7642660475711307,0.10675020945184226,Test,S2,T801217-2016,2016
0.8555817532366686,0.13732631505922746,Test,S2,T801218-2016,2016
0.0,0.051847680349932646,Test,S2,T801301-2016,2016
0.3816793893129771,0.08551144345799026,Test,S2,T801303-2016,2016
0.0873962169923216,0.01608489102690502,Test,S2,T801304-2016,2016
0.0860136521924681,0.040652854951316854,Test,S2,T801305-2016,2016
0.1069234184314961,0.25087077381036404,Test,S2,T801306-2016,2016
0.0,0.10706685516405258,Test,S2,T801401-2016,2016
0.0,0.1763295590009619,Test,S2,T801402-2016,2016
0.0,0.13504143744333652,Test,S2,T801403-2016,2016
0.0,0.2301289196568682,Test,S2,T801404-2016,2016
0.0,0.17060118627340112,Test,S2,T801405-2016,2016
0.0,0.1630334966284562,Test,S2,T801407-2016,2016
0.0,0.2419448219956063,Test,S2,T801408-2016,2016
0.0,0.2157695079135029,Test,S2,T801501-2016,2016
0.0,0.06733009626344573,Test,S2,T801502-2016,2016
0.7840144999469093,0.10912846735811382,Test,S2,T801606-2016,2016
0.8468976770642412,0.06436104682323829,Test,S2,T801607-2016,2016
0.0,0.03479790303322334,Test,S2,T801801-2016,2016
0.0,0.025173059596864996,Test,S2,T801803-2016,2016
0.5288761382063116,0.09230355386124778,Test,S2,T801901-2016,2016
0.5694852242242454,0.029655358342781636,Test,S2,T801902-2016,2016
0.8003542763678915,0.04332532770983946,Test,S2,T801903-2016,2016
0.1210128960011559,0.10689447684458984,Test,S2,T801904-2016,2016
0.4297184213502205,0.054024181304065146,Test,S2,T801905-2016,2016
0.4038121723009182,0.031384501143933256,Test,S2,T801906-2016,2016
0.0,0.006173203466934492,Test,S2,T800202-2016,2016
0.0,0.061608057990689746,Test,S2,T800203-2016,2016
0.0,0.007373303052942151,Test,S2,T800205-2016,2016
0.1147761864364489,0.31294044313816916,Test,S2,T802001-2016,2016
0.0595695618754804,0.09827555206262872,Test,S2,T802002-2016,2016
0.1034329901984928,0.27981384718297303,Test,S2,T802003-2016,2016
0.5325283390832922,0.09822644577278469,Test,S2,T802004-2016,2016
0.0,0.16934913673023005,Test,S2,T802103-2016,2016
0.0,0.003590103526071963,Test,S2,T802201-2016,2016
0.0,0.15604294581170597,Test,S2,T800303-2016,2016
0.0,0.37195563966267153,Test,S2,T800304-2016,2016
0.0,0.04749512494148155,Test,S2,T800410-2016,2016
0.0,0.019333389084059068,Test,S2,T800415-2016,2016
0.0,0.07197533399181967,Test,S2,T800403-2016,2016
0.0,0.013510765415308289,Test,S2,T800404-2016,2016
0.203131612357173,0.016541107441609096,Test,S2,T800405-2016,2016
0.0,0.04508274860426895,Test,S2,T800406-2016,2016
0.0,0.01009687736982407,Test,S2,T800407-2016,2016
0.0,0.08838591613863546,Test,S2,T800409-2016,2016
0.1913646692979308,0.1906287363587949,Test,S2,T800501-2016,2016
0.0,0.13525232749166793,Test,S2,T800502-2016,2016
0.0303375047402351,0.13204856694839104,Test,S2,T800503-2016,2016
0.3669236905078437,0.11029803519104782,Test,S2,T800504-2016,2016
0.506785566357235,0.11488369465568692,Test,S2,T800505-2016,2016
0.6310201050704382,0.36161472878526024,Test,S2,T800612-2016,2016
0.3225806451612903,0.09839986079969755,Test,S2,T800701-2016,2016
0.0878747076748635,0.049270746199186595,Test,S2,T800710-2016,2016
0.4240084385993172,0.056764869903617364,Test,S2,T800703-2016,2016
0.8164945890724901,0.12947204514435062,Test,S2,T800704-2016,2016
0.6334125098970704,0.24382856738185976,Test,S2,T800705-2016,2016
0.5470653939886271,0.12716338110990813,Test,S2,T800706-2016,2016
0.0203281872903655,0.04531290597527949,Test,S2,T800709-2016,2016
0.3346607586890272,0.11294888172189319,Test,S2,T800801-2016,2016
0.0,0.01811839081292099,Test,S2,T800810-2016,2016
0.006521313827359,0.11513489972807385,Test,S2,T800803-2016,2016
0.0555904098601504,0.05720765152511514,Test,S2,T800804-2016,2016
0.026561432799575,0.29260081453542797,Test,S2,T800807-2016,2016
0.0213468364484821,0.11661197997899549,Test,S2,T800809-2016,2016
0.0,0.03832928270809765,Test,S2,T800905-2016,2016
0.0,0.044117986042723774,Test,S2,T810118-2016,2016
0.0,0.010112932698129313,Test,S2,T810105-2016,2016
0.0,0.13285480356287085,Test,S2,T810303-2016,2016
0.0,0.19429172860244606,Test,S2,T810304-2016,2016
0.0,0.0019217701563711198,Test,S2,T810402-2016,2016
0.0,0.045353827085213266,Test,S2,T810803-2016,2016
0.0,0.0040356877738077016,Test,S2,T810805-2016,2016
0.0,0.06146232206628365,Test,S2,T810806-2016,2016
0.0,0.030345273273454283,Test,S2,T820105-2016,2016
0.0,0.041648699710819165,Test,S2,T820201-2016,2016
0.0,0.06887886286905442,Test,S2,T820803-2016,2016
0.0,0.005754198520627022,Test,S2,T840108-2016,2016
0.1141078838174273,0.027413684081989093,Test,S2,T841712-2016,2016
0.0,0.05521104486291239,Test,S2,T840801-2016,2016
0.0,0.05049164045046907,Test,S2,T840802-2016,2016
0.0,0.13846020967266506,Test,S2,T850202-2016,2016
0.0,0.04105696322862586,Test,S2,T850401-2016,2016
0.0,0.06839635736121705,Test,S2,T850402-2016,2016
0.0,0.020730393926725852,Test,S2,T850403-2016,2016
0.0,0.08140219998906095,Test,S2,T850502-2016,2016
0.0458886626322884,0.05128261380447749,Test,S2,T860110-2016,2016
0.0,0.03397638262722282,Test,S2,T860111-2016,2016
0.0,0.03461769997779038,Test,S2,T860113-2016,2016
0.9791666666666666,0.03891460525722476,Test,S2,T860114-2016,2016
0.0,0.03224118500130782,Test,S2,T860103-2016,2016
0.0,0.21524093787316517,Test,S2,T860104-2016,2016
0.4512635379061371,0.07298254569508966,Test,S2,T860107-2016,2016
0.0360870530757272,0.22975323094190375,Test,S2,T860108-2016,2016
0.0749442602064714,0.021114079519548065,Test,S2,T860109-2016,2016
0.0,0.03993054872560602,Test,S2,T860201-2016,2016
0.0317011314865392,0.049762296387789146,Test,S2,T860204-2016,2016
0.0,0.07130464832776955,Test,S2,T860205-2016,2016
0.0,0.15156124777628927,Test,S2,T860206-2016,2016
0.0,0.1449833949067788,Test,S2,T860208-2016,2016
0.0,0.024878073453941236,Test,S2,T860302-2016,2016
0.0,0.01722834034735824,Test,S2,T860304-2016,2016
0.0,0.07020780164154644,Test,S2,T860709-2016,2016
0.0,0.04157724732672523,Test,S2,T900103-2016,2016
0.0,0.05825808695442202,Test,S2,T900104-2016,2016
0.0333857303824057,0.08473406774669145,Test,S2,T900105-2016,2016
0.0,0.020735454342031664,Test,S2,T901007-2016,2016
0.0,0.023033710746335884,Test,S2,T901112-2016,2016
0.0,0.07290488468644574,Test,S2,T901113-2016,2016
0.0,0.09556507038516578,Test,S2,T901114-2016,2016
0.0,0.0641496595890937,Test,S2,T901102-2016,2016
0.0,0.054994115135881066,Test,S2,T901107-2016,2016
0.0,0.046584332263308534,Test,S2,T901108-2016,2016
0.0,0.1172348137364,Test,S2,T901202-2016,2016
0.0,0.07417112960526512,Test,S2,T901301-2016,2016
0.0069991122178713,0.18746380992056658,Test,S2,T901302-2016,2016
0.1366245316122793,0.06263129031140599,Test,S2,T901303-2016,2016
0.0,0.0684457041227492,Test,S2,T901402-2016,2016
0.0,0.055732661491209756,Test,S2,T901403-2016,2016
0.0,0.0471462764321945,Test,S2,T901404-2016,2016
0.0083933105315063,0.06680028108481412,Test,S2,T901501-2016,2016
0.0055019119143902,0.07603845276571199,Test,S2,T901510-2016,2016
0.0121025795783901,0.1103410374069602,Test,S2,T901511-2016,2016
0.0037868109581893,0.09987423420202551,Test,S2,T901503-2016,2016
0.0,0.3072653252784316,Test,S2,T901504-2016,2016
0.0085045765252426,0.031047398219315014,Test,S2,T901505-2016,2016
0.0,0.06211022633412739,Test,S2,T901506-2016,2016
0.0036854878388115,0.04239011527691172,Test,S2,T901507-2016,2016
0.0,0.14417489797524533,Test,S2,T901508-2016,2016
0.0,0.029525492431405908,Test,S2,T901601-2016,2016
0.0,0.018533276605805976,Test,S2,T901602-2016,2016
0.0,0.01237856931098751,Test,S2,T901603-2016,2016
0.0,0.042251965377889215,Test,S2,T901604-2016,2016
0.3591942900493892,0.07884716147766714,Test,S2,T900201-2016,2016
0.0700884883909725,0.07526308122955204,Test,S2,T900210-2016,2016
0.2058220165132326,0.04729744000933333,Test,S2,T900211-2016,2016
0.4496846560343341,0.16239158795459374,Test,S2,T900202-2016,2016
0.5842455362352666,0.1942732376675182,Test,S2,T900204-2016,2016
0.5018563849971355,0.30864977279867145,Test,S2,T900205-2016,2016
0.4958547786076623,0.16151234550423138,Test,S2,T900206-2016,2016
0.2835722332284504,0.07434838429727762,Test,S2,T900207-2016,2016
0.0228795323471503,0.17093365662479498,Test,S2,T900208-2016,2016
0.2214474135585601,0.23726900296999298,Test,S2,T900209-2016,2016
0.0,0.01213213933090375,Test,S2,T900301-2016,2016
0.0,0.06933271823917853,Test,S2,T900310-2016,2016
0.0042970369781517,0.15074394208440833,Test,S2,T900311-2016,2016
0.0,0.1108601657401648,Test,S2,T900312-2016,2016
0.0,0.14006896387348217,Test,S2,T900313-2016,2016
0.0,0.08661459234085138,Test,S2,T900314-2016,2016
0.0018355022852003,0.4467912062944841,Test,S2,T900302-2016,2016
0.0,0.0453631309499587,Test,S2,T900303-2016,2016
0.0,0.06816164502727268,Test,S2,T900304-2016,2016
0.0242023314912669,0.04807429899453258,Test,S2,T900305-2016,2016
0.0,0.18764956676612146,Test,S2,T900306-2016,2016
0.0,0.10463902913127146,Test,S2,T900307-2016,2016
0.0,0.022863472185367675,Test,S2,T900308-2016,2016
0.0,0.05551732473525973,Test,S2,T900309-2016,2016
0.0,0.0657859171166765,Test,S2,T900401-2016,2016
0.0,0.047454004120602106,Test,S2,T900402-2016,2016
0.0,0.05164034812968153,Test,S2,T900403-2016,2016
0.0,0.008359022820572893,Test,S2,T900501-2016,2016
0.0,0.0066049893697794505,Test,S2,T900502-2016,2016
0.0,0.024819161209809395,Test,S2,T900504-2016,2016
0.0,0.14435257874113203,Test,S2,T900505-2016,2016
0.0,0.2875145855002404,Test,S2,T900507-2016,2016
0.0,0.08586692907205043,Test,S2,T900601-2016,2016
0.0,0.036853256635007436,Test,S2,T900602-2016,2016
0.0,0.026095639866475884,Test,S2,T900603-2016,2016
0.0,0.015140786360990198,Test,S2,T900604-2016,2016
0.0,0.10738476991727934,Test,S2,T900607-2016,2016
0.7574112628204309,0.09912081996370217,Test,S2,T900706-2016,2016
0.8616880247459126,0.08124997934482091,Test,S2,T900801-2016,2016
0.82234767944864,0.11205766749607267,Test,S2,T900803-2016,2016
0.8524243867997635,0.05706269050797486,Test,S2,T900804-2016,2016
0.0,0.061354163069417114,Test,S2,T900901-2016,2016
0.0,0.03747351055878497,Test,S2,T900902-2016,2016
0.0,0.07806134782992358,Test,S2,T900903-2016,2016
0.0,0.05336237197871169,Test,S2,T900909-2016,2016
0.0,0.07559510919964821,Test,S2,T910112-2016,2016
0.0,0.2820033186814564,Test,S2,T910104-2016,2016
0.0,0.06560804832525259,Test,S2,T910105-2016,2016
0.0,0.1137986135361946,Test,S2,T910106-2016,2016
0.0,0.044472771160163536,Test,S2,T910201-2016,2016
0.0,0.025494529200371773,Test,S2,T910202-2016,2016
0.0,0.030039494104021004,Test,S2,T910203-2016,2016
0.0,0.02271446076407481,Test,S2,T910301-2016,2016
0.0,0.016768308330334783,Test,S2,T910303-2016,2016
0.0,0.041932525263434724,Test,S2,T910401-2016,2016
0.0,0.01459698646552789,Test,S2,T910402-2016,2016
0.0,0.1120108517426307,Test,S2,T910403-2016,2016
0.0,0.023838481789667805,Test,S2,T910404-2016,2016
0.0,0.038623983951811894,Test,S2,T910501-2016,2016
0.0,0.07874057090982407,Test,S2,T910502-2016,2016
0.0,0.03407200280489766,Test,S2,T910503-2016,2016
0.0,0.08408687773805618,Test,S2,T910504-2016,2016
0.0,0.03210462115014726,Test,S2,T910505-2016,2016
0.0,0.07135827429272949,Test,S2,T910506-2016,2016
0.0,0.04517333711967356,Test,S2,T910601-2016,2016
0.0,0.06371451454133986,Test,S2,T920115-2016,2016
0.0,0.022273022242616757,Test,S2,T920118-2016,2016
0.9865716634694436,0.05324269045237525,Test,S2,T920120-2016,2016
0.0276219971540972,0.02597297579764793,Test,S2,T920104-2016,2016
0.0,0.013067812112392106,Test,S2,T920105-2016,2016
0.005590965000559,0.0442005763355548,Test,S2,T920106-2016,2016
0.0544672539113122,0.02563629657505976,Test,S2,T920108-2016,2016
0.0,0.03542627595104179,Test,S2,T921001-2016,2016
0.0,0.05653756403006404,Test,S2,T920210-2016,2016
0.3416078342063311,0.02994159151642096,Test,S2,T920208-2016,2016
1.0,0.06265362004649237,Test,S2,T920209-2016,2016
0.0,0.16041924324580684,Test,S2,T920303-2016,2016
0.0,0.04481897008173566,Test,S2,T920307-2016,2016
0.0,0.007983826531940668,Test,S2,T920308-2016,2016
0.0,0.04392432378352447,Test,S2,T920411-2016,2016
0.0,0.1846244959622187,Test,S2,T920502-2016,2016
0.0,0.11090477989411948,Test,S2,T920610-2016,2016
0.0,0.0432120608514296,Test,S2,T920616-2016,2016
0.0,0.07661371497376764,Test,S2,T920602-2016,2016
0.0,0.010354273757864843,Test,S2,T920620-2016,2016
0.0,0.007256795924482707,Test,S2,T920621-2016,2016
0.0,0.019533980251948038,Test,S2,T920605-2016,2016
0.0,0.0023975271652107227,Test,S2,T920606-2016,2016
0.0,0.04062538007423741,Test,S2,T920607-2016,2016
0.0971463266545233,0.021847406182999705,Test,S2,T920608-2016,2016
0.0,0.0017204106096253779,Test,S2,T920609-2016,2016
0.0,0.053543410717285606,Test,S2,T920701-2016,2016
0.0,0.03069145594307139,Test,S2,T920704-2016,2016
0.0455321570859419,0.009717347478566691,Test,S2,T920801-2016,2016
0.395347504726981,0.06117154409272178,Test,S2,T920803-2016,2016
0.0,0.027943706582602954,Test,S2,T920804-2016,2016
0.0193584606152118,0.015348139530257422,Test,S2,T920805-2016,2016
0.0,0.008885536904713548,Test,S2,T920806-2016,2016
0.0,0.040116262137359485,Test,S2,T920904-2016,2016
0.0928489239778074,0.06097850456857679,Test,S2,T930111-2016,2016
0.0,0.11859217407122474,Test,S2,T930112-2016,2016
0.0302495096652062,0.19043332021568446,Test,S2,T930114-2016,2016
0.0,0.08982864820700445,Test,S2,T931101-2016,2016
0.0,0.3273142885919003,Test,S2,T931103-2016,2016
0.0,0.12165884541926744,Test,S2,T931104-2016,2016
0.0327564557514876,0.10207320209738129,Test,S2,T930201-2016,2016
0.0043021392387364,0.09105122536793245,Test,S2,T930202-2016,2016
0.0212566205516093,0.055427048781889816,Test,S2,T930203-2016,2016
0.0272609554964901,0.10859073744842998,Test,S2,T930204-2016,2016
0.0398775083328944,0.078569593218277,Test,S2,T930205-2016,2016
0.0741770254231994,0.03124070959228411,Test,S2,T930307-2016,2016
0.0656615190252173,0.032026733280610446,Test,S2,T930402-2016,2016
0.1487434079626016,0.019083303289653252,Test,S2,T930403-2016,2016
0.0359983948256733,0.17368895299914422,Test,S2,T930501-2016,2016
0.0329775316317573,0.10537158825779457,Test,S2,T930510-2016,2016
0.0487149184927243,0.09833796937690444,Test,S2,T930513-2016,2016
0.1196866885961027,0.10970947086304021,Test,S2,T930516-2016,2016
0.0382207802135267,0.06900610955513181,Test,S2,T930504-2016,2016
0.0389386044404168,0.09308880260792714,Test,S2,T930505-2016,2016
0.0436705852019563,0.12424796142595466,Test,S2,T930509-2016,2016
0.2470308788598574,0.14057541075289404,Test,S2,T930601-2016,2016
0.2001349921753743,0.05375014514498095,Test,S2,T930602-2016,2016
0.0,0.06961016200955517,Test,S2,T930605-2016,2016
0.0580775489590932,0.05486265683192447,Test,S2,T930606-2016,2016
0.0077111541845279,0.1425663743894814,Test,S2,T930607-2016,2016
0.0,0.09718075032410223,Test,S2,T930701-2016,2016
0.0,0.05509864663115239,Test,S2,T930703-2016,2016
0.1168831168831168,0.06201473711802808,Test,S2,T930801-2016,2016
0.0145419766741101,0.04980435700851074,Test,S2,T930802-2016,2016
0.0373183064952512,0.06008466488399534,Test,S2,T930804-2016,2016
0.23573492278723,0.013079268295075431,Test,S2,T930806-2016,2016
0.0,0.08206312142031635,Test,S2,T940110-2016,2016
0.0,0.040667570387870756,Test,S2,T940111-2016,2016
0.0,0.08450338098250355,Test,S2,T940112-2016,2016
0.0,0.0730399604170817,Test,S2,T940113-2016,2016
0.0,0.14509911611793444,Test,S2,T940104-2016,2016
0.0,0.13633866760445426,Test,S2,T940106-2016,2016
0.0,0.08907399021496977,Test,S2,T940107-2016,2016
0.0,0.17181889394272212,Test,S2,T941001-2016,2016
0.0,0.22239798488744164,Test,S2,T941010-2016,2016
0.0272397094430992,0.09206355752391497,Test,S2,T941011-2016,2016
0.0,0.17461957252254373,Test,S2,T941012-2016,2016
0.0,0.025801985177399626,Test,S2,T941002-2016,2016
0.0,0.025021435699953756,Test,S2,T941003-2016,2016
0.0,0.0466761562018815,Test,S2,T941004-2016,2016
0.0,0.015399517554299776,Test,S2,T941005-2016,2016
0.0,0.047806504504895306,Test,S2,T941006-2016,2016
0.0,0.029102775976697286,Test,S2,T941008-2016,2016
0.0082270670505964,0.4004845678194262,Test,S2,T941101-2016,2016
0.0732732578318828,0.20487964309908005,Test,S2,T941103-2016,2016
0.0,0.07793233056672676,Test,S2,T941201-2016,2016
0.0,0.01220158640525579,Test,S2,T941203-2016,2016
0.0,0.037759926779580025,Test,S2,T940201-2016,2016
0.128303668153456,0.032795666806198505,Test,S2,T940211-2016,2016
0.0,0.13810576090243695,Test,S2,T940213-2016,2016
0.0,0.15651162098835886,Test,S2,T940214-2016,2016
0.0,0.03301413261129159,Test,S2,T940215-2016,2016
0.0,0.24069553360208068,Test,S2,T940202-2016,2016
0.2966333030027298,0.0077971694920568714,Test,S2,T940203-2016,2016
0.0,0.02530854152691965,Test,S2,T940204-2016,2016
0.0,0.05116760429756506,Test,S2,T940205-2016,2016
0.0,0.025584090088816548,Test,S2,T940206-2016,2016
0.0069724472127642,0.12886839589770735,Test,S2,T940207-2016,2016
0.0356956294619536,0.14824277575058592,Test,S2,T940208-2016,2016
0.0,0.07021198180965611,Test,S2,T940302-2016,2016
0.0,0.04501899113495729,Test,S2,T940304-2016,2016
0.7209302325581395,0.09234565912719886,Test,S2,T940306-2016,2016
0.0569354494342039,0.040019975115722674,Test,S2,T940401-2016,2016
0.055143764389076,0.16297956500596578,Test,S2,T940408-2016,2016
0.0,0.03567479982486719,Test,S2,T940501-2016,2016
0.4849660523763336,0.07204102847397051,Test,S2,T940511-2016,2016
0.1113099771515613,0.07393607332629679,Test,S2,T940502-2016,2016
0.0,0.0304006565529448,Test,S2,T940506-2016,2016
0.0185185185185185,0.05391558891668092,Test,S2,T940507-2016,2016
0.0393410376198672,0.09084584885398246,Test,S2,T940601-2016,2016
0.0,0.1737461583542709,Test,S2,T940602-2016,2016
0.0537291379831424,0.19813986765885938,Test,S2,T940603-2016,2016
0.0174979739188094,0.1953395678731658,Test,S2,T940604-2016,2016
0.0,0.15081612605520353,Test,S2,T940701-2016,2016
0.1913288999517033,0.1380379448892686,Test,S2,T940710-2016,2016
0.0041279669762641,0.07668111308980095,Test,S2,T940711-2016,2016
0.0,0.20420765853422132,Test,S2,T940702-2016,2016
0.0,0.09876120829717056,Test,S2,T940703-2016,2016
0.0666666666666666,0.24723110276562893,Test,S2,T940704-2016,2016
0.1007845384660988,0.35946124742774765,Test,S2,T940705-2016,2016
0.0331191627475657,0.15247437672531683,Test,S2,T940706-2016,2016
0.0,0.20474097061888194,Test,S2,T940708-2016,2016
0.0109089917364387,0.14923840339334724,Test,S2,T940801-2016,2016
0.1026694045174538,0.19269309973192233,Test,S2,T940802-2016,2016
0.0763052208835341,0.06407057222845206,Test,S2,T940804-2016,2016
0.0,0.06488376713030376,Test,S2,T940901-2016,2016
0.0,0.10223108129788795,Test,S2,T940910-2016,2016
0.0,0.10397178672186463,Test,S2,T940911-2016,2016
0.0,0.07361643756449573,Test,S2,T940912-2016,2016
0.0,0.058866068441209014,Test,S2,T940915-2016,2016
0.0,0.04588011637985384,Test,S2,T940916-2016,2016
0.0,0.17152550065205666,Test,S2,T940917-2016,2016
0.0,0.07605874999487965,Test,S2,T940902-2016,2016
0.0,0.12528403015430198,Test,S2,T940906-2016,2016
0.0,0.058147846841973626,Test,S2,T940907-2016,2016
0.0,0.10448839510114075,Test,S2,T940908-2016,2016
0.0,0.11976323419091205,Test,S2,T940909-2016,2016
0.0,0.028201314340077346,Test,S2,T950110-2016,2016
0.0,0.07174072749758635,Test,S2,T950111-2016,2016
0.0,0.028807158631390082,Test,S2,T950112-2016,2016
0.0291483385447029,0.007178155554820525,Test,S2,T950114-2016,2016
0.0,0.1832472889928946,Test,S2,T950115-2016,2016
0.0717141863699582,0.044926137247371656,Test,S2,T950116-2016,2016
0.0,0.08186424341808404,Test,S2,T950118-2016,2016
0.0,0.11156650376431924,Test,S2,T950102-2016,2016
0.0947995666305525,0.02253410761400156,Test,S2,T950103-2016,2016
0.0,0.03533859127137011,Test,S2,T950104-2016,2016
0.0,0.22108390322247223,Test,S2,T950106-2016,2016
0.0,0.012846393384091796,Test,S2,T950109-2016,2016
0.0,0.07895941027739552,Test,S2,T950502-2016,2016
0.0,0.10843179429384352,Test,S2,T950504-2016,2016
0.0,0.1332123176045285,Test,S2,T950507-2016,2016
0.0,0.20605073245460193,Test,S2,T950601-2016,2016
0.0,0.08632733591060353,Test,S2,T950610-2016,2016
0.072223498900233,0.04870808485210326,Test,S2,T950611-2016,2016
0.0550026191723415,0.193169074796049,Test,S2,T950612-2016,2016
0.0166518650088809,0.03716105449208549,Test,S2,T950613-2016,2016
0.0119947223221782,0.15594652053313113,Test,S2,T950614-2016,2016
0.0142470437384242,0.29704254427111637,Test,S2,T950615-2016,2016
0.0,0.06470602500495763,Test,S2,T950616-2016,2016
0.0,0.10553887548026177,Test,S2,T950602-2016,2016
0.0,0.10716736268343276,Test,S2,T950603-2016,2016
0.0152828221079506,0.14379554664989042,Test,S2,T950604-2016,2016
0.1208563535911602,0.10840752946989916,Test,S2,T950605-2016,2016
0.0,0.15316387122831784,Test,S2,T950606-2016,2016
0.0,0.23243095164303249,Test,S2,T950607-2016,2016
0.0,0.22936377059536858,Test,S2,T950608-2016,2016
0.0408019785820998,0.16233776620754,Test,S2,T950609-2016,2016
0.0,0.22323455963957778,Test,S2,T950801-2016,2016
0.0,0.19012979758730902,Test,S2,T950802-2016,2016
0.0,0.28174591087184586,Test,S2,T950804-2016,2016
0.0,0.17449044490595175,Test,S2,T960102-2016,2016
0.125,0.04824649975889008,Test,S2,T960103-2016,2016
0.0317460317460317,0.026624276473673075,Test,S2,T960104-2016,2016
0.7755102040816326,0.04522192269625511,Test,S2,T960105-2016,2016
0.0,0.21887750600077158,Test,S2,T961101-2016,2016
0.0,0.15152002315164187,Test,S2,T961103-2016,2016
0.0030076544806532,0.13728664688650416,Test,S2,T961104-2016,2016
0.0,0.19712836067441597,Test,S2,T961105-2016,2016
0.0150165181699869,0.1030060827922962,Test,S2,T961301-2016,2016
0.0652133407862865,0.0349080591289799,Test,S2,T961302-2016,2016
0.1185617547139697,0.10734770196409853,Test,S2,T961303-2016,2016
0.0,0.07779396291940763,Test,S2,T960201-2016,2016
0.3214150892520088,0.2121040149863342,Test,S2,T960202-2016,2016
0.5452360584952544,0.11590611553617615,Test,S2,T960203-2016,2016
0.2796420581655481,0.07024322355603169,Test,S2,T960204-2016,2016
0.3010031135872529,0.0950859347572154,Test,S2,T960205-2016,2016
0.5343595437064598,0.11512752574235062,Test,S2,T960206-2016,2016
0.8141299848213054,0.09048879217339985,Test,S2,T960207-2016,2016
0.3627121912980181,0.08457473762995614,Test,S2,T960208-2016,2016
0.0,0.08730473024111937,Test,S2,T960301-2016,2016
0.0,0.10117111759995151,Test,S2,T960302-2016,2016
0.0,0.05546676206941452,Test,S2,T960303-2016,2016
0.0,0.19113915460185082,Test,S2,T960304-2016,2016
0.0,0.14952420147624923,Test,S2,T960305-2016,2016
0.0,0.07607440063166483,Test,S2,T960306-2016,2016
0.0,0.22771020826539573,Test,S2,T960401-2016,2016
0.0,0.14287150159958084,Test,S2,T960403-2016,2016
0.0,0.22328412089153243,Test,S2,T960404-2016,2016
0.0,0.11849506401505047,Test,S2,T960405-2016,2016
0.0,0.12347381450119506,Test,S2,T960406-2016,2016
0.0,0.07133097896878937,Test,S2,T960501-2016,2016
0.0,0.20321103650221878,Test,S2,T960510-2016,2016
0.0,0.05593267434570208,Test,S2,T960502-2016,2016
0.0128545719427543,0.20851496840094488,Test,S2,T960506-2016,2016
0.0,0.28336500930448744,Test,S2,T960507-2016,2016
0.0388566432717293,0.21913999301986034,Test,S2,T960509-2016,2016
0.0,0.11905952155886061,Test,S2,T960601-2016,2016
0.0,0.2563829126051961,Test,S2,T960602-2016,2016
0.0,0.04587653880824434,Test,S2,T960603-2016,2016
0.0,0.027773577279124984,Test,S2,T960604-2016,2016
0.0,0.11050757842383771,Test,S2,T960605-2016,2016
0.0,0.06803770021949894,Test,S2,T960606-2016,2016
0.0,0.2100733791430699,Test,S2,T960607-2016,2016
0.0,0.06284135490865393,Test,S2,T960609-2016,2016
0.0,0.11356163049014761,Test,S2,T960704-2016,2016
0.3670833139723991,0.058945608576192285,Test,S2,T960801-2016,2016
0.1462701121404193,0.19991579181563288,Test,S2,T960805-2016,2016
0.0,0.11475670266480664,Test,S2,T960806-2016,2016
