,CVaR0,CVaR1,$|CVaR_2 - CVaR_1|$,Max CVaR,VaR0,VaR1,$|VaR_2 - VaR_1|$,Max VaR,NetLoss0,NetLoss1,$|L_2 - L_1|$,$P(L > Q(0.6))$,Required Capital,Payout CVaR,Average Cost,s_1,s_2
0,5.08,5.34,0.26,5.34,5.25,5.15,0.10,5.25,4.20,4.23,0.03,0.00,2.48,8.90,6.54,4.17,4.38
1,6.88,6.51,0.37,6.88,6.80,6.86,0.06,6.86,5.75,5.91,0.16,0.05,4.13,7.27,3.34,6.43,6.32
2,6.85,6.53,0.32,6.85,6.86,6.69,0.17,6.86,5.73,5.72,0.01,0.05,4.03,7.17,3.35,6.25,6.35
3,5.25,5.47,0.22,5.47,5.52,5.47,0.05,5.52,4.51,4.60,0.10,0.00,2.58,8.38,5.93,4.67,4.59
4,5.43,6.17,0.74,6.17,5.58,6.08,0.50,6.08,4.66,5.16,0.50,0.00,4.62,9.63,5.24,5.01,5.23
5,5.24,6.92,1.68,6.92,5.05,7.01,1.97,7.01,4.35,5.98,1.63,0.07,3.54,8.00,4.63,4.54,6.40
6,7.03,5.05,1.98,7.03,7.32,5.23,2.09,7.32,6.01,4.28,1.73,0.06,2.91,7.43,4.66,6.48,4.37
7,7.42,6.42,0.99,7.42,7.12,6.55,0.57,7.12,6.08,5.74,0.34,0.10,3.00,6.09,3.24,6.49,6.06
8,5.56,6.99,1.43,6.99,5.50,7.02,1.52,7.02,4.57,6.05,1.48,0.05,3.03,7.57,4.69,4.62,6.03
9,7.00,5.03,1.97,7.00,6.84,5.21,1.62,6.84,5.78,4.36,1.42,0.06,3.30,8.00,4.87,6.33,4.51
10,6.92,5.41,1.52,6.92,7.04,5.38,1.66,7.04,5.83,4.58,1.25,0.03,3.09,7.92,4.99,5.97,4.61
11,7.15,4.86,2.29,7.15,7.36,5.52,1.83,7.36,6.25,4.34,1.91,0.03,4.14,8.46,4.53,6.52,4.53
12,5.54,7.00,1.46,7.00,5.59,7.05,1.46,7.05,4.75,5.98,1.24,0.03,3.49,7.70,4.39,4.90,6.40
13,4.93,4.70,0.23,4.93,5.29,4.83,0.46,5.29,4.26,4.09,0.17,0.00,3.48,9.88,6.57,4.49,4.29
14,6.57,5.59,0.98,6.57,6.60,5.65,0.94,6.60,5.50,4.75,0.76,0.06,3.66,8.00,4.52,6.04,4.85
15,5.23,5.52,0.29,5.52,5.44,5.62,0.17,5.62,4.57,4.50,0.07,0.01,3.22,9.33,6.28,4.55,4.52
16,4.73,6.97,2.25,6.97,5.00,7.21,2.22,7.21,4.16,6.01,1.85,0.02,3.20,8.00,4.96,4.17,6.30
17,5.59,7.10,1.51,7.10,5.84,6.83,0.99,6.83,4.88,5.92,1.04,0.03,3.34,7.82,4.65,4.76,6.27
18,4.32,5.79,1.47,5.79,4.87,5.61,0.74,5.61,3.84,4.76,0.92,0.00,2.90,9.43,6.68,3.85,4.76
19,7.00,6.19,0.81,7.00,7.17,6.48,0.69,7.17,6.29,5.53,0.76,0.02,4.29,7.40,3.32,6.57,5.96
20,6.99,5.22,1.77,6.99,6.93,5.22,1.71,6.93,5.93,4.41,1.53,0.08,3.37,7.81,4.61,6.45,4.45
21,6.60,6.88,0.29,6.88,6.99,7.07,0.08,7.07,5.80,6.19,0.38,0.05,2.84,6.15,3.46,6.27,6.22
22,4.59,5.38,0.79,5.38,4.70,5.79,1.09,5.79,3.80,4.70,0.90,0.00,3.32,9.86,6.70,3.93,4.70
23,6.46,7.03,0.57,7.03,6.82,6.70,0.12,6.82,5.82,5.79,0.02,0.01,2.64,5.99,3.48,6.13,6.12
24,5.58,4.90,0.69,5.58,5.56,5.18,0.38,5.56,4.70,4.32,0.38,0.00,3.72,9.68,6.15,4.84,4.26
25,6.17,6.84,0.67,6.84,6.37,6.99,0.62,6.99,5.36,6.01,0.65,0.06,4.38,7.90,3.74,5.64,6.45
26,6.90,5.89,1.01,6.90,6.89,5.87,1.02,6.89,5.80,4.95,0.85,0.07,3.68,8.00,4.50,6.24,5.17
27,7.13,5.13,2.01,7.13,7.06,5.33,1.73,7.06,6.09,4.22,1.87,0.01,3.50,7.91,4.59,6.45,4.31
28,6.15,6.79,0.64,6.79,6.16,6.85,0.69,6.85,5.16,5.88,0.72,0.00,2.94,7.03,4.24,5.43,5.88
29,4.88,5.85,0.97,5.85,5.23,6.09,0.86,6.09,4.32,5.07,0.75,0.00,3.73,9.24,5.69,4.51,5.12
30,4.68,4.83,0.15,4.83,5.14,5.36,0.22,5.36,4.18,4.47,0.29,0.00,2.58,8.76,6.30,4.38,4.58
31,5.15,5.37,0.22,5.37,5.35,5.41,0.07,5.41,4.44,4.54,0.10,0.00,2.98,8.65,5.82,4.70,4.63
32,7.14,5.23,1.90,7.14,7.21,5.32,1.89,7.21,6.20,4.39,1.81,0.05,3.20,7.67,4.64,6.52,4.50
33,4.80,5.36,0.56,5.36,4.72,5.45,0.72,5.45,4.11,4.71,0.60,0.00,3.50,9.86,6.54,4.24,4.64
34,5.58,5.22,0.37,5.58,5.36,5.28,0.08,5.36,4.43,4.43,0.00,0.02,3.22,8.81,5.75,4.88,4.61
35,4.86,7.50,2.64,7.50,5.09,7.38,2.29,7.38,4.29,6.23,1.94,0.10,3.42,8.00,4.75,4.32,6.47
36,5.12,5.10,0.02,5.12,5.36,5.43,0.07,5.43,4.32,4.62,0.30,0.00,3.28,9.34,6.23,4.52,4.62
37,5.75,4.69,1.06,5.75,6.04,4.96,1.09,6.04,5.00,4.15,0.86,0.00,3.47,9.39,6.09,5.09,4.16
38,5.17,6.22,1.05,6.22,5.43,6.35,0.92,6.35,4.63,5.47,0.84,0.00,2.96,8.00,5.19,4.81,5.76
39,5.18,5.23,0.04,5.23,5.24,5.34,0.10,5.34,4.35,4.51,0.16,0.00,2.92,8.96,6.18,4.64,4.50
40,4.45,5.13,0.68,5.13,5.16,5.55,0.39,5.55,4.33,4.79,0.46,0.00,3.40,9.27,6.04,4.41,5.01
41,5.45,7.04,1.60,7.04,5.86,7.33,1.47,7.33,4.91,6.05,1.14,0.01,3.52,7.69,4.34,4.93,6.45
42,5.19,5.83,0.64,5.83,5.33,5.94,0.61,5.94,4.56,5.09,0.53,0.00,3.20,8.57,5.54,4.56,5.30
43,4.72,5.47,0.74,5.47,5.18,5.57,0.39,5.57,4.33,4.78,0.45,0.00,3.27,9.34,6.23,4.40,4.79
44,5.61,5.86,0.25,5.86,5.96,6.11,0.16,6.11,4.81,5.12,0.31,0.00,3.16,8.10,5.10,5.09,5.28
45,5.44,6.93,1.49,6.93,5.39,6.91,1.52,6.91,4.48,5.93,1.45,0.03,3.54,7.75,4.39,4.53,6.26
46,4.86,5.92,1.06,5.92,5.09,5.93,0.84,5.93,4.26,5.22,0.96,0.01,2.72,8.16,5.57,4.43,5.15
47,4.92,6.25,1.32,6.25,5.21,6.50,1.29,6.50,4.25,5.42,1.18,0.01,4.11,9.61,5.70,4.21,5.57
48,4.94,5.43,0.49,5.43,5.33,5.50,0.17,5.50,4.42,4.68,0.26,0.00,2.35,8.29,6.06,4.45,4.63
49,5.15,7.01,1.87,7.01,5.20,7.12,1.91,7.12,4.31,6.24,1.92,0.07,2.55,7.08,4.67,4.39,6.42
50,5.03,6.83,1.81,6.83,5.32,6.95,1.63,6.95,4.44,5.93,1.49,0.02,3.34,8.00,4.83,4.61,6.37
51,6.18,5.37,0.80,6.18,6.16,5.46,0.70,6.16,5.26,4.44,0.82,0.00,3.89,8.98,5.28,5.49,4.57
52,4.53,4.95,0.41,4.95,4.79,5.23,0.44,5.23,4.00,4.37,0.37,0.00,3.35,9.78,6.59,4.02,4.66
53,5.59,6.49,0.89,6.49,5.70,6.60,0.90,6.60,4.92,5.61,0.70,0.01,3.87,8.00,4.32,5.06,6.06
54,4.78,5.52,0.73,5.52,5.37,5.53,0.15,5.53,4.56,4.53,0.03,0.00,3.15,9.23,6.24,4.45,4.46
55,5.78,6.36,0.57,6.36,5.91,6.54,0.63,6.54,4.99,5.56,0.57,0.04,3.39,7.92,4.71,5.15,5.85
56,5.21,5.40,0.19,5.40,5.44,5.38,0.06,5.44,4.51,4.64,0.13,0.00,2.56,8.86,6.42,4.36,4.76
57,4.71,5.37,0.66,5.37,5.05,5.53,0.47,5.53,4.07,4.58,0.51,0.00,3.73,9.46,5.91,4.26,4.71
58,5.04,6.65,1.62,6.65,5.31,6.90,1.59,6.90,4.30,5.70,1.40,0.00,4.01,8.76,4.95,4.44,6.19
59,5.04,4.77,0.27,5.04,5.46,5.03,0.43,5.46,4.43,4.09,0.34,0.00,2.20,8.81,6.71,4.42,4.23
60,6.80,4.82,1.99,6.80,6.87,4.90,1.97,6.87,5.95,4.07,1.88,0.02,3.02,7.96,5.09,6.18,4.31
61,5.25,5.09,0.16,5.25,5.08,5.31,0.24,5.31,4.18,4.61,0.43,0.00,2.46,8.53,6.20,4.37,4.74
62,7.36,4.37,2.99,7.36,7.23,4.62,2.61,7.23,6.08,3.75,2.32,0.04,2.67,8.00,5.46,6.48,3.94
63,5.77,5.33,0.43,5.77,5.62,5.23,0.39,5.62,4.52,4.37,0.14,0.00,4.04,9.99,6.15,4.59,4.32
64,6.76,6.72,0.04,6.76,7.09,6.81,0.28,7.09,6.00,5.70,0.29,0.07,3.96,7.05,3.29,6.46,6.10
65,4.94,4.80,0.15,4.94,5.27,4.96,0.32,5.27,4.47,4.08,0.39,0.00,2.84,9.05,6.35,4.59,4.21
66,7.15,5.25,1.89,7.15,6.90,5.10,1.80,6.90,5.93,4.40,1.52,0.09,3.20,8.00,4.96,6.53,4.44
67,7.16,4.55,2.61,7.16,6.89,4.74,2.15,6.89,6.07,3.87,2.20,0.05,2.76,7.89,5.26,6.31,3.90
68,5.45,6.32,0.87,6.32,5.70,6.82,1.13,6.82,4.92,5.85,0.93,0.02,3.12,7.32,4.36,4.92,6.11
69,4.52,7.36,2.84,7.36,5.03,7.07,2.04,7.07,4.05,5.87,1.82,0.10,3.06,8.00,5.10,4.24,6.33
70,5.14,5.21,0.08,5.21,6.00,5.18,0.82,6.00,4.95,4.37,0.58,0.00,3.60,9.39,5.97,4.83,4.46
71,5.44,4.87,0.57,5.44,5.55,5.57,0.02,5.57,4.56,4.60,0.04,0.00,3.98,9.78,6.00,4.49,4.66
72,5.72,4.96,0.76,5.72,5.86,5.31,0.55,5.86,4.89,4.45,0.44,0.00,4.45,10.06,5.84,4.74,4.55
73,5.73,5.80,0.08,5.80,5.75,5.93,0.19,5.93,4.85,5.07,0.22,0.00,2.59,7.66,5.20,5.04,5.08
74,4.66,6.69,2.03,6.69,5.24,6.63,1.39,6.63,4.47,5.82,1.35,0.03,3.12,8.00,5.04,4.63,6.11
75,6.61,5.21,1.40,6.61,6.79,5.12,1.67,6.79,5.73,4.40,1.34,0.00,3.34,8.33,5.15,5.91,4.53
76,4.98,6.83,1.85,6.83,5.14,7.06,1.91,7.06,4.29,6.07,1.78,0.01,2.77,7.54,4.91,4.57,6.48
77,5.15,7.36,2.20,7.36,5.48,7.18,1.70,7.18,4.67,5.84,1.17,0.03,3.39,8.00,4.78,4.68,6.32
78,6.76,6.76,0.00,6.76,6.56,7.18,0.62,7.18,5.51,6.10,0.59,0.09,4.43,8.00,3.79,5.82,6.43
79,7.40,6.22,1.18,7.40,7.49,6.09,1.40,7.49,6.30,5.25,1.05,0.03,3.66,7.04,3.57,6.65,5.42
80,5.36,5.01,0.35,5.36,5.62,5.23,0.39,5.62,4.81,4.45,0.36,0.00,2.85,8.79,6.08,4.76,4.42
81,5.22,6.64,1.41,6.64,5.45,6.68,1.24,6.68,4.53,5.69,1.16,0.02,3.43,8.06,4.80,4.73,5.90
82,7.03,4.69,2.35,7.03,7.10,4.83,2.27,7.10,5.98,3.99,1.99,0.05,3.16,8.14,5.14,6.27,4.14
83,6.89,5.12,1.78,6.89,6.75,5.28,1.47,6.75,5.86,4.44,1.43,0.04,3.17,8.00,4.99,6.32,4.42
84,6.26,5.10,1.16,6.26,6.21,5.03,1.18,6.21,5.20,4.20,1.00,0.00,2.90,8.00,5.24,5.52,4.55
85,6.63,5.44,1.19,6.63,6.82,5.51,1.30,6.82,5.82,4.69,1.13,0.01,2.68,7.00,4.45,6.23,4.81
86,5.17,6.71,1.54,6.71,5.33,6.80,1.48,6.80,4.51,5.94,1.43,0.04,3.28,8.00,4.88,4.65,5.93
87,4.98,6.43,1.45,6.43,5.32,6.52,1.20,6.52,4.39,5.70,1.31,0.01,3.13,7.89,4.92,4.64,5.88
88,4.78,6.73,1.95,6.73,4.96,6.97,2.01,6.97,4.04,5.97,1.93,0.00,3.09,8.20,5.26,4.17,6.36
89,5.41,5.24,0.17,5.41,5.51,5.21,0.30,5.51,4.80,4.50,0.30,0.00,4.90,10.89,6.24,4.78,4.66
90,5.13,5.80,0.67,5.80,5.43,5.63,0.20,5.63,4.58,4.74,0.16,0.00,2.99,8.88,6.04,4.47,4.79
91,6.93,5.15,1.78,6.93,7.01,5.07,1.95,7.01,5.75,4.26,1.49,0.02,3.04,8.00,5.11,6.25,4.35
92,5.61,5.51,0.10,5.61,5.45,5.44,0.01,5.45,4.54,4.39,0.15,0.00,4.44,10.60,6.39,4.67,4.48
93,5.76,5.24,0.53,5.76,6.09,5.40,0.69,6.09,5.21,4.41,0.80,0.01,3.38,8.62,5.42,5.36,4.47
94,5.46,4.85,0.61,5.46,5.23,5.16,0.07,5.23,4.43,4.44,0.01,0.00,2.60,8.81,6.34,4.32,4.51
95,6.64,7.20,0.56,7.20,6.93,7.34,0.41,7.34,5.85,6.04,0.19,0.06,4.68,7.96,3.52,6.15,6.36
96,4.84,5.19,0.35,5.19,5.12,5.15,0.04,5.15,4.20,4.36,0.16,0.00,2.86,9.14,6.42,4.24,4.64
97,5.50,6.54,1.03,6.54,5.69,6.84,1.15,6.84,4.78,5.81,1.02,0.02,3.54,8.00,4.64,4.86,6.09
98,5.45,5.01,0.44,5.45,5.56,5.21,0.36,5.56,4.47,4.30,0.17,0.00,2.67,9.08,6.54,4.55,4.28
99,6.77,6.76,0.02,6.77,6.80,6.78,0.01,6.80,5.75,5.90,0.15,0.04,3.45,6.95,3.67,6.21,6.27
100,5.94,5.34,0.60,5.94,6.01,5.69,0.32,6.01,4.85,4.88,0.03,0.00,3.18,8.52,5.50,4.97,4.90
101,5.26,5.11,0.15,5.26,5.23,5.37,0.14,5.37,4.37,4.66,0.29,0.00,2.63,9.03,6.53,4.41,4.74
102,5.63,5.52,0.11,5.63,5.33,5.91,0.58,5.91,4.43,4.85,0.42,0.01,2.96,8.43,5.62,4.44,4.95
103,7.10,5.23,1.87,7.10,7.13,5.38,1.76,7.13,6.02,4.59,1.43,0.09,3.77,8.00,4.42,6.50,4.55
104,6.65,6.00,0.66,6.65,6.86,5.76,1.10,6.86,5.82,4.89,0.93,0.01,3.03,7.31,4.43,6.25,5.10
105,7.08,5.61,1.47,7.08,7.28,5.53,1.75,7.28,6.09,4.50,1.59,0.02,3.35,8.00,4.82,6.18,4.55
106,5.75,4.94,0.82,5.75,6.31,5.16,1.16,6.31,5.26,4.38,0.88,0.00,2.89,8.46,5.71,5.53,4.33
107,5.07,6.79,1.72,6.79,5.21,6.64,1.43,6.64,4.50,5.77,1.26,0.02,3.24,8.03,4.95,4.60,5.90
108,6.92,5.72,1.20,6.92,6.93,6.04,0.89,6.93,5.64,5.14,0.50,0.04,3.29,7.49,4.36,6.20,5.27
109,6.72,6.44,0.27,6.72,6.89,6.95,0.06,6.95,5.66,5.92,0.26,0.05,4.88,8.00,3.36,6.17,6.27
110,6.06,5.51,0.55,6.06,5.91,5.74,0.17,5.91,5.11,4.80,0.31,0.00,3.09,8.35,5.42,5.18,4.79
111,7.24,6.47,0.77,7.24,7.33,6.74,0.59,7.33,6.28,5.46,0.82,0.11,3.06,6.19,3.28,6.45,5.78
112,5.67,4.77,0.90,5.67,5.83,5.29,0.54,5.83,4.89,4.32,0.57,0.00,2.73,8.12,5.52,5.05,4.65
113,5.52,6.64,1.12,6.64,5.60,6.57,0.97,6.57,4.62,5.47,0.85,0.00,3.13,8.00,5.02,4.70,5.73
114,5.19,6.86,1.68,6.86,5.47,6.82,1.36,6.82,4.59,5.92,1.33,0.09,3.43,8.00,4.74,4.81,6.16
115,6.90,6.68,0.22,6.90,7.02,6.92,0.10,7.02,5.99,5.76,0.24,0.04,3.50,6.77,3.44,6.37,5.93
116,6.50,5.39,1.11,6.50,6.69,5.58,1.10,6.69,5.68,4.68,1.01,0.00,3.25,8.00,4.91,5.93,4.85
117,5.53,5.04,0.49,5.53,5.26,5.45,0.20,5.45,4.53,4.59,0.07,0.00,3.22,9.31,6.25,4.52,4.48
118,5.44,6.86,1.41,6.86,5.90,6.93,1.03,6.93,5.08,5.70,0.61,0.01,3.45,8.00,4.72,5.16,6.31
119,6.59,5.57,1.02,6.59,6.96,5.42,1.54,6.96,5.80,4.74,1.05,0.01,3.19,8.00,4.97,6.07,4.72
120,4.78,5.49,0.71,5.49,5.44,5.47,0.03,5.47,4.58,4.73,0.15,0.00,2.47,8.41,6.07,4.68,4.73
121,5.44,4.94,0.50,5.44,5.83,5.21,0.62,5.83,4.83,4.24,0.59,0.00,2.48,8.46,6.10,5.01,4.42
122,7.00,6.83,0.17,7.00,7.13,6.94,0.19,7.13,6.07,5.89,0.17,0.09,3.27,6.49,3.39,6.39,6.01
123,4.36,5.29,0.92,5.29,4.79,5.42,0.63,5.42,3.98,4.55,0.57,0.00,4.10,10.64,6.74,3.91,4.62
124,5.00,6.21,1.21,6.21,5.26,6.49,1.23,6.49,4.57,5.44,0.87,0.01,3.24,8.00,4.92,4.67,5.72
125,4.88,5.45,0.57,5.45,4.85,5.73,0.88,5.73,3.97,4.75,0.78,0.00,2.62,8.76,6.26,4.19,4.88
126,5.78,5.50,0.28,5.78,6.40,5.47,0.93,6.40,5.45,4.71,0.74,0.00,2.52,7.27,4.87,5.63,4.68
127,6.48,5.28,1.20,6.48,7.25,5.50,1.76,7.25,6.09,4.60,1.48,0.01,3.68,8.29,4.79,6.35,4.66
128,5.84,5.50,0.34,5.84,6.15,5.63,0.52,6.15,5.15,4.78,0.37,0.03,3.01,8.00,5.14,5.42,4.92
129,5.44,6.49,1.05,6.49,5.51,6.64,1.12,6.64,4.66,5.78,1.12,0.00,2.99,7.65,4.81,4.56,6.02
130,6.77,6.10,0.67,6.77,6.67,6.14,0.53,6.67,5.66,5.26,0.39,0.09,3.18,7.53,4.51,5.75,5.24
131,5.50,4.82,0.68,5.50,5.50,5.06,0.44,5.50,4.69,4.18,0.51,0.00,3.17,9.10,6.09,4.72,4.41
132,6.78,4.78,1.99,6.78,6.74,5.22,1.53,6.74,5.79,4.43,1.36,0.09,3.12,8.00,5.03,6.37,4.46
133,6.87,7.07,0.20,7.07,6.83,6.70,0.12,6.83,5.80,5.77,0.04,0.06,4.60,8.00,3.63,6.39,6.06
134,5.81,7.26,1.46,7.26,5.78,7.31,1.53,7.31,4.79,6.04,1.25,0.06,3.63,8.00,4.55,4.75,6.40
135,5.92,5.08,0.84,5.92,6.07,5.32,0.75,6.07,5.15,4.53,0.61,0.01,2.77,8.14,5.51,5.20,4.45
136,4.94,5.89,0.95,5.89,5.00,6.06,1.06,6.06,4.14,5.18,1.04,0.01,2.86,8.20,5.48,4.32,5.20
137,4.21,4.57,0.35,4.57,4.72,4.61,0.11,4.72,3.77,3.90,0.13,0.00,2.52,9.51,7.12,4.06,4.19
138,5.01,6.62,1.61,6.62,5.00,6.87,1.87,6.87,4.40,5.71,1.31,0.01,3.39,8.00,4.77,4.40,6.21
139,6.69,5.23,1.46,6.69,7.00,5.24,1.76,7.00,5.97,4.27,1.70,0.05,3.54,8.41,5.05,6.32,4.21
140,6.83,7.16,0.33,7.16,7.04,7.07,0.03,7.07,6.03,6.10,0.08,0.06,3.97,7.08,3.31,6.20,6.52
141,5.56,5.49,0.07,5.56,5.77,5.52,0.25,5.77,4.97,4.57,0.40,0.00,2.97,8.00,5.18,5.39,4.79
142,5.18,6.50,1.32,6.50,5.23,6.59,1.36,6.59,4.32,5.65,1.32,0.00,3.92,8.88,5.15,4.57,5.66
143,6.65,5.38,1.27,6.65,6.83,5.68,1.15,6.83,5.99,4.78,1.20,0.01,4.24,8.84,4.81,6.36,4.61
144,4.87,6.33,1.47,6.33,5.35,6.63,1.28,6.63,4.50,5.79,1.29,0.00,3.24,8.00,4.92,4.73,6.07
145,4.96,5.35,0.39,5.35,5.09,5.77,0.68,5.77,4.22,4.89,0.67,0.00,2.50,8.10,5.72,4.28,5.18
146,5.18,7.24,2.06,7.24,5.02,6.91,1.88,6.91,4.30,5.95,1.66,0.07,3.20,7.67,4.63,4.33,6.54
147,5.79,5.14,0.65,5.79,6.03,5.37,0.65,6.03,4.98,4.55,0.42,0.00,3.01,8.68,5.82,5.05,4.34
148,4.80,7.12,2.32,7.12,5.06,7.11,2.05,7.11,4.25,6.03,1.78,0.03,3.17,8.00,4.98,4.28,6.20
149,5.11,5.52,0.41,5.52,5.17,5.61,0.45,5.61,4.37,4.78,0.41,0.00,2.87,8.75,6.02,4.32,4.71
150,6.79,5.03,1.76,6.79,7.05,5.39,1.66,7.05,5.80,4.37,1.43,0.04,3.64,8.61,5.15,6.27,4.35
151,6.83,5.40,1.43,6.83,6.81,5.54,1.27,6.81,5.86,4.69,1.17,0.04,3.40,8.00,4.77,6.06,4.68
152,4.72,5.34,0.62,5.34,5.18,5.26,0.07,5.26,4.31,4.43,0.12,0.00,2.97,9.34,6.52,4.44,4.38
153,5.29,7.14,1.85,7.14,5.60,7.15,1.56,7.15,4.75,5.98,1.23,0.06,3.89,8.00,4.31,4.79,6.21
154,5.18,4.94,0.24,5.18,5.46,5.29,0.18,5.46,4.43,4.48,0.05,0.00,4.49,10.56,6.29,4.54,4.68
155,5.17,5.25,0.08,5.25,5.27,5.30,0.03,5.30,4.31,4.43,0.12,0.01,2.59,8.83,6.37,4.52,4.41
156,7.33,4.58,2.75,7.33,7.33,4.81,2.52,7.33,6.41,4.16,2.25,0.03,3.49,8.00,4.69,6.55,4.15
157,5.48,5.39,0.08,5.48,5.63,5.58,0.05,5.63,4.54,4.72,0.18,0.00,2.57,8.61,6.16,4.42,4.77
158,7.02,7.06,0.04,7.06,7.06,7.08,0.02,7.08,6.12,5.91,0.21,0.04,4.12,7.08,3.17,6.43,6.44
159,5.66,6.01,0.35,6.01,5.81,6.01,0.21,6.01,4.92,4.96,0.03,0.03,3.02,7.87,5.00,5.15,5.22
160,5.49,6.32,0.84,6.32,5.56,6.75,1.20,6.75,4.60,5.63,1.03,0.02,3.24,7.85,4.76,4.71,6.16
161,5.05,5.29,0.24,5.29,5.24,5.53,0.30,5.53,4.32,4.81,0.49,0.00,2.78,8.26,5.62,4.67,4.97
162,4.90,7.03,2.13,7.03,5.10,6.93,1.83,6.93,4.23,5.88,1.65,0.05,3.38,8.00,4.79,4.42,6.14
163,5.81,7.25,1.44,7.25,5.93,7.18,1.25,7.18,4.84,6.04,1.20,0.04,3.93,8.00,4.27,4.97,6.45
164,5.46,6.34,0.87,6.34,5.73,6.69,0.96,6.69,5.03,5.61,0.59,0.00,2.39,6.99,4.71,5.12,5.90
165,4.66,5.09,0.43,5.09,4.99,5.14,0.15,5.14,4.12,4.45,0.33,0.00,2.57,8.86,6.42,4.23,4.58
166,5.12,4.89,0.23,5.12,5.39,5.19,0.20,5.39,4.51,4.37,0.14,0.00,2.62,8.72,6.23,4.62,4.37
167,5.60,5.33,0.26,5.60,5.44,5.38,0.06,5.44,4.64,4.55,0.09,0.01,2.51,8.38,5.99,4.83,4.43
168,5.28,5.06,0.22,5.28,5.64,5.26,0.39,5.64,4.77,4.40,0.37,0.00,3.60,9.62,6.20,4.73,4.49
169,5.73,6.29,0.57,6.29,5.72,6.52,0.80,6.52,4.84,5.68,0.84,0.02,2.87,7.42,4.69,4.98,5.90
170,4.98,5.94,0.96,5.94,5.30,6.44,1.14,6.44,4.37,5.53,1.16,0.00,2.75,8.00,5.39,4.45,5.84
171,7.29,6.69,0.60,7.29,7.20,6.79,0.41,7.20,5.99,5.84,0.15,0.05,4.17,7.34,3.38,6.56,6.09
172,6.36,4.55,1.80,6.36,5.98,4.53,1.45,5.98,4.99,3.95,1.04,0.02,2.58,8.36,5.91,5.14,4.07
173,5.38,6.44,1.06,6.44,5.50,6.59,1.08,6.59,4.75,5.75,1.00,0.00,4.00,8.34,4.54,4.80,6.14
174,4.96,5.64,0.67,5.64,5.02,5.86,0.83,5.86,4.24,4.93,0.69,0.00,2.56,8.20,5.76,4.28,5.14
175,5.73,6.75,1.02,6.75,5.78,6.92,1.15,6.92,4.91,5.71,0.80,0.02,3.31,7.71,4.57,4.89,5.83
176,6.93,5.15,1.78,6.93,6.74,5.36,1.38,6.74,5.54,4.62,0.92,0.08,3.26,8.00,4.91,5.76,4.79
177,6.49,6.30,0.18,6.49,6.52,6.48,0.04,6.52,5.38,5.62,0.24,0.02,2.57,6.43,3.99,5.97,5.77
178,5.42,5.20,0.22,5.42,5.42,5.44,0.02,5.44,4.59,4.72,0.13,0.00,3.18,8.98,5.96,4.66,4.78
179,5.41,5.61,0.20,5.61,5.53,5.94,0.41,5.94,4.59,5.07,0.48,0.00,3.03,8.56,5.68,4.63,5.23
180,4.84,5.41,0.57,5.41,5.20,5.65,0.45,5.65,4.19,4.66,0.47,0.00,3.11,9.41,6.46,4.30,4.75
181,5.65,4.42,1.23,5.65,5.77,4.92,0.85,5.77,4.96,4.02,0.94,0.00,4.65,10.76,6.34,4.90,4.19
182,5.50,6.83,1.33,6.83,5.71,6.92,1.21,6.92,4.75,5.92,1.17,0.01,3.66,8.00,4.52,4.80,6.15
183,5.46,5.55,0.09,5.55,5.42,5.62,0.20,5.62,4.56,4.75,0.19,0.00,3.24,8.80,5.72,4.52,4.90
184,4.59,5.45,0.86,5.45,5.31,5.51,0.20,5.51,4.35,4.76,0.42,0.00,2.70,9.00,6.43,4.33,4.67
185,4.85,6.05,1.20,6.05,5.00,6.36,1.36,6.36,4.25,5.28,1.03,0.00,2.81,7.97,5.30,4.52,5.45
186,5.68,5.40,0.28,5.68,5.64,5.40,0.24,5.64,4.71,4.55,0.16,0.00,2.40,8.57,6.30,4.55,4.59
187,4.94,4.96,0.02,4.96,5.21,5.46,0.25,5.46,4.30,4.49,0.19,0.00,3.14,9.09,6.11,4.33,4.88
188,6.43,5.94,0.49,6.43,6.67,6.25,0.41,6.67,5.51,5.28,0.23,0.01,3.84,7.72,4.07,5.91,5.85
189,6.80,4.62,2.18,6.80,6.98,5.26,1.72,6.98,5.98,4.33,1.66,0.01,3.49,8.30,4.98,6.42,4.43
190,5.34,6.45,1.11,6.45,5.18,6.82,1.64,6.82,4.38,5.75,1.37,0.03,3.48,8.00,4.69,4.49,5.99
191,7.10,5.48,1.62,7.10,7.03,5.75,1.28,7.03,5.82,4.77,1.05,0.00,3.64,8.00,4.54,6.24,4.82
192,6.66,5.15,1.51,6.66,6.85,5.40,1.45,6.85,5.85,4.50,1.35,0.00,3.39,8.00,4.78,6.29,4.69
193,5.02,6.60,1.58,6.60,5.04,6.78,1.74,6.78,4.17,5.90,1.72,0.03,3.83,8.57,4.93,4.31,6.15
194,7.51,5.34,2.17,7.51,7.05,5.46,1.59,7.05,6.19,4.62,1.57,0.01,3.63,8.03,4.58,6.31,4.79
195,5.69,4.86,0.83,5.69,5.80,5.12,0.67,5.80,4.72,4.34,0.38,0.02,2.93,9.03,6.24,4.89,4.53
196,4.66,7.25,2.59,7.25,5.06,7.27,2.21,7.27,4.21,6.20,1.99,0.12,3.20,8.00,4.96,4.19,6.38
197,5.24,5.29,0.05,5.29,5.42,5.44,0.02,5.44,4.56,4.72,0.16,0.01,2.68,8.58,6.03,4.73,4.60
198,5.03,5.61,0.58,5.61,5.32,5.76,0.44,5.76,4.35,4.76,0.41,0.00,3.20,8.76,5.73,4.38,4.96
199,4.98,6.18,1.20,6.18,5.28,6.09,0.81,6.09,4.40,5.15,0.75,0.03,3.89,9.47,5.77,4.64,5.00
200,5.12,5.48,0.35,5.48,5.42,5.43,0.01,5.43,4.66,4.59,0.08,0.00,3.67,9.28,5.79,4.82,4.75
201,6.67,5.83,0.84,6.67,6.80,6.16,0.64,6.80,5.88,5.16,0.72,0.08,2.75,6.37,3.76,6.44,5.39
202,5.48,4.82,0.66,5.48,5.68,5.25,0.43,5.68,5.04,4.24,0.80,0.00,2.70,8.15,5.58,5.07,4.48
203,6.40,5.19,1.21,6.40,6.56,5.15,1.41,6.56,5.54,4.20,1.34,0.04,3.16,8.00,5.00,6.11,4.57
204,6.05,6.03,0.03,6.05,6.42,5.90,0.52,6.42,5.64,4.90,0.74,0.01,3.26,8.00,4.90,5.74,4.90
205,7.07,4.43,2.64,7.07,6.82,5.08,1.75,6.82,5.85,4.19,1.66,0.06,3.07,7.88,4.96,6.43,4.27
206,5.50,5.64,0.14,5.64,5.44,5.66,0.22,5.66,4.68,4.84,0.15,0.00,3.59,9.26,5.85,4.60,4.95
207,5.34,6.63,1.29,6.63,5.53,6.77,1.24,6.77,4.54,5.88,1.34,0.03,3.18,8.00,4.98,4.46,6.29
208,5.31,6.62,1.32,6.62,5.47,6.82,1.35,6.82,4.78,5.73,0.95,0.00,3.75,8.40,4.84,4.70,5.92
209,5.20,6.15,0.95,6.15,5.43,6.43,1.00,6.43,4.46,5.42,0.96,0.00,3.36,8.82,5.63,4.30,5.54
210,5.55,4.96,0.60,5.55,5.72,5.35,0.37,5.72,4.76,4.49,0.27,0.00,3.76,9.38,5.80,4.62,4.65
211,6.75,5.02,1.74,6.75,6.77,5.25,1.52,6.77,5.72,4.28,1.43,0.00,2.82,7.92,5.24,6.23,4.44
212,5.39,4.82,0.57,5.39,5.19,4.76,0.43,5.19,4.38,3.93,0.44,0.00,3.28,9.47,6.36,4.79,4.17
213,5.50,7.14,1.64,7.14,5.93,7.13,1.20,7.13,5.04,6.23,1.18,0.12,3.37,6.83,3.63,5.40,6.71
214,5.62,5.45,0.17,5.62,5.77,5.55,0.21,5.77,4.80,4.58,0.22,0.00,2.62,8.35,5.87,4.98,4.71
215,6.39,5.70,0.69,6.39,6.82,5.66,1.15,6.82,5.78,4.88,0.90,0.04,3.81,8.00,4.38,6.19,4.92
216,5.21,5.95,0.74,5.95,5.37,5.85,0.48,5.85,4.49,4.79,0.30,0.00,2.32,8.23,6.02,4.45,4.77
217,5.19,4.71,0.48,5.19,5.23,5.07,0.15,5.23,4.26,4.29,0.03,0.00,2.21,8.70,6.61,4.27,4.46
218,6.52,5.32,1.20,6.52,6.63,5.40,1.23,6.63,5.51,4.50,1.00,0.02,3.34,8.00,4.82,6.28,4.79
219,4.61,5.05,0.44,5.05,5.22,5.14,0.08,5.22,4.18,4.51,0.33,0.00,4.27,10.55,6.49,4.37,4.59
220,4.94,5.44,0.50,5.44,5.13,5.74,0.60,5.74,4.49,4.84,0.35,0.00,4.43,9.88,5.67,4.73,4.89
221,5.93,6.37,0.44,6.37,6.10,6.42,0.32,6.42,5.38,5.63,0.24,0.03,2.81,6.85,4.19,5.50,5.70
222,5.23,7.19,1.96,7.19,5.28,7.26,1.98,7.26,4.53,6.24,1.70,0.09,2.71,6.99,4.42,4.51,6.30
223,6.45,5.74,0.71,6.45,6.58,6.01,0.57,6.58,5.46,5.10,0.36,0.01,3.55,7.99,4.62,5.78,5.32
224,6.88,6.44,0.44,6.88,6.91,6.50,0.41,6.91,5.84,5.49,0.35,0.01,3.93,7.70,3.96,6.23,5.80
225,7.49,6.92,0.57,7.49,7.24,6.83,0.41,7.24,6.15,5.87,0.28,0.06,4.85,8.00,3.39,6.45,6.43
226,5.36,4.65,0.72,5.36,5.48,4.77,0.71,5.48,4.49,3.87,0.63,0.00,3.91,10.46,6.75,4.61,3.82
227,6.62,4.89,1.73,6.62,6.54,5.46,1.08,6.54,5.65,4.42,1.23,0.00,3.31,8.17,5.02,6.18,4.40
228,5.01,5.39,0.38,5.39,5.34,5.42,0.08,5.42,4.50,4.47,0.03,0.00,2.54,8.60,6.18,4.44,4.38
229,4.90,4.81,0.09,4.90,5.13,5.32,0.19,5.32,4.43,4.45,0.03,0.00,4.24,10.56,6.54,4.37,4.38
230,5.50,5.12,0.38,5.50,5.66,5.26,0.39,5.66,4.68,4.58,0.10,0.00,3.54,9.40,6.04,4.67,4.46
231,7.01,5.09,1.92,7.01,7.08,5.58,1.50,7.08,5.82,4.62,1.20,0.03,3.39,8.00,4.78,6.22,4.51
232,6.97,5.10,1.86,6.97,7.07,5.07,2.00,7.07,6.03,4.26,1.77,0.06,3.32,8.00,4.85,6.49,4.24
233,5.42,5.16,0.26,5.42,5.64,5.34,0.30,5.64,4.64,4.49,0.16,0.00,2.67,8.94,6.40,4.68,4.42
234,5.80,7.34,1.53,7.34,6.14,7.17,1.03,7.17,5.12,6.05,0.93,0.07,3.83,7.60,3.96,5.36,6.42
235,4.86,4.95,0.09,4.95,5.13,5.07,0.06,5.13,4.18,4.30,0.12,0.00,3.20,9.60,6.56,4.23,4.46
236,7.00,5.71,1.29,7.00,7.00,5.79,1.22,7.00,6.11,4.94,1.17,0.01,2.34,6.81,4.59,6.23,4.79
237,6.88,5.16,1.71,6.88,7.11,5.19,1.92,7.11,5.92,4.46,1.46,0.04,3.54,8.00,4.64,6.54,4.60
238,5.58,7.19,1.60,7.19,5.80,7.01,1.21,7.01,5.11,5.88,0.77,0.02,2.52,6.32,3.93,5.51,6.17
239,4.99,5.55,0.56,5.55,5.11,5.39,0.28,5.39,4.28,4.59,0.31,0.00,2.95,9.01,6.21,4.61,4.75
240,5.52,5.68,0.17,5.68,5.34,5.68,0.34,5.68,4.56,4.91,0.35,0.00,3.10,9.07,6.13,4.54,4.85
241,7.26,4.97,2.29,7.26,7.25,5.21,2.04,7.25,6.18,4.29,1.89,0.07,3.25,7.63,4.55,6.63,4.33
242,4.79,6.72,1.93,6.72,4.97,6.83,1.87,6.83,4.20,5.82,1.62,0.04,2.80,7.50,4.84,4.34,6.22
243,5.76,4.70,1.07,5.76,5.87,5.14,0.74,5.87,5.10,4.33,0.77,0.00,3.03,8.32,5.43,5.21,4.64
244,5.13,4.57,0.56,5.13,5.18,4.87,0.31,5.18,4.39,4.08,0.32,0.00,3.32,9.61,6.46,4.54,4.16
245,6.83,7.03,0.20,7.03,6.92,6.89,0.03,6.92,5.99,5.92,0.06,0.03,3.83,7.06,3.42,6.38,6.30
246,5.50,5.59,0.10,5.59,5.42,5.85,0.43,5.85,4.57,4.94,0.37,0.00,2.91,8.52,5.76,4.57,5.08
247,5.19,5.33,0.14,5.33,4.96,5.47,0.51,5.47,4.15,4.56,0.41,0.00,3.34,9.78,6.61,4.18,4.55
248,7.46,4.81,2.65,7.46,7.35,5.24,2.11,7.35,5.97,4.35,1.62,0.09,3.64,8.00,4.54,6.49,4.54
249,6.01,5.35,0.66,6.01,5.92,5.46,0.46,5.92,5.12,4.66,0.46,0.01,3.02,8.00,5.13,5.29,4.79
250,6.81,7.01,0.20,7.01,6.74,7.04,0.30,7.04,6.02,6.07,0.06,0.06,3.06,6.02,3.11,6.22,6.26
251,5.26,5.31,0.06,5.31,5.36,5.42,0.06,5.42,4.51,4.60,0.09,0.01,2.38,8.56,6.30,4.64,4.81
252,4.89,5.31,0.41,5.31,4.83,5.40,0.58,5.40,3.94,4.58,0.64,0.00,3.24,9.69,6.62,4.06,4.57
253,5.02,5.84,0.82,5.84,5.47,5.94,0.47,5.94,4.58,4.89,0.31,0.00,2.43,8.09,5.78,4.59,5.13
254,5.43,5.15,0.28,5.43,5.53,5.29,0.23,5.53,4.64,4.32,0.32,0.00,3.40,9.64,6.42,4.54,4.40
255,5.00,5.40,0.40,5.40,5.42,5.59,0.17,5.59,4.25,4.70,0.45,0.00,2.65,8.88,6.37,4.37,4.61
256,5.00,5.26,0.26,5.26,5.09,5.49,0.40,5.49,4.35,4.52,0.17,0.00,3.53,9.28,5.92,4.69,4.67
257,4.74,6.91,2.18,6.91,4.84,7.14,2.31,7.14,4.03,6.07,2.05,0.02,2.97,7.67,4.84,4.23,6.64
258,6.40,5.09,1.31,6.40,6.45,5.49,0.96,6.45,5.46,4.52,0.94,0.00,3.27,8.50,5.39,5.55,4.47
259,5.06,6.15,1.09,6.15,5.29,6.07,0.78,6.07,4.48,5.21,0.73,0.00,3.36,8.75,5.56,4.55,5.26
260,7.00,6.35,0.65,7.00,7.18,6.63,0.55,7.18,6.16,5.59,0.56,0.00,3.71,6.90,3.38,6.54,6.02
261,5.60,6.40,0.80,6.40,6.04,6.61,0.57,6.61,5.21,5.60,0.39,0.01,3.26,7.39,4.30,5.08,6.38
262,5.38,4.89,0.49,5.38,5.30,5.24,0.06,5.30,4.50,4.32,0.18,0.00,3.61,9.80,6.37,4.50,4.25
263,6.04,6.43,0.39,6.43,6.24,6.66,0.43,6.66,5.23,5.71,0.49,0.02,3.40,7.51,4.28,5.20,6.09
264,5.75,5.41,0.34,5.75,5.74,5.50,0.25,5.74,4.80,4.56,0.24,0.00,3.69,9.43,5.92,4.82,4.74
265,6.92,6.19,0.73,6.92,7.13,6.25,0.88,7.13,6.07,5.44,0.63,0.02,4.40,8.00,3.82,6.17,5.83
266,5.33,5.77,0.44,5.77,5.21,5.82,0.61,5.82,4.54,4.75,0.21,0.00,2.81,8.58,5.91,4.45,5.01
267,5.09,5.52,0.44,5.52,5.38,5.61,0.23,5.61,4.59,4.78,0.19,0.00,3.40,8.90,5.67,4.60,4.99
268,6.19,6.73,0.55,6.73,6.42,6.54,0.12,6.54,5.39,5.69,0.30,0.01,3.62,7.49,4.05,5.81,5.83
269,4.98,4.83,0.15,4.98,5.23,5.13,0.10,5.23,4.34,4.44,0.10,0.00,3.95,10.10,6.34,4.51,4.57
270,5.80,5.27,0.53,5.80,6.10,5.41,0.69,6.10,5.13,4.56,0.57,0.00,2.66,8.03,5.50,5.15,4.80
271,4.95,5.04,0.08,5.04,5.32,5.20,0.12,5.32,4.46,4.40,0.06,0.00,3.25,9.30,6.21,4.56,4.53
272,5.08,7.26,2.18,7.26,5.40,7.28,1.89,7.28,4.38,6.00,1.62,0.07,4.01,8.45,4.65,4.51,6.36
273,4.98,4.98,0.00,4.98,5.22,5.25,0.04,5.25,4.32,4.48,0.16,0.00,3.23,9.45,6.38,4.45,4.52
274,6.20,5.24,0.97,6.20,6.32,5.20,1.11,6.32,5.43,4.52,0.90,0.01,3.83,8.81,5.18,5.48,4.65
275,6.02,5.09,0.92,6.02,6.16,5.33,0.83,6.16,5.09,4.52,0.57,0.01,3.99,9.23,5.44,5.31,4.47
276,5.52,7.04,1.52,7.04,5.97,6.92,0.95,6.92,5.09,6.06,0.97,0.06,3.44,7.35,4.08,5.09,6.29
277,6.77,5.64,1.13,6.77,7.06,5.78,1.28,7.06,5.80,4.71,1.10,0.02,4.10,8.17,4.28,6.31,5.00
278,4.75,7.35,2.60,7.35,4.95,6.98,2.03,6.98,4.18,5.88,1.69,0.03,2.89,8.00,5.25,4.39,6.25
279,5.03,4.72,0.31,5.03,5.41,5.16,0.25,5.41,4.60,4.31,0.29,0.00,3.77,9.56,5.97,4.72,4.45
280,6.64,5.13,1.50,6.64,6.71,5.22,1.49,6.71,5.73,4.37,1.36,0.12,3.30,8.24,5.11,6.06,4.44
281,4.90,6.85,1.95,6.85,5.12,6.95,1.83,6.95,4.27,5.92,1.65,0.00,3.29,8.00,4.87,4.37,6.52
282,6.73,4.55,2.18,6.73,7.20,4.98,2.22,7.20,5.93,4.01,1.92,0.00,3.14,8.00,5.01,6.38,4.13
283,5.22,5.62,0.39,5.62,5.83,5.77,0.06,5.83,4.85,4.81,0.05,0.00,3.19,8.58,5.55,4.95,4.90
284,7.36,6.58,0.78,7.36,7.43,6.30,1.13,7.43,6.34,5.43,0.90,0.05,4.71,8.00,3.53,6.72,5.71
285,5.17,5.44,0.26,5.44,5.31,5.59,0.28,5.59,4.40,4.60,0.20,0.00,3.16,9.25,6.25,4.63,4.57
286,5.21,4.87,0.34,5.21,5.76,5.11,0.65,5.76,4.71,4.26,0.45,0.00,3.64,9.80,6.33,4.75,4.16
287,6.39,5.49,0.89,6.39,6.51,5.66,0.85,6.51,5.58,4.64,0.94,0.00,3.11,8.00,5.05,6.22,4.49
288,5.15,7.07,1.92,7.07,5.20,7.19,1.99,7.19,4.51,6.04,1.54,0.02,3.82,8.47,4.84,4.65,6.37
289,6.57,5.19,1.38,6.57,6.63,5.39,1.24,6.63,5.70,4.25,1.45,0.03,2.08,6.96,4.98,6.18,4.28
290,6.79,5.18,1.61,6.79,6.82,5.32,1.49,6.82,5.94,4.41,1.53,0.07,3.23,7.81,4.74,6.32,4.54
291,6.61,4.59,2.01,6.61,6.89,4.89,2.01,6.89,5.90,4.04,1.86,0.00,3.02,8.00,5.13,6.11,4.29
292,6.90,5.99,0.91,6.90,6.93,5.86,1.07,6.93,5.86,5.04,0.82,0.03,2.94,6.89,4.10,6.08,5.18
293,6.93,5.48,1.45,6.93,6.66,5.66,0.99,6.66,5.74,4.78,0.96,0.02,2.61,7.16,4.68,6.02,4.79
294,7.25,5.03,2.22,7.25,7.52,5.15,2.36,7.52,6.32,4.19,2.13,0.00,3.99,8.43,4.64,6.68,4.30
295,6.07,6.30,0.23,6.30,6.25,6.34,0.09,6.34,5.32,5.53,0.21,0.03,3.41,7.40,4.16,5.53,5.87
296,6.02,5.82,0.21,6.02,6.27,5.87,0.40,6.27,5.24,4.85,0.40,0.00,3.16,8.00,4.99,5.64,4.84
297,4.36,4.76,0.39,4.76,4.76,5.16,0.40,5.16,3.87,4.49,0.62,0.00,3.12,9.61,6.64,4.06,4.55
298,4.78,5.42,0.64,5.42,5.18,5.54,0.35,5.54,4.32,4.65,0.33,0.00,2.50,8.68,6.31,4.55,4.74
299,4.65,7.07,2.42,7.07,5.21,7.02,1.81,7.02,4.41,5.95,1.55,0.04,3.66,8.27,4.79,4.52,6.38
300,6.96,7.16,0.20,7.16,6.87,7.20,0.33,7.20,5.70,6.07,0.37,0.02,4.70,8.00,3.54,5.97,6.60
301,6.06,6.69,0.63,6.69,6.03,6.94,0.91,6.94,5.08,5.92,0.85,0.02,3.20,7.26,4.22,5.31,6.18
302,5.23,4.95,0.28,5.23,5.35,5.15,0.20,5.35,4.43,4.31,0.12,0.00,2.98,9.31,6.48,4.70,4.23
303,6.05,5.35,0.70,6.05,6.20,5.65,0.55,6.20,5.15,4.78,0.37,0.00,2.80,8.00,5.34,5.34,5.02
304,5.69,4.96,0.73,5.69,5.87,5.26,0.62,5.87,4.93,4.40,0.53,0.00,3.89,9.60,5.90,5.26,4.38
305,6.09,5.13,0.96,6.09,6.44,5.30,1.13,6.44,5.45,4.48,0.98,0.00,2.99,8.00,5.16,5.68,4.56
306,4.59,7.27,2.68,7.27,4.79,7.04,2.25,7.04,4.05,6.13,2.08,0.08,3.08,8.00,5.08,4.26,6.32
307,5.47,6.09,0.62,6.09,5.37,6.16,0.79,6.16,4.60,5.18,0.58,0.01,3.88,9.14,5.46,4.50,5.47
308,4.75,7.42,2.67,7.42,5.04,7.41,2.37,7.41,4.17,6.23,2.06,0.13,3.63,8.01,4.56,4.41,6.47
309,7.00,6.78,0.22,7.00,6.99,7.10,0.11,7.10,5.94,6.10,0.15,0.16,3.90,6.97,3.27,6.32,6.40
310,4.97,4.75,0.22,4.97,5.23,5.10,0.14,5.23,4.36,4.28,0.08,0.00,3.65,9.93,6.47,4.53,4.34
311,5.01,4.68,0.33,5.01,5.50,4.95,0.55,5.50,4.54,4.32,0.22,0.00,2.43,8.65,6.34,4.53,4.39
312,5.50,6.37,0.88,6.37,5.48,6.60,1.12,6.60,4.35,5.54,1.20,0.00,3.03,8.00,5.12,4.31,6.13
313,5.11,5.13,0.02,5.13,5.21,5.31,0.10,5.31,4.30,4.52,0.23,0.01,2.46,8.38,6.05,4.36,4.65
314,6.48,5.63,0.85,6.48,6.72,5.79,0.93,6.72,5.77,4.82,0.95,0.01,3.57,7.52,4.12,6.33,5.13
315,4.80,5.09,0.29,5.09,5.01,5.57,0.56,5.57,4.06,4.66,0.60,0.00,2.79,8.93,6.27,4.29,4.60
316,5.62,5.70,0.08,5.70,5.67,5.61,0.05,5.67,4.89,4.72,0.17,0.00,3.29,8.85,5.73,4.99,4.81
317,6.60,6.89,0.29,6.89,6.98,6.79,0.19,6.98,6.10,5.77,0.33,0.02,3.45,6.72,3.45,6.29,6.06
318,5.76,4.93,0.83,5.76,6.02,5.42,0.61,6.02,4.87,4.49,0.39,0.00,3.02,8.73,5.87,5.04,4.49
319,7.26,5.17,2.09,7.26,6.91,5.57,1.33,6.91,5.95,4.62,1.33,0.06,3.40,7.70,4.47,6.29,4.80
320,4.77,5.17,0.40,5.17,5.28,5.24,0.04,5.28,4.17,4.31,0.15,0.00,3.03,9.43,6.55,4.30,4.32
321,6.83,5.55,1.28,6.83,6.87,5.44,1.44,6.87,5.79,4.55,1.23,0.02,3.42,8.00,4.75,6.15,4.62
322,7.22,6.40,0.82,7.22,6.88,6.40,0.48,6.88,5.83,5.41,0.42,0.13,3.43,7.34,4.08,6.13,5.50
323,7.51,4.73,2.79,7.51,7.44,5.07,2.37,7.44,6.36,4.18,2.19,0.04,3.32,8.00,4.84,6.46,4.38
324,4.63,6.67,2.05,6.67,4.99,6.68,1.69,6.68,4.24,5.95,1.71,0.03,3.83,8.57,4.93,4.38,6.16
325,5.01,7.01,2.00,7.01,5.48,7.19,1.71,7.19,4.46,6.00,1.54,0.09,3.80,8.00,4.39,4.74,6.36
326,4.77,5.36,0.59,5.36,5.20,5.60,0.40,5.60,4.38,4.65,0.27,0.00,3.70,9.56,6.04,4.54,4.70
327,5.09,4.50,0.59,5.09,5.11,4.95,0.16,5.11,4.25,4.14,0.11,0.00,3.00,9.58,6.74,4.31,4.34
328,6.00,5.06,0.95,6.00,6.08,5.45,0.63,6.08,4.96,4.53,0.42,0.00,2.67,8.00,5.47,5.23,4.79
329,5.60,5.79,0.19,5.79,5.87,5.92,0.06,5.92,4.95,4.89,0.05,0.00,3.63,8.77,5.32,5.11,5.18
330,6.52,5.24,1.28,6.52,6.87,5.35,1.52,6.87,5.81,4.46,1.35,0.00,4.71,9.63,5.16,6.09,4.54
331,5.44,6.97,1.53,6.97,5.96,7.25,1.29,7.25,5.00,6.00,1.00,0.06,4.26,8.00,3.95,5.04,6.29
332,6.45,5.34,1.11,6.45,6.60,5.47,1.13,6.60,5.63,4.61,1.02,0.02,3.62,8.38,4.94,5.88,4.75
333,6.24,5.16,1.08,6.24,6.28,5.46,0.82,6.28,5.26,4.43,0.83,0.00,2.82,7.90,5.22,5.68,4.56
334,6.59,4.94,1.65,6.59,6.58,5.30,1.27,6.58,5.74,4.37,1.37,0.02,2.87,8.00,5.27,6.02,4.32
335,4.84,5.90,1.06,5.90,5.09,5.82,0.73,5.82,4.28,4.93,0.65,0.02,3.04,8.93,6.04,4.37,4.96
336,4.95,5.13,0.18,5.13,4.79,5.39,0.61,5.39,3.94,4.51,0.57,0.00,3.29,9.67,6.54,4.25,4.68
337,5.13,5.49,0.36,5.49,5.12,5.29,0.17,5.29,4.34,4.44,0.11,0.00,2.66,8.90,6.38,4.30,4.60
338,4.49,5.90,1.41,5.90,4.58,6.28,1.71,6.28,3.68,5.29,1.61,0.00,2.35,8.12,5.88,3.78,5.32
339,6.03,5.28,0.74,6.03,6.41,5.31,1.10,6.41,5.41,4.51,0.90,0.04,2.76,7.65,5.03,5.76,4.46
340,5.05,7.17,2.12,7.17,5.20,7.19,1.99,7.19,4.23,6.11,1.88,0.03,3.46,8.00,4.71,4.49,6.55
341,5.27,4.39,0.88,5.27,5.24,5.01,0.23,5.24,4.45,4.12,0.33,0.00,2.91,9.38,6.62,4.53,4.12
342,5.01,5.19,0.19,5.19,5.21,5.40,0.19,5.40,4.29,4.48,0.19,0.00,2.94,9.28,6.48,4.54,4.53
343,5.48,4.85,0.63,5.48,5.48,5.35,0.12,5.48,4.66,4.41,0.26,0.00,3.48,9.43,6.13,4.93,4.49
344,6.78,6.11,0.67,6.78,6.59,6.58,0.01,6.59,5.77,5.55,0.22,0.01,3.65,7.44,3.97,5.95,5.76
345,5.01,5.42,0.41,5.42,4.94,5.79,0.85,5.79,4.30,4.77,0.47,0.00,3.75,10.01,6.45,4.48,4.53
346,7.25,5.46,1.79,7.25,7.29,5.57,1.72,7.29,6.18,4.62,1.56,0.06,2.90,7.08,4.32,6.56,4.55
347,6.43,5.09,1.34,6.43,6.53,5.53,1.00,6.53,5.61,4.47,1.14,0.00,3.22,8.00,4.94,6.07,4.75
348,5.32,6.73,1.41,6.73,5.44,6.83,1.39,6.83,4.59,5.90,1.31,0.01,3.24,8.00,4.92,4.79,6.22
349,6.94,5.33,1.60,6.94,6.83,5.66,1.17,6.83,5.67,4.70,0.97,0.03,3.51,7.89,4.56,6.17,4.71
350,5.71,5.80,0.09,5.80,5.67,6.14,0.47,6.14,4.80,5.22,0.43,0.00,4.06,8.87,5.01,5.17,5.27
351,7.00,6.15,0.86,7.00,7.14,6.16,0.98,7.14,6.01,5.22,0.79,0.01,4.32,8.20,4.10,6.35,5.38
352,4.89,5.36,0.47,5.36,5.26,5.33,0.07,5.33,4.31,4.39,0.08,0.00,3.45,9.69,6.41,4.44,4.57
353,5.18,6.29,1.12,6.29,5.23,6.56,1.33,6.56,4.43,5.55,1.12,0.00,3.12,8.50,5.54,4.42,5.63
354,4.78,7.19,2.41,7.19,5.21,6.89,1.68,6.89,4.32,6.01,1.68,0.04,3.13,8.00,5.03,4.48,6.30
355,5.55,5.26,0.29,5.55,5.16,5.16,0.00,5.16,4.39,4.33,0.06,0.00,2.94,9.11,6.32,4.39,4.47
356,6.75,5.65,1.10,6.75,7.19,5.64,1.55,7.19,6.04,4.62,1.42,0.03,3.50,8.00,4.67,6.35,4.56
357,4.90,6.87,1.97,6.87,5.39,7.10,1.71,7.10,4.38,6.10,1.72,0.04,3.42,7.99,4.74,4.33,6.26
358,5.49,5.58,0.09,5.58,5.69,5.59,0.10,5.69,4.62,4.67,0.04,0.00,2.92,8.69,5.91,4.74,4.64
359,5.26,7.16,1.90,7.16,5.15,6.98,1.84,6.98,4.51,5.78,1.28,0.05,2.99,8.00,5.16,4.33,5.98
360,6.13,7.05,0.93,7.05,6.27,7.25,0.98,7.25,5.28,5.96,0.68,0.09,3.80,7.31,3.70,5.58,6.58
361,5.15,5.25,0.10,5.25,5.24,5.42,0.18,5.42,4.48,4.47,0.00,0.00,2.96,8.88,6.07,4.57,4.56
362,7.13,5.27,1.86,7.13,7.00,5.44,1.56,7.00,5.88,4.50,1.39,0.05,3.83,8.29,4.65,6.41,4.66
363,5.07,5.33,0.26,5.33,5.24,5.57,0.33,5.57,4.37,4.55,0.18,0.00,2.89,9.11,6.36,4.52,4.38
364,5.06,5.95,0.89,5.95,5.43,6.11,0.67,6.11,4.60,5.03,0.43,0.00,2.40,8.00,5.72,4.53,5.22
365,5.32,6.15,0.83,6.15,5.79,6.06,0.27,6.06,4.99,4.86,0.13,0.00,2.56,8.00,5.57,5.04,4.84
366,4.90,6.96,2.06,6.96,5.27,7.05,1.77,7.05,4.37,5.89,1.52,0.01,3.40,8.00,4.77,4.62,6.41
367,5.03,6.71,1.68,6.71,5.14,6.90,1.77,6.90,4.41,5.92,1.51,0.02,2.74,7.87,5.26,4.31,6.04
368,6.95,3.98,2.98,6.95,6.87,4.52,2.35,6.87,6.03,3.77,2.26,0.06,3.12,8.38,5.42,6.37,3.90
369,6.48,5.23,1.25,6.48,6.78,5.37,1.41,6.78,5.75,4.45,1.30,0.02,3.15,8.13,5.14,5.97,4.38
370,6.01,5.37,0.64,6.01,6.33,5.35,0.98,6.33,5.42,4.55,0.88,0.00,3.04,8.11,5.22,5.76,4.54
371,6.05,5.43,0.62,6.05,6.21,5.49,0.73,6.21,5.20,4.69,0.51,0.00,2.98,8.00,5.17,5.48,4.81
372,6.69,6.79,0.10,6.79,6.89,6.44,0.45,6.89,5.87,5.55,0.32,0.06,2.63,6.13,3.63,5.97,5.65
373,5.64,5.05,0.59,5.64,5.82,5.16,0.66,5.82,4.91,4.29,0.62,0.00,2.53,8.35,5.95,5.08,4.51
374,6.71,5.89,0.83,6.71,6.70,5.65,1.05,6.70,5.70,4.57,1.14,0.00,2.94,7.94,5.15,5.87,4.71
375,6.61,6.75,0.14,6.75,6.66,6.76,0.10,6.76,5.77,5.87,0.11,0.07,4.31,7.73,3.63,6.34,6.14
376,4.98,4.69,0.30,4.98,5.38,5.00,0.38,5.38,4.34,4.23,0.12,0.00,3.34,9.69,6.52,4.45,4.47
377,5.79,5.12,0.67,5.79,5.82,5.53,0.29,5.82,4.98,4.68,0.30,0.00,3.87,9.64,5.96,5.03,4.72
378,6.07,5.43,0.63,6.07,6.17,5.55,0.62,6.17,5.27,4.60,0.67,0.00,2.92,7.94,5.16,5.29,4.88
379,7.00,6.18,0.82,7.00,6.77,6.63,0.14,6.77,5.70,5.57,0.13,0.04,3.96,7.95,4.18,6.17,5.77
380,6.63,5.22,1.41,6.63,6.65,5.88,0.77,6.65,5.73,4.92,0.82,0.00,3.06,7.21,4.30,6.09,5.21
381,5.75,6.63,0.88,6.63,5.84,6.55,0.71,6.55,5.12,5.73,0.60,0.03,3.59,7.60,4.19,5.36,6.07
382,6.96,4.85,2.11,6.96,6.88,5.05,1.83,6.88,5.76,4.09,1.67,0.00,3.07,8.00,5.08,6.32,4.22
383,5.51,5.12,0.40,5.51,5.53,5.05,0.48,5.53,4.64,4.14,0.50,0.00,3.31,9.42,6.27,4.74,4.38
384,6.69,7.48,0.79,7.48,6.67,7.17,0.50,7.17,5.75,6.12,0.37,0.06,3.65,6.71,3.24,6.22,6.43
385,5.20,5.43,0.23,5.43,5.08,5.65,0.57,5.65,4.24,4.73,0.49,0.01,2.77,8.71,6.07,4.37,4.77
386,6.47,5.15,1.32,6.47,6.27,5.34,0.93,6.27,5.39,4.43,0.96,0.01,2.92,8.00,5.23,5.60,4.52
387,5.43,7.12,1.68,7.12,5.32,7.20,1.88,7.20,4.39,6.07,1.68,0.02,2.90,7.30,4.54,4.63,6.28
388,6.73,4.70,2.02,6.73,7.10,5.24,1.87,7.10,6.01,4.38,1.63,0.03,2.84,7.37,4.67,6.50,4.49
389,4.95,5.03,0.07,5.03,5.35,5.06,0.30,5.35,4.49,4.43,0.07,0.00,2.77,8.70,6.06,4.43,4.78
390,5.41,6.86,1.45,6.86,5.52,6.84,1.32,6.84,4.50,5.80,1.31,0.03,3.44,7.97,4.70,4.70,6.14
391,6.40,5.90,0.51,6.40,6.03,5.97,0.06,6.03,5.29,4.89,0.40,0.02,3.39,7.98,4.76,5.59,5.01
392,5.54,6.99,1.45,6.99,5.35,6.83,1.47,6.83,4.55,5.91,1.37,0.05,2.62,7.14,4.65,4.60,6.15
393,4.99,5.24,0.25,5.24,5.31,5.27,0.04,5.31,4.43,4.39,0.04,0.00,2.98,9.25,6.42,4.53,4.55
394,5.59,5.02,0.57,5.59,5.99,5.58,0.41,5.99,5.11,4.50,0.61,0.00,3.37,8.85,5.65,5.11,4.73
395,5.20,4.93,0.27,5.20,5.37,5.53,0.16,5.53,4.51,4.57,0.07,0.01,2.69,8.75,6.19,4.47,4.56
396,5.83,6.97,1.14,6.97,5.90,7.13,1.23,7.13,5.03,6.04,1.01,0.02,3.51,8.00,4.66,4.76,6.29
397,5.16,7.03,1.88,7.03,5.15,7.16,2.01,7.16,4.26,5.91,1.65,0.00,3.01,8.00,5.14,4.16,6.28
398,6.60,6.45,0.15,6.60,6.93,6.41,0.52,6.93,5.89,5.41,0.47,0.01,3.45,7.04,3.76,6.16,5.75
399,5.67,6.90,1.24,6.90,5.65,7.02,1.36,7.02,4.62,6.07,1.44,0.03,3.48,8.00,4.70,4.81,6.38
400,4.86,5.98,1.12,5.98,5.60,6.13,0.54,6.13,4.55,5.15,0.59,0.00,4.39,9.67,5.51,4.60,5.38
401,5.16,7.14,1.98,7.14,5.31,7.27,1.96,7.27,4.45,6.09,1.65,0.04,3.35,7.90,4.72,4.49,6.35
402,5.38,6.70,1.32,6.70,5.51,7.01,1.50,7.01,4.79,5.91,1.12,0.02,2.66,6.59,4.06,5.12,6.38
403,6.11,5.22,0.89,6.11,6.32,5.19,1.13,6.32,5.42,4.29,1.13,0.00,2.86,8.00,5.28,5.54,4.68
404,6.83,5.29,1.54,6.83,6.94,5.41,1.54,6.94,5.97,4.41,1.56,0.01,3.46,8.06,4.77,6.35,4.62
405,4.93,5.39,0.46,5.39,5.06,5.80,0.74,5.80,4.38,4.85,0.48,0.01,2.75,8.68,6.06,4.50,4.90
406,4.46,4.97,0.51,4.97,4.92,5.32,0.40,5.32,4.02,4.38,0.36,0.00,2.73,9.41,6.81,4.03,4.41
407,5.45,5.15,0.30,5.45,5.37,5.40,0.03,5.40,4.45,4.57,0.12,0.00,3.19,9.20,6.16,4.48,4.48
408,5.59,4.76,0.83,5.59,5.50,5.31,0.20,5.50,4.54,4.37,0.17,0.00,3.01,8.92,6.06,4.45,4.57
409,6.98,6.27,0.72,6.98,7.13,6.39,0.75,7.13,6.12,5.33,0.80,0.00,3.70,7.36,3.85,6.28,5.41
410,5.56,5.06,0.50,5.56,6.04,5.27,0.77,6.04,4.93,4.33,0.60,0.01,2.71,8.66,6.09,5.16,4.28
411,5.69,5.43,0.26,5.69,5.86,5.54,0.32,5.86,4.90,4.56,0.34,0.00,3.65,9.28,5.81,5.19,4.45
412,5.53,4.82,0.71,5.53,5.54,5.36,0.19,5.54,4.57,4.40,0.16,0.00,2.91,8.90,6.14,4.73,4.37
413,5.97,4.82,1.15,5.97,6.01,5.31,0.70,6.01,5.15,4.38,0.77,0.01,3.30,8.60,5.47,5.07,4.53
414,5.71,4.79,0.92,5.71,5.93,4.80,1.13,5.93,5.07,3.94,1.14,0.00,3.58,9.86,6.46,4.82,4.08
415,5.31,4.94,0.37,5.31,5.58,5.22,0.37,5.58,4.48,4.45,0.03,0.00,2.16,8.33,6.27,4.49,4.59
416,5.97,7.26,1.29,7.26,6.20,7.37,1.17,7.37,5.20,6.21,1.02,0.06,4.19,7.82,3.84,5.36,6.55
417,6.69,5.05,1.64,6.69,6.90,4.78,2.12,6.90,5.51,3.98,1.53,0.03,2.67,8.07,5.53,5.85,4.11
418,5.48,4.96,0.52,5.48,5.63,5.13,0.49,5.63,4.81,4.24,0.58,0.00,2.29,7.99,5.81,4.76,4.34
419,6.71,7.22,0.51,7.22,6.94,7.38,0.44,7.38,5.93,5.99,0.06,0.03,4.30,7.39,3.31,5.94,6.61
420,5.65,4.60,1.05,5.65,5.90,5.06,0.84,5.90,4.89,4.24,0.65,0.01,2.59,8.15,5.69,5.10,4.26
421,6.66,6.84,0.18,6.84,6.67,6.90,0.23,6.90,5.78,5.82,0.04,0.08,3.45,6.78,3.50,6.05,6.24
422,7.32,5.01,2.31,7.32,7.15,5.27,1.88,7.15,6.34,4.36,1.98,0.04,3.62,8.04,4.60,6.46,4.45
423,5.92,6.95,1.04,6.95,5.68,6.89,1.20,6.89,4.85,6.06,1.21,0.04,3.06,7.47,4.57,4.82,6.32
424,4.95,5.60,0.64,5.60,5.33,5.94,0.61,5.94,4.40,4.81,0.41,0.00,3.75,9.51,5.95,4.44,5.04
425,5.80,6.66,0.86,6.66,5.89,6.87,0.98,6.87,5.12,6.03,0.92,0.03,2.69,6.75,4.19,5.06,6.04
426,4.94,5.46,0.52,5.46,5.10,5.46,0.36,5.46,4.30,4.50,0.20,0.00,3.47,9.85,6.56,4.47,4.67
427,5.53,5.26,0.27,5.53,5.29,5.54,0.26,5.54,4.26,4.69,0.43,0.00,3.29,9.62,6.50,4.47,4.62
428,6.84,7.03,0.20,7.03,6.81,6.98,0.17,6.98,5.86,6.09,0.23,0.07,3.07,6.24,3.32,6.27,6.33
429,6.66,6.28,0.38,6.66,6.76,6.43,0.32,6.76,5.70,5.48,0.23,0.01,3.69,7.32,3.82,6.11,5.83
430,6.86,4.92,1.95,6.86,6.72,5.05,1.67,6.72,5.81,4.06,1.76,0.04,2.78,8.00,5.36,6.20,3.95
431,5.28,6.84,1.57,6.84,5.52,6.99,1.47,6.99,4.68,6.01,1.33,0.03,3.02,7.42,4.55,4.70,6.37
432,4.67,5.39,0.73,5.39,5.15,5.88,0.72,5.88,4.27,4.97,0.70,0.00,2.99,8.67,5.83,4.49,4.91
433,5.44,4.86,0.59,5.44,5.41,5.31,0.10,5.41,4.72,4.48,0.24,0.00,3.70,9.45,5.94,4.79,4.64
434,5.00,5.10,0.10,5.10,5.30,5.41,0.11,5.41,4.61,4.50,0.11,0.00,3.32,9.47,6.32,4.56,4.46
435,7.07,5.24,1.82,7.07,7.17,5.28,1.89,7.17,6.16,4.36,1.79,0.02,2.67,7.23,4.69,6.32,4.56
436,5.41,5.99,0.58,5.99,5.48,6.30,0.81,6.30,4.57,5.30,0.73,0.00,3.50,8.42,5.10,4.64,5.80
437,4.54,4.69,0.15,4.69,4.86,4.97,0.11,4.97,4.03,4.11,0.08,0.00,4.18,10.68,6.71,4.32,4.42
438,5.46,5.50,0.04,5.50,5.43,5.80,0.36,5.80,4.55,4.88,0.33,0.00,2.63,8.45,5.95,4.51,5.03
439,4.95,5.56,0.61,5.56,5.29,5.40,0.11,5.40,4.56,4.64,0.08,0.00,3.18,9.10,6.08,4.58,4.65
440,4.82,7.17,2.35,7.17,4.98,7.39,2.41,7.39,4.11,6.08,1.97,0.03,3.22,8.00,4.94,4.20,6.50
441,6.62,5.14,1.48,6.62,7.00,5.37,1.63,7.00,6.00,4.36,1.64,0.01,3.50,8.00,4.67,6.38,4.34
442,7.11,6.57,0.55,7.11,6.91,6.66,0.26,6.91,5.94,5.80,0.14,0.10,3.07,6.24,3.32,6.40,6.00
443,6.97,5.35,1.62,6.97,6.82,5.24,1.59,6.82,5.84,4.40,1.44,0.06,3.43,8.00,4.74,6.06,4.47
444,5.31,5.12,0.19,5.31,5.55,5.21,0.34,5.55,4.64,4.27,0.36,0.00,2.98,8.96,6.13,4.95,4.44
445,6.85,7.15,0.30,7.15,6.88,6.66,0.21,6.88,5.86,5.82,0.04,0.04,4.24,7.53,3.50,6.14,6.11
446,5.39,6.57,1.18,6.57,5.63,7.02,1.39,7.02,4.75,6.06,1.31,0.08,3.43,7.57,4.31,4.79,6.37
447,4.70,6.57,1.87,6.57,4.86,6.75,1.89,6.75,4.03,5.67,1.64,0.02,3.05,8.00,5.10,4.27,6.17
448,6.92,5.38,1.54,6.92,6.98,5.35,1.64,6.98,6.05,4.48,1.57,0.00,4.20,8.58,4.59,6.38,4.69
449,7.10,5.35,1.75,7.10,6.94,5.50,1.44,6.94,5.80,4.59,1.20,0.03,2.92,7.53,4.75,6.31,4.69
450,7.03,4.69,2.34,7.03,7.08,4.93,2.15,7.08,6.06,4.07,1.99,0.08,3.16,8.00,4.99,6.53,4.40
451,5.85,5.75,0.09,5.85,5.92,6.09,0.17,6.09,4.67,5.23,0.55,0.00,4.03,9.18,5.35,4.69,5.26
452,5.96,4.87,1.10,5.96,6.20,5.40,0.80,6.20,5.22,4.49,0.73,0.01,2.51,7.89,5.51,5.60,4.37
453,6.03,5.15,0.88,6.03,6.35,5.28,1.07,6.35,5.46,4.55,0.90,0.00,3.99,8.97,5.18,5.78,4.60
454,5.44,6.64,1.20,6.64,5.44,6.82,1.39,6.82,4.62,5.79,1.16,0.00,3.13,7.73,4.76,4.91,6.14
455,4.96,7.56,2.59,7.56,5.21,7.45,2.24,7.45,4.34,6.16,1.82,0.08,3.18,8.00,4.98,4.35,6.76
456,6.83,5.29,1.54,6.83,7.00,5.46,1.54,7.00,5.91,4.54,1.37,0.05,3.34,8.00,4.82,6.43,4.39
457,6.66,5.40,1.26,6.66,6.92,5.49,1.42,6.92,5.97,4.65,1.33,0.01,3.64,7.85,4.39,6.30,4.82
458,5.40,6.67,1.28,6.67,5.32,6.66,1.34,6.66,4.50,5.82,1.32,0.04,2.78,7.38,4.75,4.59,6.09
459,4.79,7.09,2.30,7.09,5.38,7.00,1.62,7.00,4.55,5.89,1.34,0.01,3.28,8.12,5.00,4.31,6.44
460,5.66,5.03,0.63,5.66,5.75,5.33,0.42,5.75,4.95,4.47,0.47,0.00,4.15,9.74,5.80,5.10,4.54
461,4.92,5.15,0.23,5.15,5.20,5.27,0.07,5.27,4.24,4.46,0.22,0.00,3.72,9.93,6.40,4.44,4.58
462,6.55,5.86,0.69,6.55,6.59,5.82,0.78,6.59,5.60,4.92,0.68,0.03,3.72,7.91,4.37,6.12,5.03
463,6.37,4.82,1.54,6.37,6.61,5.27,1.34,6.61,5.51,4.31,1.20,0.02,2.97,8.06,5.24,5.81,4.25
464,6.41,4.95,1.46,6.41,6.42,5.03,1.40,6.42,5.65,4.26,1.39,0.01,3.55,8.45,5.08,5.88,4.49
465,6.83,5.47,1.36,6.83,7.03,5.38,1.65,7.03,5.91,4.53,1.38,0.05,3.64,8.00,4.54,6.27,4.59
466,4.90,5.09,0.19,5.09,5.14,5.37,0.23,5.37,4.20,4.54,0.34,0.00,3.01,9.29,6.43,4.37,4.58
467,5.31,5.68,0.36,5.68,5.38,5.48,0.09,5.48,4.56,4.75,0.19,0.01,3.47,9.08,5.78,4.55,4.79
468,4.84,5.73,0.89,5.73,5.40,5.99,0.59,5.99,4.54,5.02,0.48,0.00,2.73,8.26,5.67,4.54,4.99
469,5.15,6.69,1.54,6.69,5.04,7.01,1.96,7.01,4.14,5.89,1.75,0.00,3.49,8.10,4.79,4.11,6.53
470,6.93,5.01,1.91,6.93,6.90,5.19,1.71,6.90,5.86,4.40,1.46,0.01,3.17,7.85,4.84,6.32,4.42
471,7.03,6.64,0.39,7.03,7.08,6.87,0.21,7.08,6.03,5.75,0.28,0.07,4.95,8.00,3.30,6.37,6.10
472,6.73,5.03,1.70,6.73,6.76,5.20,1.56,6.76,5.85,4.34,1.51,0.02,3.57,8.21,4.82,6.07,4.58
473,4.73,6.26,1.54,6.26,4.98,6.48,1.50,6.48,4.09,5.54,1.45,0.00,2.76,8.00,5.38,4.26,5.81
474,7.12,6.68,0.44,7.12,7.04,6.95,0.09,7.04,5.92,5.86,0.06,0.12,4.26,7.41,3.36,6.40,5.96
475,4.69,4.62,0.07,4.69,5.37,4.92,0.45,5.37,4.27,3.97,0.30,0.00,3.94,10.37,6.62,4.30,4.18
476,5.58,6.99,1.41,6.99,5.84,7.02,1.18,7.02,4.87,5.78,0.90,0.01,2.90,7.49,4.74,4.86,6.20
477,4.79,6.12,1.33,6.12,5.26,6.21,0.95,6.21,4.30,5.40,1.11,0.03,3.28,8.58,5.46,4.22,5.70
478,5.68,5.34,0.33,5.68,5.67,5.11,0.56,5.67,4.80,4.09,0.71,0.01,2.79,8.92,6.27,4.76,4.06
479,5.02,5.12,0.10,5.12,5.43,5.49,0.06,5.49,4.55,4.65,0.10,0.01,2.42,8.38,6.08,4.61,4.69
480,4.68,4.85,0.17,4.85,4.78,5.03,0.26,5.03,3.98,4.25,0.26,0.00,3.10,9.54,6.59,4.22,4.46
481,4.92,4.78,0.14,4.92,5.42,4.94,0.49,5.42,4.47,4.26,0.20,0.00,3.57,9.55,6.16,4.43,4.54
482,4.86,6.67,1.81,6.67,5.27,6.40,1.13,6.40,4.49,5.56,1.07,0.00,3.10,8.00,5.05,4.52,6.07
483,5.40,5.50,0.10,5.50,5.21,5.73,0.52,5.73,4.34,4.82,0.48,0.00,3.35,9.51,6.33,4.23,4.73
484,5.06,5.95,0.88,5.95,5.13,6.05,0.92,6.05,4.36,5.12,0.76,0.00,4.49,10.04,5.77,4.44,5.67
485,4.82,5.62,0.80,5.62,5.12,5.87,0.74,5.87,4.25,4.94,0.69,0.00,4.95,10.74,6.03,4.38,4.94
486,5.42,6.42,1.00,6.42,5.62,6.51,0.89,6.51,4.69,5.57,0.88,0.02,3.56,8.63,5.26,4.78,5.89
487,5.42,4.36,1.05,5.42,5.43,4.87,0.56,5.43,4.62,3.99,0.62,0.00,3.22,9.52,6.46,4.68,4.15
488,6.33,5.28,1.05,6.33,6.58,5.29,1.29,6.58,5.72,4.29,1.43,0.00,3.21,8.23,5.19,5.90,4.40
489,4.66,5.45,0.79,5.45,5.34,5.81,0.47,5.81,4.39,4.79,0.41,0.00,3.92,9.71,5.99,4.48,4.75
490,5.15,5.40,0.25,5.40,5.50,5.21,0.29,5.50,4.74,4.26,0.48,0.00,2.96,9.19,6.37,4.71,4.49
491,6.58,6.84,0.26,6.84,6.34,6.78,0.43,6.78,5.31,5.82,0.52,0.00,3.33,6.98,3.81,5.63,6.25
492,5.27,5.06,0.21,5.27,5.37,5.25,0.12,5.37,4.42,4.38,0.05,0.00,3.32,9.50,6.35,4.45,4.59
493,5.79,7.57,1.78,7.57,5.99,7.39,1.40,7.39,5.05,6.28,1.22,0.17,3.59,7.33,3.92,5.27,6.40
494,5.30,4.88,0.42,5.30,5.49,5.10,0.39,5.49,4.56,4.24,0.32,0.00,2.69,8.63,6.07,4.84,4.19
495,6.98,6.85,0.13,6.98,7.03,6.84,0.19,7.03,5.95,5.77,0.18,0.01,3.99,7.28,3.48,6.21,6.30
496,5.16,6.09,0.93,6.09,5.34,6.24,0.90,6.24,4.44,5.36,0.92,0.00,2.80,8.26,5.60,4.48,5.58
497,6.61,4.64,1.97,6.61,6.88,5.10,1.78,6.88,5.83,4.27,1.56,0.01,2.82,8.00,5.32,6.31,4.18
498,4.90,4.67,0.23,4.90,5.64,5.11,0.53,5.64,4.78,4.10,0.68,0.00,3.24,9.29,6.21,4.58,4.30
499,5.37,5.27,0.09,5.37,5.51,5.20,0.31,5.51,4.72,4.27,0.45,0.01,3.36,9.36,6.17,4.92,4.25
500,4.74,5.74,0.99,5.74,5.31,5.67,0.35,5.67,4.41,4.74,0.33,0.00,2.63,8.49,5.99,4.65,4.53
501,5.28,4.72,0.56,5.28,5.48,5.16,0.32,5.48,4.47,4.44,0.02,0.00,2.67,8.55,6.01,4.46,4.48
502,5.02,6.95,1.93,6.95,4.96,7.02,2.06,7.02,4.18,5.94,1.76,0.02,2.60,7.49,5.01,4.21,6.46
503,4.84,6.57,1.73,6.57,5.18,6.73,1.55,6.73,4.27,5.81,1.53,0.00,3.06,8.00,5.10,4.31,6.26
504,7.22,6.62,0.59,7.22,7.14,6.69,0.44,7.14,6.02,5.77,0.25,0.08,2.78,6.10,3.46,6.39,6.03
505,6.98,6.80,0.18,6.98,6.99,7.00,0.01,7.00,5.82,5.96,0.15,0.05,3.76,6.85,3.28,6.48,6.26
506,5.80,5.23,0.57,5.80,6.10,5.53,0.57,6.10,5.14,4.76,0.37,0.00,2.92,8.02,5.25,5.32,4.85
507,7.20,6.47,0.73,7.20,6.79,6.78,0.01,6.79,5.86,5.78,0.08,0.06,2.89,6.39,3.64,6.13,6.11
508,4.79,5.48,0.69,5.48,4.83,5.52,0.69,5.52,4.21,4.73,0.52,0.02,4.05,10.28,6.43,4.14,4.73
509,5.73,5.08,0.65,5.73,5.69,5.23,0.45,5.69,4.72,4.39,0.33,0.01,2.68,8.64,6.09,4.91,4.49
510,4.85,4.88,0.03,4.88,4.84,5.40,0.56,5.40,4.03,4.50,0.47,0.00,3.52,9.81,6.46,4.20,4.71
511,5.44,5.19,0.25,5.44,5.60,5.69,0.09,5.69,4.79,4.83,0.05,0.00,2.35,8.01,5.78,4.82,4.85
512,5.17,6.72,1.55,6.72,5.31,6.99,1.68,6.99,4.39,5.87,1.48,0.02,2.93,7.84,5.06,4.52,6.15
513,5.99,6.40,0.41,6.40,6.22,6.95,0.73,6.95,4.96,5.95,1.00,0.03,3.82,8.00,4.37,5.20,6.10
514,4.56,5.41,0.85,5.41,5.11,5.60,0.50,5.60,4.30,4.63,0.33,0.01,2.75,8.77,6.16,4.39,4.74
515,5.85,4.63,1.23,5.85,5.57,5.17,0.40,5.57,4.74,4.39,0.35,0.00,3.93,9.92,6.18,4.96,4.24
516,6.02,6.25,0.23,6.25,6.22,6.61,0.39,6.61,5.06,5.66,0.60,0.00,3.89,8.00,4.30,5.17,6.19
517,5.44,5.38,0.06,5.44,5.32,5.61,0.29,5.61,4.42,4.68,0.27,0.00,3.56,9.86,6.48,4.39,4.56
518,4.91,7.52,2.61,7.52,5.24,7.49,2.26,7.49,4.47,6.10,1.63,0.11,3.73,8.00,4.45,4.44,6.65
519,4.94,5.86,0.92,5.86,5.23,6.02,0.79,6.02,4.35,5.06,0.71,0.00,2.90,8.59,5.83,4.44,4.97
520,6.90,5.47,1.44,6.90,6.90,5.42,1.48,6.90,5.93,4.63,1.30,0.02,3.66,8.24,4.76,6.42,4.49
521,4.94,5.16,0.22,5.16,5.23,5.58,0.34,5.58,4.34,4.52,0.17,0.00,3.17,9.22,6.21,4.36,4.54
522,5.38,5.75,0.36,5.75,5.82,5.87,0.05,5.87,4.78,4.90,0.12,0.00,3.16,8.50,5.50,4.89,5.21
523,7.24,6.71,0.53,7.24,7.31,6.83,0.48,7.31,6.27,5.66,0.61,0.00,4.56,8.00,3.66,6.61,6.01
524,4.71,6.87,2.16,6.87,4.93,6.85,1.92,6.85,4.17,5.90,1.73,0.03,3.15,8.09,5.10,4.17,6.38
525,6.67,6.54,0.12,6.67,6.76,6.46,0.30,6.76,5.97,5.41,0.56,0.03,2.93,6.27,3.49,6.22,5.89
526,4.77,5.46,0.69,5.46,4.87,5.44,0.57,5.44,4.04,4.58,0.54,0.00,2.73,9.15,6.56,4.12,4.66
527,5.14,5.68,0.54,5.68,5.58,5.85,0.26,5.85,4.66,4.92,0.27,0.00,3.99,9.69,5.90,4.64,5.01
528,6.97,5.41,1.57,6.97,6.84,5.35,1.49,6.84,5.90,4.41,1.49,0.04,2.90,7.60,4.84,6.23,4.48
529,5.10,4.96,0.14,5.10,5.16,5.46,0.30,5.46,4.26,4.55,0.29,0.00,4.02,10.09,6.27,4.51,4.54
530,5.34,4.90,0.44,5.34,5.80,5.35,0.45,5.80,4.65,4.55,0.09,0.00,4.62,10.74,6.35,4.51,4.51
531,4.85,5.33,0.48,5.33,5.05,5.35,0.29,5.35,4.33,4.43,0.10,0.00,3.11,9.23,6.28,4.43,4.30
532,5.11,5.10,0.01,5.11,5.08,5.02,0.06,5.08,4.22,4.15,0.07,0.00,2.66,8.94,6.41,4.43,4.24
533,7.01,5.16,1.86,7.01,7.06,5.61,1.45,7.06,6.06,4.70,1.36,0.01,2.91,7.48,4.72,6.25,4.70
534,4.72,6.59,1.87,6.59,4.99,6.77,1.78,6.77,4.07,5.82,1.76,0.02,4.53,9.45,5.14,4.19,6.30
535,6.37,4.90,1.47,6.37,6.61,5.03,1.58,6.61,5.57,4.33,1.24,0.00,3.26,8.00,4.90,6.04,4.62
536,6.10,6.58,0.48,6.58,6.42,6.94,0.52,6.94,5.29,5.92,0.63,0.02,3.77,7.54,3.96,5.71,6.25
537,6.09,7.09,1.00,7.09,6.20,7.18,0.99,7.18,5.34,5.97,0.63,0.01,3.51,7.42,4.08,5.11,6.42
538,6.76,5.56,1.20,6.76,6.87,5.54,1.33,6.87,5.94,4.79,1.15,0.00,3.06,7.56,4.66,6.16,4.78
539,4.73,5.43,0.70,5.43,5.02,5.46,0.44,5.46,4.14,4.64,0.49,0.00,3.21,9.02,5.97,4.21,4.77
540,4.62,6.13,1.51,6.13,4.85,6.19,1.34,6.19,4.06,5.14,1.08,0.00,2.80,8.51,5.85,4.28,5.32
541,5.47,4.67,0.80,5.47,5.50,5.04,0.45,5.50,4.61,4.04,0.56,0.00,3.32,9.46,6.30,4.85,4.19
542,7.28,5.57,1.71,7.28,7.16,5.84,1.32,7.16,6.12,5.04,1.08,0.05,4.14,7.76,3.83,6.54,5.30
543,6.36,6.32,0.04,6.36,6.46,6.76,0.30,6.76,5.36,5.88,0.52,0.03,4.42,7.96,3.76,5.73,6.15
544,6.49,4.94,1.56,6.49,6.87,5.50,1.37,6.87,5.78,4.53,1.25,0.02,3.58,8.00,4.60,6.30,4.43
545,5.24,7.18,1.94,7.18,5.27,6.81,1.54,6.81,4.48,5.83,1.35,0.04,3.49,8.00,4.69,4.71,6.38
546,6.92,5.60,1.32,6.92,7.06,5.44,1.62,7.06,5.97,4.51,1.46,0.04,3.26,7.76,4.67,6.33,4.70
547,6.65,5.69,0.97,6.65,6.94,5.72,1.22,6.94,5.76,4.76,1.00,0.02,3.53,8.00,4.64,6.24,4.85
548,5.55,4.83,0.73,5.55,6.05,4.97,1.08,6.05,5.07,4.15,0.92,0.01,2.71,8.14,5.57,5.30,4.38
549,5.69,5.08,0.61,5.69,5.62,5.24,0.38,5.62,4.74,4.59,0.15,0.00,3.97,9.94,6.17,4.99,4.46
550,5.05,4.85,0.20,5.05,5.04,5.01,0.02,5.04,4.32,4.19,0.13,0.00,2.83,9.10,6.41,4.35,4.33
551,5.42,4.89,0.53,5.42,5.43,4.82,0.60,5.43,4.45,3.92,0.53,0.00,3.67,10.24,6.75,4.41,4.08
552,5.17,5.85,0.68,5.85,5.58,6.39,0.81,6.39,4.78,5.47,0.69,0.00,3.27,8.02,4.91,4.82,5.70
553,6.07,5.49,0.59,6.07,6.57,6.04,0.53,6.57,5.72,4.78,0.94,0.00,3.28,8.00,4.88,5.85,5.11
554,5.41,4.69,0.72,5.41,5.76,5.05,0.71,5.76,4.76,4.26,0.50,0.00,2.70,8.44,5.87,4.87,4.35
555,6.09,4.78,1.31,6.09,6.04,4.91,1.13,6.04,4.99,4.26,0.74,0.00,2.61,8.54,6.06,4.85,4.31
556,4.77,4.84,0.07,4.84,5.23,5.06,0.17,5.23,4.40,4.13,0.27,0.00,3.28,9.63,6.50,4.49,4.41
557,4.89,6.30,1.41,6.30,5.24,6.42,1.18,6.42,4.42,5.51,1.09,0.02,3.40,8.00,4.77,4.53,5.77
558,5.23,6.86,1.63,6.86,5.45,6.99,1.54,6.99,4.61,5.94,1.33,0.04,3.44,8.09,4.83,4.56,6.23
559,4.93,5.26,0.33,5.26,5.06,5.62,0.56,5.62,4.11,4.59,0.48,0.00,2.62,8.83,6.34,4.26,4.66
560,6.53,4.88,1.65,6.53,6.90,5.24,1.66,6.90,5.95,4.41,1.55,0.02,2.80,7.10,4.43,6.17,4.54
561,6.76,6.63,0.12,6.76,6.80,6.73,0.07,6.80,5.76,5.84,0.08,0.01,3.20,6.97,3.93,6.26,5.87
562,6.76,5.96,0.80,6.76,6.99,6.14,0.85,6.99,6.02,5.30,0.73,0.04,3.64,7.40,3.94,6.17,5.38
563,6.69,6.63,0.06,6.69,6.95,6.81,0.15,6.95,5.72,5.86,0.14,0.05,4.40,7.57,3.39,6.33,6.20
564,5.53,4.98,0.55,5.53,5.71,5.29,0.41,5.71,4.74,4.27,0.47,0.00,2.96,8.79,5.98,4.83,4.42
565,5.88,5.04,0.84,5.88,6.05,5.20,0.85,6.05,5.18,4.28,0.91,0.00,3.64,9.48,6.03,5.24,4.21
566,5.11,6.65,1.54,6.65,5.24,6.65,1.41,6.65,4.21,5.79,1.58,0.04,3.11,8.17,5.21,4.33,6.11
567,5.91,7.48,1.56,7.48,6.28,7.34,1.07,7.34,5.34,6.18,0.84,0.03,2.91,6.79,4.02,5.59,6.33
568,5.15,6.10,0.96,6.10,5.29,6.22,0.93,6.22,4.42,5.27,0.86,0.00,2.73,8.31,5.72,4.44,5.43
569,5.55,4.54,1.02,5.55,5.79,4.94,0.86,5.79,4.74,4.01,0.73,0.00,3.13,9.57,6.59,4.65,4.18
570,5.41,6.81,1.39,6.81,5.54,6.97,1.43,6.97,4.58,5.88,1.30,0.03,2.84,7.17,4.47,4.72,6.20
571,7.08,4.77,2.30,7.08,6.96,5.13,1.83,6.96,5.97,4.26,1.71,0.01,3.21,7.85,4.80,6.30,4.38
572,5.14,5.17,0.03,5.17,5.46,5.13,0.33,5.46,4.60,4.39,0.21,0.00,3.64,9.97,6.51,4.38,4.58
573,5.14,5.52,0.39,5.52,5.31,5.61,0.30,5.61,4.45,4.79,0.34,0.00,4.36,10.21,6.06,4.35,4.89
574,4.56,5.15,0.59,5.15,4.89,5.31,0.42,5.31,4.06,4.55,0.49,0.00,2.84,9.42,6.72,4.14,4.39
575,4.45,5.43,0.98,5.43,4.83,5.79,0.97,5.79,3.86,4.83,0.98,0.00,2.68,8.68,6.13,4.18,4.98
576,5.26,6.73,1.47,6.73,5.54,6.98,1.45,6.98,4.57,5.91,1.35,0.00,3.37,7.98,4.78,4.56,6.30
577,4.64,5.36,0.73,5.36,4.99,5.49,0.50,5.49,4.31,4.64,0.33,0.00,2.81,8.72,6.06,4.45,4.86
578,5.27,5.80,0.52,5.80,5.30,5.65,0.35,5.65,4.56,4.68,0.11,0.00,3.87,9.61,5.93,4.64,4.77
579,5.77,5.29,0.48,5.77,5.43,5.32,0.12,5.43,4.69,4.45,0.24,0.00,3.24,9.16,6.08,4.72,4.47
580,5.55,5.42,0.12,5.55,5.77,5.43,0.34,5.77,4.79,4.54,0.25,0.00,4.16,9.88,5.92,4.82,4.61
581,5.23,5.80,0.57,5.80,5.33,6.17,0.84,6.17,4.41,5.09,0.69,0.01,4.10,9.78,5.89,4.56,5.19
582,5.04,6.52,1.48,6.52,4.99,6.81,1.82,6.81,4.15,5.75,1.60,0.05,3.03,8.00,5.12,4.28,6.16
583,5.89,5.36,0.53,5.89,6.34,5.36,0.98,6.34,5.32,4.45,0.87,0.00,2.62,7.74,5.25,5.43,4.59
584,5.13,4.85,0.28,5.13,5.29,5.46,0.17,5.46,4.31,4.43,0.12,0.00,3.12,9.53,6.57,4.58,4.45
585,4.91,6.68,1.76,6.68,5.25,6.68,1.42,6.68,4.43,5.80,1.37,0.02,3.49,7.83,4.51,4.47,6.22
586,5.39,4.59,0.79,5.39,5.33,4.92,0.41,5.33,4.41,4.13,0.27,0.00,4.25,10.48,6.45,4.54,4.31
587,5.79,5.30,0.49,5.79,6.34,5.33,1.01,6.34,5.40,4.49,0.91,0.00,2.32,7.35,5.15,5.76,4.73
588,5.06,6.32,1.26,6.32,5.14,6.45,1.31,6.45,4.16,5.28,1.12,0.02,2.71,8.00,5.43,4.28,5.89
589,4.90,5.38,0.47,5.38,5.01,5.37,0.36,5.37,4.19,4.40,0.21,0.00,2.97,9.42,6.60,4.23,4.38
590,4.63,5.52,0.89,5.52,4.93,5.52,0.59,5.52,4.05,4.68,0.63,0.00,3.52,9.77,6.43,4.31,4.68
591,5.02,5.28,0.26,5.28,4.99,5.61,0.61,5.61,4.32,4.72,0.41,0.00,3.85,9.96,6.31,4.42,4.69
592,6.99,5.80,1.19,6.99,6.91,5.84,1.07,6.91,6.00,5.14,0.85,0.05,3.66,7.89,4.41,6.21,4.97
593,6.89,5.41,1.48,6.89,6.97,5.23,1.75,6.97,5.72,4.47,1.24,0.09,3.09,8.00,5.06,6.29,4.47
594,5.00,5.12,0.12,5.12,5.38,5.47,0.08,5.47,4.59,4.38,0.21,0.00,2.75,8.59,5.98,4.74,4.57
595,6.84,5.57,1.27,6.84,7.15,5.84,1.31,7.15,6.02,4.96,1.06,0.06,3.18,7.14,4.12,6.45,5.11
596,6.00,4.83,1.17,6.00,6.11,5.25,0.86,6.11,5.23,4.17,1.06,0.00,2.75,8.14,5.53,5.49,4.27
597,5.01,7.02,2.01,7.02,5.24,6.98,1.74,6.98,4.54,5.77,1.23,0.03,3.13,7.62,4.65,4.64,6.22
598,6.44,6.53,0.10,6.53,6.64,6.83,0.19,6.83,5.56,5.78,0.22,0.07,3.72,7.30,3.76,6.01,5.99
599,5.92,5.38,0.54,5.92,6.08,5.27,0.81,6.08,5.20,4.40,0.80,0.00,2.55,8.00,5.58,5.50,4.36
600,5.34,6.60,1.26,6.60,5.36,6.93,1.57,6.93,4.49,5.99,1.50,0.10,2.91,7.41,4.64,4.73,6.17
601,7.11,5.19,1.92,7.11,7.12,5.46,1.65,7.12,5.94,4.46,1.48,0.03,3.54,8.00,4.64,6.40,4.58
602,5.49,5.77,0.28,5.77,5.41,5.88,0.47,5.88,4.60,5.14,0.54,0.01,2.73,8.04,5.44,4.65,5.26
603,5.05,5.24,0.19,5.24,5.26,5.30,0.04,5.30,4.50,4.39,0.10,0.00,2.87,9.18,6.46,4.49,4.56
604,6.36,5.15,1.21,6.36,6.55,5.50,1.05,6.55,5.63,4.41,1.21,0.00,3.37,8.00,4.80,5.99,4.65
605,5.04,5.27,0.24,5.27,5.28,5.73,0.45,5.73,4.58,4.77,0.19,0.00,3.25,9.09,6.01,4.58,4.91
606,5.61,6.59,0.98,6.59,5.82,6.48,0.66,6.48,4.85,5.48,0.63,0.03,4.30,9.08,4.99,5.06,5.71
607,6.85,4.92,1.94,6.85,7.03,5.38,1.65,7.03,6.06,4.49,1.57,0.01,3.63,8.00,4.55,6.30,4.71
608,6.98,6.81,0.18,6.98,6.89,6.96,0.06,6.96,6.05,5.96,0.09,0.02,4.57,7.64,3.30,6.08,6.33
609,7.42,5.14,2.27,7.42,7.26,5.35,1.92,7.26,6.09,4.69,1.39,0.03,3.65,7.76,4.29,6.35,4.82
610,5.20,4.77,0.43,5.20,5.33,4.98,0.35,5.33,4.57,4.13,0.44,0.01,2.79,9.14,6.49,4.67,4.13
611,6.93,5.03,1.90,6.93,7.31,4.98,2.34,7.31,6.07,4.27,1.81,0.08,3.30,8.00,4.86,6.80,4.33
612,6.50,5.31,1.19,6.50,6.92,5.39,1.53,6.92,5.70,4.51,1.19,0.03,3.36,8.00,4.81,6.14,4.65
613,6.66,6.52,0.15,6.66,6.76,6.48,0.29,6.76,5.93,5.38,0.55,0.00,3.64,7.41,3.96,6.34,5.48
614,4.92,5.31,0.39,5.31,5.28,5.36,0.08,5.36,4.52,4.62,0.10,0.00,3.07,9.07,6.15,4.53,4.58
615,4.97,5.69,0.73,5.69,5.46,5.69,0.23,5.69,4.49,4.78,0.29,0.01,3.37,8.99,5.79,4.53,5.08
616,6.99,6.90,0.09,6.99,7.07,7.02,0.05,7.07,6.12,6.04,0.07,0.10,4.81,8.00,3.43,6.31,6.31
617,6.40,5.03,1.37,6.40,6.35,5.10,1.25,6.35,5.24,4.32,0.92,0.02,3.04,8.47,5.58,5.57,4.46
618,6.84,5.10,1.73,6.84,7.00,5.33,1.67,7.00,6.02,4.42,1.59,0.05,3.73,8.00,4.46,6.45,4.63
619,4.98,5.34,0.36,5.34,5.15,5.68,0.52,5.68,4.25,4.75,0.50,0.00,2.91,9.03,6.26,4.16,5.00
620,6.79,5.65,1.14,6.79,6.93,5.67,1.27,6.93,6.05,4.87,1.18,0.06,3.64,7.86,4.41,6.22,4.97
621,6.75,5.23,1.52,6.75,6.52,5.47,1.05,6.52,5.69,4.57,1.11,0.02,3.22,8.03,4.97,5.99,4.61
622,6.98,5.33,1.65,6.98,6.97,5.73,1.24,6.97,5.94,4.56,1.38,0.06,3.41,8.00,4.76,6.43,4.70
623,6.53,5.53,1.00,6.53,6.85,5.64,1.21,6.85,5.80,4.73,1.06,0.06,2.94,7.40,4.61,6.04,4.68
624,5.25,5.24,0.01,5.25,5.22,5.29,0.07,5.29,4.37,4.54,0.17,0.00,2.45,8.65,6.32,4.56,4.64
625,4.62,7.25,2.64,7.25,5.17,7.10,1.93,7.10,4.42,6.10,1.68,0.07,2.72,7.23,4.64,4.69,6.33
626,7.01,5.39,1.62,7.01,6.95,5.46,1.49,6.95,5.84,4.58,1.26,0.04,3.15,7.43,4.43,6.34,4.80
627,5.43,5.50,0.07,5.50,5.52,5.60,0.08,5.60,4.61,4.55,0.06,0.00,3.38,9.47,6.25,4.53,4.50
628,7.01,5.23,1.78,7.01,6.92,5.27,1.65,6.92,5.86,4.56,1.30,0.01,3.03,7.77,4.89,6.22,4.51
629,5.02,4.83,0.19,5.02,5.15,5.47,0.32,5.47,4.38,4.58,0.20,0.01,2.89,9.15,6.40,4.26,4.70
630,5.21,7.13,1.91,7.13,5.29,6.94,1.65,6.94,4.48,6.03,1.55,0.06,3.77,8.00,4.42,4.59,6.28
631,6.74,5.46,1.28,6.74,6.93,5.50,1.43,6.93,5.78,4.61,1.17,0.04,2.77,7.47,4.84,6.20,4.60
632,4.76,5.82,1.06,5.82,5.24,5.74,0.50,5.74,4.50,4.86,0.37,0.00,2.26,7.80,5.66,4.66,5.07
633,4.61,4.93,0.32,4.93,4.85,5.13,0.28,5.13,3.94,4.42,0.48,0.00,2.75,9.43,6.82,4.04,4.56
634,7.34,5.36,1.97,7.34,7.33,5.35,1.99,7.33,6.02,4.43,1.60,0.02,3.87,8.60,4.93,6.36,4.43
635,6.03,5.57,0.46,6.03,6.40,5.57,0.83,6.40,5.50,4.72,0.78,0.00,3.32,8.17,5.02,5.60,4.92
636,5.46,5.59,0.14,5.59,5.48,5.52,0.04,5.52,4.67,4.59,0.08,0.02,3.08,8.79,5.86,4.66,4.78
637,5.70,5.66,0.04,5.70,5.80,5.89,0.09,5.89,4.87,4.79,0.08,0.00,3.30,8.62,5.49,5.15,4.93
638,7.40,6.63,0.77,7.40,7.00,6.72,0.28,7.00,5.97,5.71,0.26,0.05,4.88,8.00,3.37,6.28,6.12
639,5.29,4.98,0.30,5.29,5.72,5.20,0.51,5.72,4.60,4.46,0.15,0.00,2.66,8.48,5.95,4.64,4.61
640,6.65,5.01,1.64,6.65,6.59,5.28,1.31,6.59,5.67,4.50,1.17,0.03,3.77,8.52,4.94,5.85,4.55
641,6.92,6.35,0.56,6.92,6.96,6.43,0.53,6.96,5.88,5.39,0.50,0.03,4.26,7.76,3.72,6.36,5.61
642,5.25,7.17,1.92,7.17,5.41,7.20,1.79,7.20,4.49,6.05,1.57,0.03,3.22,8.00,4.94,4.45,6.28
643,5.01,6.71,1.70,6.71,5.27,6.68,1.42,6.68,4.59,5.62,1.04,0.01,3.14,7.94,4.95,4.63,6.14
644,6.29,5.04,1.26,6.29,6.33,5.00,1.33,6.33,5.43,4.18,1.25,0.01,3.94,9.36,5.62,5.62,4.36
645,5.14,4.67,0.47,5.14,5.03,5.41,0.38,5.41,4.10,4.38,0.29,0.00,2.85,9.14,6.43,4.13,4.67
646,6.63,5.04,1.59,6.63,6.75,5.19,1.55,6.75,5.76,4.34,1.42,0.05,3.76,8.67,5.09,6.09,4.46
647,6.52,6.77,0.25,6.77,6.57,6.43,0.14,6.57,5.45,5.59,0.14,0.03,3.75,8.00,4.44,5.49,5.67
648,4.77,7.29,2.52,7.29,5.21,7.00,1.79,7.00,4.47,5.87,1.39,0.01,3.13,8.00,5.03,4.41,6.19
649,5.28,7.00,1.72,7.00,5.26,7.05,1.78,7.05,4.50,5.87,1.37,0.02,3.45,8.00,4.72,4.75,6.32
650,4.58,5.46,0.88,5.46,4.99,5.78,0.79,5.78,4.29,4.72,0.43,0.00,2.97,9.15,6.33,4.29,4.70
651,4.92,5.05,0.13,5.05,5.16,5.14,0.02,5.16,4.15,4.40,0.25,0.00,3.04,9.37,6.49,4.35,4.62
652,6.60,5.09,1.51,6.60,7.00,5.34,1.66,7.00,5.80,4.33,1.46,0.02,3.44,8.00,4.74,6.07,4.60
653,4.27,7.04,2.77,7.04,4.85,7.04,2.19,7.04,3.98,6.05,2.07,0.03,2.97,7.79,4.96,4.17,6.36
654,4.68,5.40,0.71,5.40,5.00,5.59,0.58,5.59,4.15,4.74,0.59,0.00,3.12,9.44,6.48,4.29,4.66
655,5.21,5.16,0.05,5.21,5.57,5.28,0.29,5.57,4.64,4.47,0.16,0.00,3.79,9.77,6.17,4.46,4.55
656,5.47,5.41,0.06,5.47,5.27,5.43,0.15,5.43,4.40,4.46,0.06,0.00,3.34,9.42,6.25,4.58,4.49
657,5.70,5.36,0.34,5.70,5.63,5.38,0.25,5.63,4.97,4.51,0.45,0.00,2.79,8.38,5.73,5.18,4.49
658,5.02,5.29,0.27,5.29,5.21,5.34,0.13,5.34,4.24,4.58,0.35,0.00,2.38,8.41,6.15,4.50,4.53
659,5.16,5.84,0.68,5.84,5.46,5.87,0.41,5.87,4.68,4.89,0.21,0.00,3.67,9.25,5.76,4.71,5.03
660,7.14,7.05,0.09,7.14,6.68,7.00,0.32,7.00,5.60,6.00,0.40,0.14,5.05,8.00,3.20,6.19,6.38
661,6.38,5.00,1.38,6.38,6.57,5.15,1.43,6.57,5.49,4.33,1.16,0.00,3.63,8.76,5.32,5.65,4.55
662,5.15,5.74,0.59,5.74,5.44,6.14,0.70,6.14,4.63,5.18,0.55,0.00,3.60,8.76,5.34,4.78,5.36
663,5.88,5.18,0.70,5.88,6.04,5.35,0.68,6.04,5.11,4.31,0.80,0.00,3.19,8.81,5.78,5.31,4.48
664,7.15,4.89,2.26,7.15,6.97,5.31,1.66,6.97,5.93,4.54,1.39,0.02,3.53,8.00,4.65,6.38,4.58
665,4.63,5.19,0.56,5.19,4.77,5.40,0.63,5.40,4.01,4.56,0.55,0.01,3.33,9.39,6.22,4.21,4.67
666,7.11,6.54,0.57,7.11,7.07,6.69,0.37,7.07,5.87,5.46,0.41,0.08,3.51,7.00,3.66,6.47,5.83
667,5.55,7.09,1.54,7.09,5.81,7.06,1.25,7.06,4.86,5.85,0.99,0.01,3.48,8.00,4.69,4.91,6.06
668,4.86,5.14,0.29,5.14,5.11,5.27,0.16,5.27,4.11,4.45,0.35,0.00,2.62,8.90,6.41,4.23,4.56
669,4.66,6.96,2.30,6.96,5.10,6.80,1.70,6.80,4.25,5.82,1.56,0.07,3.27,8.00,4.90,4.34,6.27
670,5.95,7.18,1.23,7.18,6.61,7.09,0.48,7.09,5.49,6.11,0.62,0.10,4.18,7.23,3.25,6.07,6.63
671,5.88,7.14,1.26,7.14,5.86,6.90,1.04,6.90,4.86,5.94,1.08,0.01,3.70,8.00,4.48,4.91,6.25
672,5.15,5.60,0.45,5.60,5.19,6.00,0.81,6.00,4.38,5.19,0.81,0.01,4.03,9.50,5.67,4.72,5.09
673,7.15,4.90,2.25,7.15,7.02,5.04,1.98,7.02,6.04,4.44,1.61,0.01,2.63,7.28,4.79,6.13,4.47
674,5.53,5.61,0.09,5.61,5.92,5.66,0.27,5.92,4.97,4.82,0.15,0.00,4.30,9.66,5.57,4.97,4.92
675,4.89,5.14,0.25,5.14,5.47,5.43,0.04,5.47,4.45,4.41,0.04,0.00,3.66,9.72,6.24,4.49,4.51
676,5.09,6.88,1.78,6.88,5.49,6.82,1.33,6.82,4.33,5.76,1.43,0.01,3.16,8.00,4.99,4.45,6.28
677,5.56,6.66,1.10,6.66,5.33,6.80,1.47,6.80,4.36,5.84,1.48,0.01,3.72,8.63,5.10,4.48,5.85
678,7.14,5.45,1.69,7.14,7.08,5.45,1.63,7.08,5.97,4.65,1.32,0.05,3.93,8.53,4.80,6.60,4.66
679,4.84,5.47,0.63,5.47,4.93,5.54,0.61,5.54,4.12,4.68,0.56,0.00,3.63,9.87,6.42,4.17,4.76
680,4.81,5.77,0.96,5.77,5.27,5.67,0.41,5.67,4.41,4.88,0.47,0.00,3.40,8.97,5.74,4.48,4.98
681,5.27,6.72,1.44,6.72,5.76,6.72,0.96,6.72,4.81,5.83,1.03,0.02,3.02,7.49,4.62,4.86,6.08
682,5.06,7.13,2.06,7.13,5.00,7.12,2.13,7.12,4.09,6.07,1.98,0.13,3.25,8.00,4.91,4.37,6.22
683,4.95,6.80,1.86,6.80,4.88,7.07,2.19,7.07,4.03,6.02,1.99,0.05,3.52,8.55,5.20,4.12,6.13
684,6.54,5.95,0.59,6.54,6.84,6.20,0.63,6.84,5.81,5.33,0.48,0.01,3.34,7.34,4.17,5.98,5.43
685,6.89,5.21,1.68,6.89,6.91,5.42,1.48,6.91,5.91,4.40,1.51,0.05,3.70,8.27,4.75,6.26,4.50
686,7.09,4.76,2.33,7.09,6.81,5.12,1.69,6.81,5.85,4.43,1.42,0.04,3.20,8.00,4.96,6.15,4.54
687,5.42,6.58,1.16,6.58,5.93,6.91,0.98,6.91,4.98,5.71,0.73,0.01,3.55,7.76,4.39,4.90,5.88
688,5.21,5.21,0.00,5.21,5.47,5.21,0.26,5.47,4.42,4.32,0.10,0.00,2.34,8.13,5.91,4.54,4.63
689,5.66,6.56,0.90,6.56,5.82,7.01,1.18,7.01,4.87,6.02,1.14,0.01,3.71,8.00,4.48,5.01,6.16
690,5.84,6.74,0.90,6.74,6.09,6.87,0.78,6.87,5.22,5.86,0.64,0.02,3.15,6.96,3.97,5.45,6.30
691,5.30,6.71,1.41,6.71,5.69,6.70,1.01,6.70,4.83,5.75,0.92,0.02,3.72,8.09,4.55,4.96,6.00
692,6.04,6.61,0.56,6.61,6.34,6.59,0.24,6.59,5.43,5.49,0.06,0.00,4.00,8.00,4.20,5.77,5.89
693,6.09,5.22,0.87,6.09,6.46,5.39,1.07,6.46,5.42,4.42,1.00,0.00,3.85,8.96,5.30,5.34,4.54
694,7.13,7.05,0.08,7.13,7.00,7.08,0.07,7.08,5.87,5.91,0.04,0.07,4.63,8.00,3.60,6.27,6.24
695,5.01,4.70,0.31,5.01,5.31,4.80,0.51,5.31,4.44,3.88,0.56,0.00,3.22,9.38,6.31,4.49,4.19
696,6.31,5.10,1.22,6.31,6.43,5.22,1.21,6.43,5.28,4.39,0.89,0.00,3.13,8.58,5.61,5.39,4.55
697,7.02,4.73,2.28,7.02,7.15,5.27,1.88,7.15,5.83,4.31,1.53,0.05,3.37,8.00,4.80,6.54,4.40
698,7.10,5.28,1.82,7.10,7.12,5.45,1.67,7.12,6.17,4.54,1.63,0.01,2.69,7.02,4.46,6.48,4.80
699,5.31,6.94,1.63,6.94,5.61,7.18,1.57,7.18,4.48,6.20,1.73,0.06,3.95,8.39,4.64,4.66,6.59
700,5.44,5.34,0.10,5.44,5.48,5.40,0.08,5.48,4.62,4.39,0.24,0.01,2.94,9.08,6.29,4.59,4.54
701,5.79,5.44,0.35,5.79,5.65,5.35,0.29,5.65,4.71,4.56,0.14,0.02,2.86,8.65,5.93,4.61,4.62
702,6.35,6.20,0.15,6.35,6.63,6.57,0.07,6.63,5.69,5.66,0.03,0.01,3.70,7.55,4.04,5.87,5.74
703,6.21,5.11,1.10,6.21,6.57,5.34,1.23,6.57,5.50,4.28,1.22,0.00,4.08,9.60,5.72,5.56,4.21
704,5.01,5.15,0.13,5.15,5.42,5.26,0.16,5.42,4.59,4.25,0.34,0.00,2.37,8.36,6.11,4.81,4.32
705,7.35,5.70,1.65,7.35,6.90,5.47,1.43,6.90,5.79,4.54,1.25,0.16,3.47,8.00,4.70,6.51,4.61
706,4.79,5.10,0.31,5.10,4.94,5.05,0.11,5.05,4.25,4.10,0.15,0.00,2.88,9.36,6.63,4.31,4.43
707,5.44,6.78,1.34,6.78,5.44,6.81,1.37,6.81,4.44,5.86,1.42,0.01,3.30,8.00,4.87,4.52,6.24
708,4.95,6.78,1.83,6.78,5.44,6.92,1.48,6.92,4.46,5.79,1.33,0.03,3.50,8.00,4.68,4.64,6.29
709,5.59,5.39,0.20,5.59,5.68,5.56,0.11,5.68,4.78,4.77,0.01,0.01,3.87,9.03,5.35,4.95,4.90
710,5.92,4.94,0.98,5.92,6.15,4.87,1.27,6.15,5.17,4.15,1.02,0.00,3.62,9.10,5.66,5.38,4.32
711,5.33,5.21,0.12,5.33,5.24,5.48,0.24,5.48,4.33,4.50,0.17,0.00,3.08,9.24,6.32,4.49,4.46
712,5.07,5.40,0.33,5.40,5.26,5.68,0.42,5.68,4.39,5.02,0.63,0.00,3.18,9.12,6.09,4.48,4.96
713,6.12,4.89,1.23,6.12,6.35,4.67,1.68,6.35,5.68,4.02,1.67,0.00,3.23,8.36,5.29,5.91,4.22
714,4.91,4.66,0.25,4.91,5.33,4.85,0.47,5.33,4.30,4.08,0.22,0.00,3.32,9.70,6.55,4.46,4.29
715,5.90,6.11,0.21,6.11,5.99,6.33,0.35,6.33,4.82,5.47,0.65,0.01,2.70,7.38,4.81,4.94,5.76
716,5.92,5.17,0.75,5.92,6.17,5.73,0.44,6.17,5.08,4.95,0.13,0.01,3.69,8.64,5.14,5.32,5.08
717,5.19,6.71,1.52,6.71,5.36,6.95,1.60,6.95,4.48,5.79,1.31,0.05,3.41,7.95,4.71,4.82,6.34
718,6.65,5.87,0.78,6.65,6.84,5.84,1.00,6.84,5.92,5.03,0.90,0.01,3.52,7.85,4.50,6.37,4.96
719,6.87,5.24,1.62,6.87,6.83,5.36,1.47,6.83,5.69,4.58,1.11,0.03,3.59,8.29,4.88,5.97,4.78
720,6.64,5.35,1.29,6.64,6.71,5.39,1.32,6.71,5.69,4.54,1.15,0.00,3.41,8.47,5.23,6.11,4.41
721,5.51,5.52,0.01,5.52,5.68,5.17,0.51,5.68,4.93,4.35,0.58,0.00,4.39,10.46,6.29,4.85,4.38
722,5.35,6.36,1.01,6.36,5.54,6.36,0.82,6.36,4.66,5.37,0.71,0.00,3.23,8.31,5.24,4.64,5.62
723,5.29,5.15,0.13,5.29,5.30,5.57,0.26,5.57,4.45,4.83,0.38,0.00,2.97,8.70,5.88,4.49,4.80
724,4.64,6.87,2.23,6.87,5.06,6.77,1.71,6.77,4.20,5.87,1.67,0.03,3.09,7.98,5.04,4.38,6.14
725,7.24,5.31,1.93,7.24,7.11,5.44,1.67,7.11,6.06,4.52,1.54,0.03,3.58,7.91,4.51,6.24,4.76
726,4.53,5.04,0.51,5.04,4.94,5.23,0.29,5.23,4.11,4.44,0.33,0.00,2.48,8.56,6.20,4.37,4.60
727,5.92,6.30,0.38,6.30,5.90,6.70,0.80,6.70,4.88,5.74,0.86,0.00,3.19,7.44,4.42,5.18,6.20
728,5.23,6.93,1.70,6.93,5.29,7.00,1.71,7.00,4.51,5.89,1.38,0.00,3.59,8.00,4.59,4.69,6.39
729,5.06,5.75,0.69,5.75,5.14,6.01,0.86,6.01,4.39,5.13,0.73,0.00,2.90,8.00,5.25,4.31,5.46
730,5.22,5.06,0.16,5.22,5.47,5.34,0.13,5.47,4.58,4.35,0.23,0.00,2.56,8.71,6.27,4.72,4.31
731,4.63,5.06,0.43,5.06,5.19,5.18,0.01,5.19,4.27,4.51,0.24,0.00,3.38,9.60,6.38,4.03,4.55
732,4.15,5.49,1.33,5.49,4.95,5.61,0.66,5.61,4.01,4.56,0.55,0.00,3.36,10.08,6.89,4.06,4.51
733,5.31,4.69,0.62,5.31,5.67,4.92,0.76,5.67,4.70,4.23,0.48,0.00,2.27,8.29,6.13,4.89,4.48
734,7.02,5.88,1.14,7.02,7.10,6.11,0.98,7.10,6.21,5.12,1.09,0.07,3.64,7.37,3.91,6.48,5.08
735,5.37,5.45,0.07,5.45,5.47,5.48,0.01,5.48,4.68,4.64,0.03,0.00,2.92,8.81,6.04,4.87,4.48
736,4.59,7.17,2.58,7.17,4.96,7.11,2.15,7.11,4.11,6.05,1.94,0.03,2.83,7.63,4.94,4.25,6.39
737,5.74,5.35,0.40,5.74,6.09,5.26,0.83,6.09,5.10,4.41,0.68,0.00,3.02,8.78,5.91,5.05,4.54
738,6.73,5.60,1.13,6.73,7.19,5.46,1.72,7.19,6.01,4.50,1.50,0.00,3.57,8.00,4.61,6.38,4.76
739,4.72,4.95,0.23,4.95,5.00,5.07,0.08,5.07,4.34,4.14,0.20,0.00,4.95,11.27,6.56,4.34,4.36
740,6.47,4.91,1.56,6.47,6.30,5.19,1.12,6.30,5.47,4.33,1.14,0.01,3.56,8.86,5.47,5.81,4.43
741,5.97,5.92,0.05,5.97,6.30,5.85,0.45,6.30,5.41,5.06,0.35,0.00,2.67,7.60,5.06,5.67,4.87
742,5.14,5.91,0.77,5.91,5.42,5.76,0.33,5.76,4.49,4.84,0.35,0.00,2.11,7.80,5.80,4.38,4.88
743,5.35,5.19,0.17,5.35,5.16,5.34,0.18,5.34,4.33,4.44,0.11,0.01,2.92,9.15,6.37,4.51,4.67
744,6.81,5.25,1.57,6.81,6.60,5.47,1.13,6.60,5.69,4.52,1.16,0.04,3.15,8.00,5.01,6.09,4.50
745,6.83,4.77,2.06,6.83,6.71,5.12,1.59,6.71,5.62,4.33,1.29,0.03,3.36,8.39,5.20,5.98,4.33
746,4.63,5.14,0.51,5.14,5.13,5.31,0.17,5.31,4.33,4.41,0.08,0.00,3.17,9.35,6.33,4.61,4.39
747,7.19,4.97,2.22,7.19,7.40,5.07,2.33,7.40,6.21,4.24,1.97,0.05,3.10,7.72,4.78,6.37,4.27
748,6.84,4.69,2.15,6.84,6.99,5.05,1.94,6.99,5.84,4.17,1.67,0.05,3.75,8.68,5.11,6.40,4.25
749,5.87,5.00,0.87,5.87,5.98,4.95,1.03,5.98,4.95,4.19,0.75,0.00,4.20,9.97,5.98,4.86,4.33
750,4.95,5.20,0.25,5.20,5.09,5.29,0.20,5.29,4.31,4.40,0.09,0.00,3.02,9.44,6.57,4.38,4.36
751,6.80,4.91,1.89,6.80,6.92,5.25,1.67,6.92,5.84,4.44,1.40,0.02,2.57,7.42,4.98,6.01,4.57
752,4.98,7.51,2.53,7.51,5.10,7.14,2.05,7.14,4.34,6.15,1.80,0.08,3.45,8.00,4.72,4.46,6.52
753,6.53,5.52,1.00,6.53,6.97,5.75,1.22,6.97,6.02,4.82,1.21,0.00,3.66,8.00,4.52,6.39,4.93
754,6.74,5.50,1.25,6.74,6.85,5.74,1.11,6.85,5.87,4.70,1.17,0.02,3.70,8.20,4.69,6.11,4.60
755,6.71,6.79,0.09,6.79,7.01,6.79,0.22,7.01,5.89,5.78,0.11,0.04,2.71,6.00,3.43,6.38,6.11
756,7.14,4.54,2.59,7.14,7.12,4.92,2.20,7.12,6.06,4.04,2.01,0.00,3.22,8.00,4.94,6.31,4.39
757,5.11,4.85,0.27,5.11,5.14,5.02,0.12,5.14,4.25,4.30,0.05,0.00,3.65,9.96,6.50,4.49,4.35
758,5.28,7.38,2.11,7.38,5.54,7.26,1.72,7.26,4.62,6.03,1.41,0.06,3.65,8.00,4.53,4.70,6.37
759,7.12,6.81,0.31,7.12,7.06,6.81,0.24,7.06,6.04,5.86,0.18,0.01,3.77,7.00,3.42,6.42,6.02
760,4.77,6.82,2.05,6.82,4.84,7.17,2.32,7.17,3.98,6.13,2.14,0.07,2.98,7.94,5.11,3.90,6.43
761,6.60,5.14,1.46,6.60,6.74,5.24,1.50,6.74,5.79,4.47,1.32,0.01,3.20,8.00,4.96,6.05,4.45
762,7.25,5.74,1.51,7.25,7.35,5.67,1.68,7.35,6.19,4.76,1.43,0.05,3.21,7.26,4.21,6.60,4.96
763,5.42,5.11,0.30,5.42,5.50,5.31,0.19,5.50,4.69,4.46,0.22,0.00,3.32,9.15,5.99,4.82,4.66
764,5.46,4.63,0.84,5.46,5.81,4.43,1.38,5.81,4.92,3.72,1.20,0.01,5.38,11.21,6.10,5.13,4.18
765,7.11,6.55,0.56,7.11,7.00,6.66,0.34,7.00,5.79,5.80,0.01,0.06,3.01,6.46,3.60,6.31,6.13
766,7.01,6.79,0.22,7.01,6.97,6.82,0.15,6.97,5.86,5.81,0.04,0.03,3.03,6.61,3.73,6.02,6.06
767,7.10,5.13,1.97,7.10,7.07,5.26,1.80,7.07,5.85,4.39,1.46,0.05,3.57,8.00,4.61,6.47,4.56
768,5.51,5.07,0.45,5.51,5.18,5.33,0.15,5.33,4.36,4.38,0.01,0.00,2.11,8.27,6.26,4.35,4.56
769,7.34,6.64,0.70,7.34,7.24,6.96,0.29,7.24,6.03,5.91,0.12,0.07,4.12,7.04,3.13,6.42,6.26
770,4.42,6.73,2.32,6.73,4.55,6.81,2.27,6.81,3.94,5.69,1.75,0.07,4.73,9.87,5.38,3.86,6.10
771,5.81,5.29,0.51,5.81,5.59,5.35,0.24,5.59,4.77,4.50,0.27,0.00,3.48,9.49,6.18,4.68,4.25
772,6.85,7.72,0.88,7.72,7.03,7.11,0.08,7.11,6.11,5.91,0.20,0.08,3.51,6.46,3.13,6.31,6.46
773,7.50,4.82,2.68,7.50,7.15,4.87,2.28,7.15,6.20,4.00,2.20,0.06,3.29,8.00,4.87,6.50,4.20
774,5.17,5.60,0.43,5.60,5.50,5.57,0.08,5.57,4.57,4.45,0.12,0.00,3.05,8.76,5.86,4.64,4.56
775,6.68,5.41,1.27,6.68,6.91,5.36,1.55,6.91,5.84,4.55,1.28,0.01,3.43,8.00,4.75,6.15,4.56
776,4.68,5.31,0.63,5.31,4.88,5.37,0.49,5.37,4.09,4.61,0.52,0.00,3.01,9.18,6.33,4.41,4.83
777,6.70,5.34,1.36,6.70,6.95,5.27,1.68,6.95,5.93,4.54,1.39,0.01,3.49,8.00,4.68,6.41,4.50
778,6.58,7.31,0.73,7.31,6.58,7.34,0.77,7.34,5.68,6.25,0.57,0.06,4.16,7.26,3.30,6.01,6.49
779,5.70,6.41,0.71,6.41,5.99,6.72,0.73,6.72,5.03,5.64,0.60,0.00,3.36,8.00,4.80,4.99,6.02
780,5.16,4.97,0.19,5.16,5.45,5.20,0.25,5.45,4.57,4.45,0.12,0.00,2.42,8.45,6.15,4.59,4.63
781,5.70,6.62,0.92,6.62,5.85,6.77,0.92,6.77,4.96,5.79,0.83,0.05,2.96,7.10,4.28,5.09,6.20
782,7.15,6.17,0.97,7.15,7.22,6.41,0.81,7.22,6.13,5.52,0.61,0.02,4.42,8.00,3.80,6.32,5.46
783,5.90,6.14,0.24,6.14,6.14,6.26,0.13,6.26,5.10,5.41,0.30,0.01,3.52,7.91,4.57,5.12,5.63
784,5.30,6.78,1.49,6.78,5.49,6.94,1.46,6.94,4.66,5.82,1.16,0.00,3.29,8.06,4.94,4.55,6.03
785,4.67,5.15,0.48,5.15,5.05,5.33,0.29,5.33,4.22,4.57,0.36,0.00,3.04,9.38,6.50,4.19,4.61
786,6.93,6.49,0.44,6.93,6.95,6.82,0.13,6.95,5.80,5.83,0.03,0.03,2.72,5.91,3.33,6.05,6.28
787,6.32,7.21,0.89,7.21,6.78,7.21,0.43,7.21,5.63,6.08,0.45,0.06,4.91,8.00,3.33,6.16,6.51
788,4.42,6.80,2.38,6.80,4.83,7.17,2.34,7.17,4.10,5.95,1.85,0.05,3.04,8.00,5.11,4.15,6.26
789,6.59,6.79,0.20,6.79,6.74,6.82,0.08,6.82,5.87,5.77,0.10,0.07,5.01,8.00,3.24,6.15,6.31
790,5.16,5.33,0.16,5.33,5.36,5.45,0.10,5.45,4.46,4.64,0.18,0.00,2.79,8.90,6.25,4.44,4.61
791,5.48,5.03,0.45,5.48,5.81,5.22,0.59,5.81,4.88,4.22,0.66,0.01,2.37,8.32,6.07,5.05,4.50
792,5.83,5.75,0.08,5.83,6.09,6.05,0.04,6.09,5.04,5.12,0.07,0.01,3.25,8.20,5.12,5.30,5.23
793,5.36,4.97,0.39,5.36,5.55,5.16,0.39,5.55,4.73,4.23,0.50,0.00,3.98,9.97,6.18,4.86,4.31
794,7.02,7.44,0.42,7.44,7.06,7.36,0.31,7.36,5.87,6.23,0.36,0.02,3.51,6.68,3.35,6.08,6.33
795,6.71,4.86,1.86,6.71,6.87,5.18,1.68,6.87,5.94,4.38,1.56,0.02,3.16,8.00,5.00,6.23,4.36
796,7.37,6.56,0.81,7.37,7.43,6.69,0.74,7.43,6.38,5.84,0.54,0.02,3.27,6.11,3.00,6.65,6.03
797,6.48,4.61,1.87,6.48,6.57,4.92,1.65,6.57,5.62,4.18,1.44,0.01,3.00,7.94,5.09,5.54,4.49
798,5.13,5.43,0.30,5.43,5.42,5.31,0.11,5.42,4.47,4.33,0.14,0.00,2.88,9.35,6.62,4.39,4.07
799,6.83,6.54,0.30,6.83,6.96,6.67,0.29,6.96,5.95,5.65,0.30,0.04,3.18,6.54,3.51,6.28,6.01
800,4.96,5.32,0.36,5.32,5.19,5.45,0.25,5.45,4.16,4.69,0.54,0.00,2.66,8.94,6.42,4.25,4.79
801,4.89,4.43,0.46,4.89,5.15,4.93,0.22,5.15,4.41,4.10,0.31,0.00,2.93,9.04,6.26,4.58,4.47
802,4.93,6.18,1.24,6.18,5.24,6.28,1.04,6.28,4.51,5.38,0.87,0.00,2.80,8.08,5.42,4.57,5.43
803,4.98,5.13,0.15,5.13,5.30,5.47,0.17,5.47,4.36,4.66,0.30,0.00,2.63,8.79,6.30,4.40,4.70
804,6.91,5.36,1.56,6.91,6.96,5.39,1.56,6.96,5.80,4.73,1.07,0.04,3.66,8.00,4.53,6.25,4.82
805,5.54,5.67,0.13,5.67,5.65,5.58,0.07,5.65,4.61,4.76,0.15,0.00,2.68,8.23,5.69,4.59,5.08
806,5.13,5.21,0.08,5.21,5.18,5.40,0.23,5.40,4.35,4.43,0.08,0.00,2.50,8.56,6.19,4.48,4.53
807,5.08,4.86,0.23,5.08,5.27,5.01,0.26,5.27,4.44,4.26,0.18,0.00,2.87,8.98,6.26,4.66,4.42
808,5.54,5.78,0.24,5.78,6.03,5.77,0.26,6.03,5.12,4.75,0.37,0.00,3.13,8.23,5.26,5.49,4.70
809,4.61,6.68,2.07,6.68,5.02,6.87,1.85,6.87,4.17,5.76,1.59,0.02,2.89,8.00,5.26,4.05,6.11
810,4.65,5.11,0.46,5.11,5.21,4.96,0.24,5.21,4.51,4.40,0.12,0.00,2.50,8.49,6.11,4.59,4.59
811,6.61,5.50,1.11,6.61,6.84,5.52,1.32,6.84,5.90,4.50,1.40,0.01,3.34,7.86,4.68,6.23,4.71
812,7.07,5.30,1.77,7.07,7.04,5.03,2.01,7.04,6.10,4.29,1.81,0.02,3.01,7.51,4.66,6.28,4.60
813,4.71,5.46,0.75,5.46,5.13,5.46,0.34,5.46,4.22,4.57,0.35,0.00,2.89,9.13,6.39,3.96,4.61
814,5.55,4.68,0.87,5.55,5.48,4.82,0.67,5.48,4.64,4.00,0.63,0.00,2.61,8.94,6.46,4.65,4.04
815,5.99,7.25,1.26,7.25,6.08,7.10,1.02,7.10,5.14,5.86,0.71,0.03,3.04,7.15,4.26,5.22,6.22
816,5.37,6.88,1.51,6.88,5.26,6.92,1.66,6.92,4.35,6.01,1.66,0.12,3.08,7.54,4.61,4.60,6.37
817,5.20,6.90,1.70,6.90,5.36,6.76,1.40,6.76,4.29,5.86,1.57,0.00,3.53,8.03,4.67,4.49,6.17
818,6.10,5.21,0.89,6.10,6.22,5.48,0.74,6.22,5.28,4.49,0.78,0.01,3.15,8.33,5.33,5.48,4.58
819,6.76,6.52,0.25,6.76,6.78,6.63,0.15,6.78,5.86,5.50,0.37,0.01,3.74,7.29,3.74,6.04,6.12
820,6.34,4.38,1.96,6.34,6.68,4.51,2.16,6.68,5.70,3.74,1.96,0.03,2.98,8.00,5.17,6.21,4.16
821,5.01,4.93,0.08,5.01,5.34,5.10,0.24,5.34,4.61,4.31,0.30,0.00,3.77,9.62,6.03,4.79,4.58
822,7.29,4.77,2.52,7.29,7.16,5.28,1.88,7.16,6.24,4.29,1.95,0.03,3.04,8.00,5.11,6.64,4.33
823,5.36,4.87,0.49,5.36,5.76,5.10,0.66,5.76,4.63,4.45,0.19,0.00,2.93,9.06,6.28,4.42,4.53
824,5.42,6.56,1.14,6.56,5.75,6.40,0.65,6.40,4.77,5.60,0.83,0.02,3.23,7.70,4.63,4.80,6.08
825,5.20,7.20,1.99,7.20,5.28,6.88,1.60,6.88,4.48,6.01,1.53,0.03,3.29,8.05,4.92,4.45,6.10
826,6.85,4.54,2.32,6.85,6.87,5.00,1.88,6.87,5.84,4.28,1.56,0.02,3.36,8.28,5.08,6.34,4.17
827,6.44,6.65,0.21,6.65,6.44,7.03,0.59,7.03,5.41,6.01,0.60,0.01,4.33,8.00,3.89,5.70,6.29
828,5.17,4.93,0.24,5.17,5.58,5.03,0.54,5.58,4.64,4.26,0.38,0.00,2.76,8.93,6.30,4.80,4.27
829,6.74,6.51,0.23,6.74,6.87,6.55,0.32,6.87,5.99,5.53,0.46,0.03,3.37,6.68,3.47,6.35,5.96
830,5.41,7.10,1.69,7.10,5.36,7.11,1.75,7.11,4.51,5.90,1.39,0.02,2.73,7.41,4.81,4.45,6.32
831,7.19,4.99,2.21,7.19,6.77,5.11,1.66,6.77,5.65,4.29,1.36,0.07,3.35,8.44,5.26,6.00,4.49
832,7.23,5.23,2.00,7.23,7.11,5.13,1.97,7.11,6.08,4.23,1.85,0.03,3.56,8.00,4.62,6.39,4.40
833,5.18,5.06,0.12,5.18,5.41,5.17,0.24,5.41,4.61,4.28,0.33,0.00,2.80,8.75,6.09,4.83,4.36
834,6.08,5.14,0.94,6.08,6.54,5.58,0.96,6.54,5.62,4.76,0.86,0.01,3.33,8.00,4.83,6.02,4.85
835,7.04,6.79,0.26,7.04,7.07,6.74,0.33,7.07,6.07,5.78,0.29,0.06,3.16,6.14,3.14,6.56,6.06
836,5.06,7.06,1.99,7.06,5.20,7.15,1.94,7.15,4.28,6.04,1.76,0.04,3.44,8.00,4.73,4.43,6.66
837,5.48,4.63,0.85,5.48,5.33,5.25,0.08,5.33,4.44,4.15,0.29,0.01,2.88,9.20,6.46,4.52,4.10
838,7.33,6.87,0.46,7.33,7.16,6.85,0.31,7.16,6.14,5.88,0.26,0.07,3.67,6.62,3.13,6.56,6.03
839,6.94,5.12,1.82,6.94,6.71,5.27,1.44,6.71,5.92,4.59,1.33,0.03,3.49,7.90,4.58,6.07,4.78
840,4.72,5.69,0.96,5.69,5.04,5.81,0.77,5.81,4.20,4.92,0.72,0.00,2.68,8.58,6.03,4.14,4.95
841,4.91,7.16,2.25,7.16,5.27,7.03,1.76,7.03,4.49,5.90,1.41,0.05,3.34,7.80,4.63,4.55,6.27
842,5.39,6.17,0.78,6.17,5.38,6.21,0.83,6.21,4.53,5.39,0.86,0.00,4.35,9.33,5.20,4.69,5.69
843,5.44,4.33,1.11,5.44,5.61,4.87,0.74,5.61,4.70,3.92,0.78,0.00,3.80,9.99,6.38,4.88,4.11
844,5.22,6.69,1.47,6.69,5.38,6.76,1.39,6.76,4.57,5.63,1.06,0.00,3.33,8.00,4.84,4.62,6.12
845,5.27,5.22,0.05,5.27,5.12,5.44,0.33,5.44,4.40,4.64,0.24,0.00,3.74,9.80,6.25,4.29,4.71
846,5.35,5.13,0.22,5.35,5.17,5.59,0.42,5.59,4.27,4.67,0.40,0.00,3.74,9.68,6.12,4.53,4.60
847,5.62,5.31,0.31,5.62,5.85,5.47,0.38,5.85,4.83,4.69,0.14,0.01,2.45,8.00,5.68,4.97,4.78
848,4.88,5.14,0.26,5.14,4.99,5.39,0.40,5.39,3.99,4.43,0.44,0.00,3.45,9.94,6.66,4.00,4.62
849,4.35,5.52,1.17,5.52,4.71,5.69,0.98,5.69,3.91,4.65,0.75,0.00,3.32,9.51,6.36,4.13,4.72
850,5.86,6.59,0.74,6.59,6.19,6.52,0.33,6.52,5.37,5.50,0.13,0.00,3.78,8.00,4.41,5.43,6.06
851,5.41,5.44,0.03,5.44,5.65,5.48,0.17,5.65,4.80,4.57,0.22,0.00,2.96,8.78,5.97,4.87,4.81
852,6.62,4.92,1.71,6.62,6.77,4.95,1.82,6.77,5.73,4.20,1.52,0.03,3.87,8.79,5.12,6.07,4.27
853,6.18,6.58,0.40,6.58,6.03,6.60,0.57,6.60,5.05,5.57,0.52,0.00,3.23,7.75,4.69,5.03,5.97
854,5.14,5.19,0.05,5.19,5.66,5.35,0.31,5.66,4.83,4.46,0.36,0.00,4.77,10.54,6.01,4.84,4.42
855,7.12,4.98,2.15,7.12,7.20,4.97,2.23,7.20,6.28,4.23,2.05,0.01,3.83,8.68,5.04,6.29,4.38
856,7.19,5.38,1.82,7.19,7.17,5.58,1.59,7.17,6.11,4.69,1.42,0.06,3.56,8.00,4.62,6.54,4.72
857,5.42,6.66,1.24,6.66,5.45,6.82,1.37,6.82,4.74,5.55,0.82,0.03,3.10,8.00,5.05,4.70,5.97
858,4.95,5.25,0.30,5.25,5.44,4.99,0.45,5.44,4.67,4.23,0.44,0.00,3.19,9.30,6.27,4.60,4.37
859,5.88,5.18,0.70,5.88,5.95,5.06,0.90,5.95,5.21,4.19,1.02,0.02,3.10,8.62,5.68,5.36,4.09
860,5.05,5.34,0.29,5.34,5.19,5.73,0.54,5.73,4.42,4.81,0.39,0.00,2.67,8.52,5.99,4.45,4.99
861,5.62,5.45,0.17,5.62,5.69,5.42,0.27,5.69,4.69,4.48,0.21,0.01,2.89,8.52,5.77,4.89,4.53
862,5.67,5.70,0.03,5.70,5.68,5.56,0.12,5.68,4.75,4.78,0.03,0.00,4.15,9.40,5.46,5.14,5.05
863,5.15,4.75,0.40,5.15,5.29,5.10,0.19,5.29,4.42,4.30,0.12,0.00,4.11,10.54,6.63,4.35,4.31
864,4.79,4.76,0.04,4.79,5.25,4.82,0.43,5.25,4.39,4.19,0.19,0.00,3.06,9.39,6.49,4.53,4.41
865,6.64,6.64,0.00,6.64,6.78,6.37,0.41,6.78,5.61,5.55,0.06,0.04,4.44,8.00,3.79,6.19,5.72
866,4.57,5.63,1.06,5.63,5.01,6.02,1.01,6.02,4.17,5.10,0.93,0.00,3.43,9.05,5.79,4.24,5.37
867,5.47,4.58,0.89,5.47,5.73,4.87,0.85,5.73,4.71,4.05,0.66,0.00,2.96,9.07,6.26,5.00,4.20
868,6.29,4.68,1.61,6.29,6.37,4.87,1.50,6.37,5.48,4.14,1.34,0.00,2.90,8.32,5.56,5.65,4.17
869,6.88,5.02,1.86,6.88,6.90,5.34,1.56,6.90,5.81,4.49,1.32,0.02,3.22,8.00,4.94,6.04,4.49
870,5.66,5.49,0.17,5.66,5.48,5.46,0.02,5.48,4.64,4.56,0.08,0.00,2.44,8.59,6.27,4.92,4.50
871,5.10,4.74,0.37,5.10,5.30,5.08,0.21,5.30,4.28,4.07,0.21,0.00,3.24,9.53,6.45,4.38,4.21
872,5.19,5.05,0.14,5.19,5.57,5.21,0.36,5.57,4.58,4.43,0.15,0.00,2.68,8.45,5.91,4.81,4.68
873,5.70,4.89,0.81,5.70,5.49,5.38,0.10,5.49,4.66,4.43,0.23,0.00,2.63,8.59,6.09,4.77,4.50
874,5.43,5.11,0.32,5.43,5.30,5.17,0.12,5.30,4.42,4.45,0.03,0.00,2.94,9.16,6.37,4.58,4.51
875,4.55,6.65,2.10,6.65,4.83,6.89,2.05,6.89,3.98,5.96,1.99,0.01,4.37,9.48,5.32,4.14,6.24
876,5.17,5.38,0.21,5.38,5.32,5.52,0.20,5.52,4.38,4.57,0.19,0.00,3.27,9.51,6.40,4.32,4.60
877,5.56,5.49,0.07,5.56,5.36,5.55,0.19,5.55,4.58,4.87,0.29,0.00,2.99,8.51,5.67,4.76,4.92
878,5.40,5.40,0.00,5.40,5.27,5.30,0.02,5.30,4.44,4.45,0.01,0.00,3.37,9.38,6.17,4.54,4.60
879,6.91,6.17,0.75,6.91,6.93,6.35,0.58,6.93,5.80,5.49,0.31,0.04,4.07,7.61,3.75,6.06,5.88
880,5.25,6.76,1.51,6.76,5.42,6.81,1.39,6.81,4.65,5.99,1.34,0.06,3.31,7.59,4.45,4.75,6.37
881,6.88,6.80,0.09,6.88,7.02,7.06,0.04,7.06,5.75,5.78,0.03,0.01,3.53,6.94,3.58,6.26,6.27
882,5.22,6.80,1.57,6.80,5.19,6.71,1.52,6.71,4.40,5.62,1.22,0.01,3.02,8.00,5.13,4.47,6.35
883,5.17,6.94,1.77,6.94,5.52,6.80,1.29,6.80,4.43,5.90,1.47,0.02,3.26,8.00,4.90,4.42,6.35
884,5.76,5.19,0.57,5.76,5.43,5.04,0.39,5.43,4.59,4.32,0.28,0.00,3.45,9.59,6.31,4.64,4.43
885,7.03,5.09,1.93,7.03,7.04,5.46,1.58,7.04,5.91,4.51,1.40,0.04,3.36,8.00,4.81,6.28,4.48
886,5.10,7.19,2.08,7.19,5.15,7.21,2.07,7.21,4.20,6.17,1.97,0.05,3.33,8.00,4.84,4.37,6.50
887,4.95,4.84,0.11,4.95,5.36,5.11,0.25,5.36,4.41,4.33,0.08,0.00,3.30,9.36,6.23,4.55,4.44
888,6.65,6.93,0.28,6.93,6.93,6.80,0.13,6.93,5.72,5.82,0.10,0.09,3.21,6.40,3.35,6.56,6.10
889,5.19,5.91,0.72,5.91,5.26,5.91,0.65,5.91,4.38,4.97,0.59,0.01,3.56,9.06,5.68,4.44,4.98
890,4.87,7.05,2.18,7.05,5.05,7.34,2.29,7.34,4.34,6.14,1.80,0.08,3.59,8.00,4.59,4.37,6.56
891,6.69,5.58,1.11,6.69,6.83,5.59,1.23,6.83,5.78,4.66,1.11,0.01,3.21,7.89,4.84,6.04,4.77
892,4.79,4.79,0.01,4.79,5.07,5.16,0.08,5.16,4.19,4.17,0.02,0.00,3.85,10.36,6.70,4.34,4.37
893,5.40,4.82,0.58,5.40,5.71,4.98,0.72,5.71,4.88,4.19,0.70,0.00,3.88,9.76,6.08,5.02,4.35
894,6.36,5.31,1.05,6.36,6.38,5.14,1.24,6.38,5.47,4.22,1.24,0.01,3.68,8.84,5.34,5.69,4.34
895,5.54,5.41,0.13,5.54,5.91,5.70,0.21,5.91,4.74,4.81,0.06,0.00,3.39,9.22,6.01,4.71,4.68
896,5.63,5.02,0.61,5.63,5.60,5.75,0.16,5.75,4.82,4.70,0.13,0.00,2.96,8.87,6.05,4.86,4.59
897,5.78,5.51,0.27,5.78,5.90,5.82,0.08,5.90,5.04,4.92,0.12,0.01,3.08,8.10,5.17,4.97,5.15
898,7.03,4.67,2.36,7.03,7.21,4.78,2.42,7.21,5.86,3.75,2.11,0.02,3.01,8.00,5.14,6.33,4.08
899,7.07,7.47,0.40,7.47,6.96,7.03,0.07,7.03,5.99,5.91,0.08,0.17,3.65,6.77,3.30,6.35,5.99
900,4.72,4.64,0.08,4.72,5.01,4.96,0.05,5.01,4.14,4.18,0.05,0.00,2.61,9.11,6.64,4.20,4.37
901,6.54,6.77,0.23,6.77,6.66,6.89,0.23,6.89,5.83,5.95,0.11,0.02,4.01,7.15,3.33,6.02,6.35
902,4.72,7.19,2.46,7.19,5.13,6.91,1.79,6.91,4.24,5.90,1.66,0.02,3.18,8.00,4.98,4.25,6.33
903,6.31,4.87,1.45,6.31,6.23,5.35,0.88,6.23,5.20,4.43,0.77,0.00,3.15,8.44,5.45,5.32,4.48
904,5.65,4.67,0.97,5.65,5.74,5.09,0.65,5.74,4.78,4.25,0.53,0.00,3.92,9.96,6.24,5.02,4.24
905,5.14,5.89,0.74,5.89,5.21,5.90,0.69,5.90,4.44,4.98,0.54,0.00,3.40,8.85,5.62,4.65,5.13
906,5.42,4.57,0.85,5.42,5.61,5.47,0.13,5.61,4.66,4.49,0.16,0.00,3.56,9.12,5.74,4.92,4.53
907,4.37,5.02,0.65,5.02,5.01,5.49,0.48,5.49,4.06,4.62,0.55,0.00,3.37,9.50,6.29,4.07,4.70
908,7.11,5.52,1.59,7.11,6.98,5.40,1.58,6.98,5.91,4.50,1.40,0.05,2.64,7.45,4.94,6.10,4.50
909,7.43,5.70,1.72,7.43,7.21,6.00,1.21,7.21,6.01,5.18,0.83,0.03,3.89,8.00,4.30,6.46,5.05
910,5.16,5.24,0.08,5.24,5.39,5.24,0.15,5.39,4.65,4.29,0.36,0.00,2.69,8.84,6.28,4.56,4.40
911,4.83,5.03,0.20,5.03,5.26,5.19,0.07,5.26,4.33,4.44,0.11,0.00,3.82,10.03,6.41,4.47,4.32
912,7.01,7.00,0.01,7.01,7.02,6.89,0.13,7.02,6.06,5.82,0.24,0.05,3.63,6.93,3.49,6.29,6.18
913,6.28,6.96,0.68,6.96,6.43,7.06,0.64,7.06,5.49,5.91,0.42,0.11,4.28,7.84,3.78,6.04,6.35
914,6.95,6.67,0.28,6.95,6.95,6.78,0.16,6.95,6.08,5.88,0.21,0.02,4.37,7.64,3.49,6.20,6.42
915,4.98,5.75,0.77,5.75,5.55,5.77,0.22,5.77,4.59,4.88,0.28,0.00,3.24,9.00,5.92,4.81,4.95
916,6.02,7.05,1.03,7.05,6.13,7.01,0.88,7.01,5.03,6.12,1.09,0.03,4.09,8.00,4.11,5.02,6.44
917,5.30,5.02,0.28,5.30,5.32,5.11,0.21,5.32,4.55,4.41,0.14,0.00,3.63,9.77,6.32,4.62,4.42
918,5.62,5.13,0.49,5.62,5.75,5.00,0.75,5.75,4.69,4.25,0.44,0.01,3.30,9.35,6.21,4.79,4.31
919,6.89,5.64,1.25,6.89,7.01,5.87,1.14,7.01,6.10,5.02,1.08,0.04,3.57,7.46,4.07,6.22,5.09
920,7.25,4.76,2.49,7.25,7.04,5.23,1.80,7.04,6.11,4.33,1.79,0.06,3.17,8.00,4.99,6.20,4.49
921,4.86,5.74,0.89,5.74,5.20,5.80,0.60,5.80,4.33,4.89,0.55,0.00,3.59,9.23,5.82,4.54,5.19
922,6.66,6.32,0.34,6.66,6.89,6.69,0.19,6.89,5.71,5.66,0.04,0.01,3.25,6.56,3.47,6.09,6.15
923,4.50,6.49,1.99,6.49,5.11,6.62,1.52,6.62,4.30,5.62,1.31,0.00,4.26,9.13,5.08,4.46,6.00
924,4.73,6.60,1.87,6.60,5.11,6.73,1.62,6.73,4.19,5.77,1.57,0.01,2.54,8.00,5.59,4.10,6.13
925,5.83,5.26,0.57,5.83,6.06,5.47,0.59,6.06,4.91,4.51,0.40,0.00,2.63,8.19,5.69,4.93,4.77
926,4.30,5.54,1.24,5.54,4.67,5.60,0.93,5.60,3.83,4.73,0.91,0.00,2.93,9.08,6.29,4.00,4.72
927,5.08,6.48,1.40,6.48,5.18,6.66,1.47,6.66,4.39,5.60,1.21,0.02,3.49,8.42,5.11,4.53,6.14
928,5.70,5.39,0.31,5.70,5.75,5.44,0.31,5.75,4.68,4.62,0.06,0.00,2.81,8.37,5.70,4.70,4.65
929,4.80,7.35,2.56,7.35,5.01,7.22,2.21,7.22,4.22,6.09,1.87,0.05,2.92,7.81,5.04,4.49,6.39
930,6.85,5.20,1.65,6.85,7.07,5.41,1.66,7.07,5.79,4.49,1.30,0.02,3.91,8.46,4.74,6.20,4.61
931,4.70,4.73,0.03,4.73,5.28,5.01,0.27,5.28,4.29,4.06,0.23,0.00,3.29,9.74,6.62,4.45,4.39
932,6.95,5.83,1.12,6.95,6.83,5.84,0.99,6.83,5.88,5.09,0.80,0.08,3.79,7.91,4.31,6.23,5.16
933,5.37,5.88,0.51,5.88,5.41,6.04,0.62,6.04,4.75,5.08,0.33,0.00,3.91,9.54,5.83,4.73,5.06
934,6.93,7.05,0.12,7.05,6.68,6.76,0.07,6.76,5.64,5.83,0.19,0.07,4.51,8.00,3.71,5.92,6.35
935,6.85,6.68,0.17,6.85,6.79,6.82,0.03,6.82,5.82,5.91,0.08,0.10,4.27,7.46,3.40,6.40,6.13
936,5.47,6.84,1.37,6.84,5.51,6.78,1.27,6.78,4.70,5.74,1.05,0.02,2.45,7.22,4.90,4.64,5.97
937,6.80,6.91,0.11,6.91,7.03,6.97,0.07,7.03,5.87,6.01,0.14,0.04,3.32,6.19,3.04,6.06,6.49
938,5.58,5.93,0.35,5.93,5.82,6.12,0.30,6.12,4.86,5.26,0.40,0.02,3.20,8.26,5.23,5.03,5.35
939,5.56,6.61,1.05,6.61,5.94,6.45,0.51,6.45,5.22,5.48,0.27,0.01,3.36,7.70,4.51,5.31,5.75
940,6.91,5.20,1.71,6.91,6.93,5.46,1.46,6.93,6.00,4.62,1.38,0.03,3.77,8.00,4.42,6.41,4.74
941,7.05,5.42,1.64,7.05,7.01,5.92,1.08,7.01,6.16,5.05,1.11,0.02,3.89,8.02,4.32,6.44,4.87
942,5.65,5.08,0.58,5.65,5.57,5.16,0.41,5.57,4.69,4.43,0.26,0.00,3.27,9.15,6.05,4.60,4.61
943,5.50,5.12,0.37,5.50,5.57,5.17,0.41,5.57,4.57,4.38,0.20,0.00,2.82,8.93,6.26,4.63,4.58
944,5.29,6.58,1.29,6.58,5.31,6.79,1.48,6.79,4.49,5.81,1.32,0.03,3.10,7.95,5.00,4.57,6.19
945,5.14,7.01,1.87,7.01,5.10,6.80,1.70,6.80,4.38,5.83,1.45,0.04,3.30,8.00,4.87,4.55,6.21
946,6.94,6.86,0.08,6.94,6.97,7.20,0.23,7.20,5.88,5.97,0.09,0.09,4.34,7.41,3.29,6.06,6.38
947,5.12,6.70,1.58,6.70,5.32,6.90,1.58,6.90,4.25,5.80,1.55,0.00,3.24,8.00,4.93,4.23,6.37
948,5.39,6.36,0.97,6.36,5.44,6.34,0.91,6.34,4.42,5.38,0.96,0.00,3.38,8.63,5.41,4.41,5.37
949,4.65,6.65,2.00,6.65,5.02,6.80,1.78,6.80,4.24,5.85,1.61,0.01,4.05,8.84,4.99,4.30,6.11
950,4.69,5.72,1.03,5.72,5.26,5.80,0.54,5.80,4.31,4.86,0.55,0.00,4.49,9.93,5.67,4.58,5.08
951,5.10,5.03,0.07,5.10,5.06,5.25,0.19,5.25,4.24,4.32,0.08,0.00,2.67,9.05,6.51,4.45,4.21
952,5.30,5.21,0.09,5.30,5.09,5.18,0.09,5.18,4.27,4.27,0.01,0.00,3.74,9.97,6.42,4.37,4.41
953,4.92,7.16,2.23,7.16,4.99,7.22,2.23,7.22,4.17,6.12,1.96,0.05,2.81,7.64,4.97,4.14,6.39
954,6.27,4.99,1.28,6.27,6.22,5.37,0.85,6.22,5.14,4.47,0.66,0.00,3.73,9.66,6.11,5.12,4.39
955,6.84,5.25,1.59,6.84,6.79,5.67,1.11,6.79,5.71,4.75,0.96,0.06,3.37,8.00,4.80,6.10,4.64
956,5.05,6.76,1.71,6.76,5.26,6.95,1.69,6.95,4.48,5.88,1.39,0.02,3.44,7.90,4.63,4.54,6.56
957,5.37,7.37,2.00,7.37,5.79,7.08,1.30,7.08,4.87,6.03,1.16,0.08,3.73,7.97,4.43,4.97,6.29
958,5.61,5.03,0.57,5.61,5.62,5.14,0.48,5.62,4.64,4.37,0.27,0.01,2.35,8.22,5.99,4.75,4.54
959,6.70,5.55,1.15,6.70,6.70,5.53,1.17,6.70,5.68,4.65,1.03,0.01,3.00,7.63,4.77,6.32,4.73
960,6.78,5.86,0.92,6.78,6.97,5.71,1.26,6.97,6.09,4.92,1.17,0.01,3.86,8.00,4.33,6.42,4.88
961,4.96,4.99,0.03,4.99,5.45,5.03,0.42,5.45,4.58,4.12,0.47,0.00,3.79,9.71,6.11,4.53,4.38
962,7.15,5.56,1.59,7.15,7.02,5.39,1.64,7.02,5.95,4.55,1.40,0.05,3.20,8.00,4.96,6.21,4.63
963,4.65,6.62,1.97,6.62,5.08,6.59,1.50,6.59,4.16,5.71,1.55,0.00,2.79,7.81,5.15,4.16,5.96
964,4.78,5.26,0.48,5.26,5.21,5.48,0.27,5.48,4.51,4.61,0.10,0.00,2.57,8.77,6.33,4.57,4.38
965,7.34,5.38,1.97,7.34,7.32,5.26,2.06,7.32,5.90,4.51,1.39,0.05,3.20,8.00,4.96,6.25,4.50
966,6.66,5.16,1.49,6.66,6.60,5.24,1.36,6.60,5.64,4.47,1.17,0.01,3.34,8.00,4.82,5.99,4.55
967,6.91,5.53,1.38,6.91,6.92,5.79,1.12,6.92,5.89,4.85,1.04,0.04,3.66,8.00,4.53,6.26,5.07
968,4.80,5.06,0.26,5.06,5.02,5.07,0.05,5.07,4.29,4.33,0.04,0.00,2.34,8.64,6.41,4.40,4.46
969,4.89,5.22,0.33,5.22,5.19,5.35,0.16,5.35,4.44,4.41,0.03,0.00,3.94,10.20,6.45,4.41,4.70
970,5.29,4.74,0.55,5.29,5.42,5.05,0.37,5.42,4.45,4.09,0.36,0.00,3.04,9.19,6.30,4.61,4.19
971,5.51,6.39,0.88,6.39,5.48,6.59,1.11,6.59,4.74,5.52,0.78,0.01,3.20,8.00,4.96,4.68,5.67
972,5.12,4.79,0.34,5.12,5.44,4.74,0.70,5.44,4.48,4.06,0.42,0.00,3.10,9.48,6.54,4.67,4.09
973,4.93,5.65,0.72,5.65,5.52,5.75,0.23,5.75,4.43,4.73,0.30,0.00,4.91,10.89,6.22,4.56,4.53
974,5.36,6.67,1.31,6.67,5.66,6.87,1.21,6.87,4.93,5.91,0.98,0.02,3.77,7.94,4.35,5.05,6.19
975,6.54,5.03,1.51,6.54,6.47,5.36,1.11,6.47,5.41,4.45,0.96,0.04,2.85,8.00,5.30,5.51,4.44
976,4.85,4.50,0.35,4.85,5.37,4.79,0.57,5.37,4.67,3.92,0.75,0.00,3.01,9.21,6.35,4.81,4.12
977,5.30,5.70,0.39,5.70,5.58,5.58,0.00,5.58,4.64,4.83,0.20,0.00,2.33,8.00,5.78,4.72,4.94
978,6.86,6.43,0.43,6.86,6.99,6.69,0.30,6.99,5.93,5.77,0.16,0.01,3.72,7.00,3.46,6.20,6.09
979,4.87,4.92,0.05,4.92,5.41,4.94,0.46,5.41,4.37,4.16,0.21,0.00,3.18,9.56,6.53,4.34,4.23
980,4.82,5.10,0.28,5.10,4.74,5.35,0.61,5.35,3.97,4.44,0.47,0.00,3.46,10.22,6.93,3.90,4.50
981,5.21,6.82,1.61,6.82,5.45,7.21,1.76,7.21,4.50,6.07,1.57,0.02,3.60,8.00,4.58,4.69,6.54
982,5.46,6.66,1.20,6.66,5.80,6.68,0.88,6.68,4.93,5.74,0.81,0.01,3.59,8.00,4.59,4.91,6.05
983,5.18,6.14,0.96,6.14,5.38,6.57,1.19,6.57,4.52,5.53,1.01,0.00,3.13,8.00,5.03,4.65,6.00
984,6.15,5.47,0.68,6.15,6.15,5.44,0.71,6.15,5.26,4.60,0.66,0.00,3.14,8.00,5.01,5.48,4.88
985,5.11,6.50,1.39,6.50,5.41,6.73,1.32,6.73,4.50,5.57,1.06,0.05,3.27,8.00,4.90,4.65,6.05
986,6.39,5.75,0.64,6.39,6.75,6.03,0.72,6.75,5.58,5.10,0.48,0.03,3.40,7.63,4.40,5.99,5.22
987,7.17,6.53,0.64,7.17,6.77,6.76,0.00,6.77,5.71,5.83,0.11,0.13,3.55,6.85,3.48,6.38,6.22
988,4.87,5.45,0.58,5.45,5.00,6.03,1.03,6.03,4.35,4.95,0.60,0.00,3.11,8.60,5.65,4.50,4.98
989,6.21,5.86,0.35,6.21,6.25,6.29,0.04,6.29,5.32,5.47,0.15,0.00,2.60,6.60,4.12,5.85,5.65
990,6.79,5.27,1.51,6.79,6.70,5.52,1.19,6.70,5.56,4.80,0.76,0.09,3.40,8.00,4.77,6.38,4.91
991,5.62,6.24,0.62,6.24,5.98,6.90,0.93,6.90,5.08,6.03,0.95,0.07,3.61,7.74,4.31,5.33,6.27
992,5.78,5.44,0.34,5.78,6.22,5.44,0.78,6.22,5.31,4.70,0.61,0.00,2.75,7.88,5.27,5.57,4.85
993,5.48,5.16,0.31,5.48,5.38,5.35,0.04,5.38,4.51,4.63,0.12,0.00,3.64,9.59,6.14,4.47,4.65
994,6.96,5.39,1.57,6.96,6.76,5.56,1.20,6.76,5.89,4.59,1.31,0.02,3.53,8.00,4.65,6.32,4.61
995,4.92,5.04,0.12,5.04,5.18,5.42,0.24,5.42,4.33,4.40,0.07,0.00,2.60,8.63,6.16,4.62,4.35
996,5.19,5.91,0.72,5.91,5.45,5.99,0.54,5.99,4.56,5.10,0.54,0.00,3.10,8.00,5.05,4.65,5.44
997,5.37,5.46,0.10,5.46,5.31,5.84,0.53,5.84,4.44,4.75,0.31,0.00,3.83,9.54,5.90,4.32,4.85
998,6.43,6.32,0.11,6.43,6.81,6.37,0.43,6.81,5.86,5.39,0.47,0.01,4.28,8.00,3.93,6.13,5.58
999,5.58,5.61,0.03,5.61,5.60,5.47,0.13,5.60,4.74,4.67,0.08,0.00,2.46,8.30,5.96,4.75,4.76
