,VaR0,VaR1,$|VaR_2 - VaR_1|$,Max VaR,NetLoss0,NetLoss1,$|L_2 - L_1|$,$P(L > Q(0.6))$,Required Capital,Payout CVaR,Average Cost,Payout Cost,s_1,s_2
0,5.32,6.99,1.67,6.99,4.52,6.02,1.50,0.03,6.72,11.77,6.06,504.97,4.55,6.07
1,5.26,5.22,0.05,5.26,4.27,4.36,0.09,0.00,6.74,12.64,6.91,590.08,4.55,4.42
2,7.28,7.10,0.18,7.28,5.82,6.09,0.27,0.11,7.36,10.01,3.75,264.45,6.35,6.46
3,7.34,5.05,2.28,7.34,6.19,4.27,1.92,0.02,6.73,11.93,6.21,520.08,6.55,4.43
4,5.22,6.54,1.31,6.54,4.27,5.56,1.29,0.01,8.78,13.81,6.35,503.51,4.43,6.01
5,6.21,7.10,0.88,7.10,5.21,6.08,0.87,0.04,6.64,10.32,4.67,367.27,5.39,6.45
6,5.06,5.50,0.44,5.50,4.26,4.77,0.51,0.00,7.37,13.34,7.08,597.76,4.17,4.72
7,5.29,5.85,0.56,5.85,4.31,5.03,0.73,0.00,7.48,12.74,6.38,525.29,4.61,5.36
8,6.69,5.46,1.23,6.69,5.72,4.64,1.07,0.04,6.26,10.65,5.33,438.77,5.94,4.69
9,6.67,6.64,0.02,6.67,5.60,5.57,0.03,0.04,7.40,10.52,4.23,312.30,5.90,6.08
10,5.52,5.93,0.40,5.93,4.52,5.03,0.51,0.00,7.69,13.13,6.59,543.76,4.86,5.08
11,4.94,7.20,2.26,7.20,4.22,6.21,1.99,0.11,7.24,11.86,5.70,461.75,4.32,6.42
12,4.76,5.58,0.82,5.58,4.09,4.67,0.57,0.00,7.53,14.21,7.81,668.03,3.88,4.72
13,7.02,5.33,1.69,7.02,5.94,4.34,1.60,0.04,7.96,12.94,6.18,498.28,6.25,4.45
14,5.06,5.62,0.56,5.62,4.26,4.76,0.49,0.00,6.15,12.62,7.40,647.32,4.18,4.75
15,7.02,5.66,1.36,7.02,5.88,4.67,1.21,0.00,8.79,13.29,5.82,449.62,6.18,4.68
16,5.75,5.53,0.22,5.75,4.82,4.67,0.15,0.00,7.74,13.44,6.87,570.64,4.72,4.68
17,6.82,5.67,1.15,6.82,5.67,4.66,1.00,0.02,7.28,11.56,5.37,428.30,6.14,5.01
18,5.63,5.32,0.31,5.63,4.56,4.31,0.25,0.00,6.96,12.08,6.17,512.60,4.65,4.44
19,4.95,5.91,0.97,5.91,4.19,4.97,0.78,0.00,8.19,14.46,7.51,627.82,4.34,5.10
20,6.80,6.97,0.16,6.97,5.94,5.82,0.12,0.04,9.33,12.77,4.84,344.19,6.16,6.19
21,5.72,5.59,0.13,5.72,4.90,4.68,0.22,0.00,6.49,12.40,6.88,591.12,5.03,4.69
22,5.26,5.69,0.43,5.69,4.47,4.82,0.36,0.00,7.11,12.51,6.46,539.68,4.72,4.85
23,5.67,6.59,0.92,6.59,4.66,5.50,0.84,0.03,5.26,10.23,5.76,496.73,4.65,5.80
24,6.46,5.12,1.34,6.46,5.49,4.07,1.42,0.00,6.78,12.18,6.42,540.63,5.87,4.30
25,6.96,5.39,1.57,6.96,6.13,4.57,1.56,0.05,6.62,11.22,5.59,460.05,6.40,4.52
26,6.83,5.10,1.73,6.83,5.88,4.12,1.76,0.03,7.31,12.12,5.91,481.49,6.07,4.43
27,5.43,6.12,0.70,6.12,4.27,5.11,0.84,0.00,6.48,12.06,6.56,558.54,4.35,5.34
28,5.82,7.19,1.36,7.19,4.85,6.15,1.30,0.11,7.08,10.99,4.96,390.09,4.86,6.46
29,5.00,5.54,0.55,5.54,3.99,4.58,0.59,0.00,6.71,13.19,7.48,647.45,4.19,4.75
30,5.28,5.33,0.05,5.33,4.35,4.58,0.22,0.00,6.50,12.52,6.99,601.50,4.48,4.68
31,5.53,6.33,0.79,6.33,4.62,5.37,0.75,0.02,7.52,12.07,5.68,454.91,4.97,5.61
32,6.88,5.29,1.60,6.88,5.84,4.35,1.48,0.03,6.26,10.91,5.59,464.75,6.19,4.37
33,4.81,6.48,1.67,6.48,4.02,5.43,1.42,0.00,7.28,12.95,6.76,566.46,4.17,6.09
34,5.50,5.60,0.11,5.60,4.60,4.73,0.14,0.00,6.56,12.11,6.54,555.82,4.47,4.83
35,5.32,5.56,0.25,5.56,4.57,4.56,0.01,0.00,7.53,13.80,7.40,627.09,4.60,4.63
36,6.92,7.15,0.22,7.15,6.01,6.32,0.31,0.16,6.81,9.93,4.14,311.82,6.47,6.42
37,5.55,6.30,0.75,6.30,4.58,5.53,0.95,0.01,7.60,12.43,5.97,483.11,4.77,5.77
38,6.03,6.84,0.81,6.84,5.12,5.73,0.61,0.02,6.36,10.29,4.88,392.76,5.51,6.22
39,6.79,6.83,0.04,6.83,5.55,5.87,0.32,0.06,7.40,10.79,4.51,339.63,6.05,6.07
40,6.63,5.72,0.91,6.63,5.58,4.79,0.79,0.03,8.09,12.36,5.48,426.57,5.96,5.05
41,6.38,7.05,0.67,7.05,5.33,6.12,0.79,0.08,7.81,11.50,4.86,369.27,5.54,6.55
42,6.88,5.29,1.59,6.88,5.92,4.38,1.54,0.04,6.37,10.82,5.40,444.76,6.49,4.54
43,5.82,6.04,0.22,6.04,4.77,5.27,0.50,0.03,7.20,11.72,5.60,452.07,5.04,5.47
44,5.06,5.54,0.48,5.54,4.40,4.54,0.14,0.00,5.49,11.17,6.50,568.19,4.62,4.71
45,5.53,6.21,0.68,6.21,4.35,5.33,0.99,0.01,7.93,13.26,6.52,533.47,4.30,5.60
46,5.26,5.11,0.15,5.26,4.40,4.27,0.12,0.00,7.39,13.79,7.51,640.57,4.44,4.49
47,6.09,6.12,0.04,6.12,5.17,5.28,0.11,0.00,5.60,10.05,5.29,444.57,5.29,5.59
48,6.94,5.38,1.55,6.94,6.11,4.49,1.61,0.02,9.11,13.20,5.45,408.57,6.27,4.56
49,7.00,5.91,1.09,7.00,5.89,5.08,0.81,0.02,7.21,11.48,5.36,427.44,6.22,5.13
50,5.26,5.79,0.53,5.79,4.31,4.72,0.41,0.00,8.88,14.98,7.43,609.60,4.36,4.70
51,7.16,5.33,1.83,7.16,5.98,4.44,1.55,0.02,6.40,11.29,5.85,489.09,6.21,4.48
52,5.61,5.66,0.06,5.66,4.62,4.67,0.04,0.00,6.17,12.46,7.22,629.08,4.51,4.75
53,7.18,7.13,0.04,7.18,6.09,6.16,0.07,0.05,5.69,8.54,3.70,285.00,6.40,6.40
54,5.50,6.61,1.11,6.61,4.55,5.60,1.05,0.03,7.15,11.53,5.45,438.04,4.67,6.10
55,5.15,6.90,1.76,6.90,4.30,5.98,1.68,0.01,7.93,12.89,6.15,496.03,4.35,6.11
56,6.38,6.68,0.29,6.68,5.60,5.72,0.12,0.01,7.19,11.04,4.92,384.25,5.92,6.09
57,5.23,7.27,2.04,7.27,4.22,5.93,1.71,0.06,6.44,11.10,5.62,465.53,4.37,6.41
58,5.56,5.32,0.25,5.56,4.65,4.59,0.06,0.00,7.15,12.81,6.73,565.89,4.57,4.63
59,5.30,5.42,0.12,5.42,4.20,4.64,0.44,0.00,8.44,14.74,7.57,630.62,4.48,4.68
60,5.52,5.30,0.22,5.52,4.68,4.29,0.38,0.00,7.87,14.54,7.85,667.35,4.62,4.47
61,6.19,5.25,0.93,6.19,5.16,4.51,0.65,0.01,5.89,10.85,5.84,496.10,5.50,4.61
62,5.00,5.32,0.32,5.32,4.28,4.48,0.20,0.00,4.90,11.55,7.38,665.02,4.43,4.59
63,4.97,5.06,0.08,5.06,4.17,4.10,0.07,0.00,6.53,12.88,7.33,634.75,4.24,4.27
64,5.50,6.03,0.52,6.03,4.59,5.02,0.43,0.00,7.40,12.92,6.63,551.95,4.65,5.17
65,6.83,6.67,0.16,6.83,5.73,5.77,0.04,0.02,5.80,9.36,4.43,356.00,5.97,6.12
66,5.21,5.08,0.13,5.21,4.29,4.24,0.05,0.00,7.26,13.84,7.66,657.35,4.34,4.45
67,5.41,5.24,0.17,5.41,4.79,4.35,0.44,0.00,7.11,12.86,6.81,574.82,4.99,4.52
68,6.37,5.81,0.56,6.37,5.44,4.90,0.54,0.00,7.53,12.61,6.21,507.97,5.61,5.06
69,6.86,5.12,1.74,6.86,5.66,4.14,1.53,0.00,6.91,12.28,6.41,537.13,6.25,4.27
70,6.23,5.97,0.25,6.23,5.23,5.02,0.22,0.00,7.46,12.16,5.83,470.81,5.39,5.19
71,5.47,6.66,1.18,6.66,4.55,5.68,1.13,0.02,6.07,10.48,5.32,441.05,4.73,5.86
72,5.80,5.45,0.34,5.80,4.71,4.60,0.11,0.00,9.52,15.83,7.74,630.68,4.79,4.65
73,5.49,6.56,1.08,6.56,4.71,5.54,0.83,0.01,6.85,12.08,6.27,523.89,4.94,5.98
74,5.30,5.19,0.11,5.30,4.41,4.42,0.01,0.00,7.58,13.59,7.15,601.13,4.43,4.50
75,5.27,5.64,0.37,5.64,4.43,4.62,0.19,0.00,6.71,12.35,6.64,563.75,4.56,4.64
76,6.20,5.36,0.83,6.20,5.39,4.52,0.86,0.00,6.24,11.89,6.59,565.00,5.31,4.58
77,4.89,5.11,0.21,5.11,4.10,4.31,0.21,0.00,6.77,13.75,8.00,698.10,4.14,4.38
78,5.74,5.03,0.71,5.74,5.06,4.21,0.85,0.00,8.21,14.16,7.18,594.88,5.29,4.29
79,7.08,7.00,0.08,7.08,5.91,5.82,0.09,0.02,5.87,9.62,4.63,375.20,6.23,6.22
80,6.53,5.39,1.14,6.53,5.75,4.48,1.27,0.01,7.31,12.50,6.29,519.00,6.15,4.37
81,7.14,5.38,1.77,7.14,6.08,4.47,1.61,0.07,5.68,10.35,5.52,466.30,6.52,4.43
82,5.29,5.14,0.15,5.29,4.33,4.35,0.02,0.00,4.97,11.59,7.36,661.57,4.41,4.43
83,5.70,6.38,0.69,6.38,4.86,5.53,0.67,0.00,6.74,11.61,5.89,487.59,4.95,5.94
84,5.83,5.06,0.77,5.83,4.77,4.33,0.44,0.00,5.64,11.68,6.89,604.44,4.93,4.41
85,6.56,7.17,0.61,7.17,5.56,6.17,0.61,0.23,7.93,10.80,4.05,286.43,6.15,6.38
86,5.35,6.79,1.45,6.79,4.51,5.84,1.33,0.01,5.23,10.00,5.55,476.95,4.62,6.25
87,7.00,4.91,2.09,7.00,5.95,4.16,1.80,0.03,6.32,11.69,6.31,536.37,6.29,4.16
88,7.09,5.53,1.56,7.09,6.21,4.60,1.61,0.04,8.45,13.14,5.96,468.78,6.57,4.53
89,5.41,7.18,1.77,7.18,4.56,5.88,1.32,0.08,6.61,10.31,4.70,370.69,4.56,6.62
90,5.43,5.39,0.04,5.43,4.48,4.51,0.04,0.00,7.58,13.68,7.24,610.31,4.38,4.53
91,6.42,6.41,0.01,6.42,5.37,5.49,0.13,0.03,7.37,11.85,5.59,448.03,5.72,5.73
92,5.31,5.30,0.01,5.31,4.52,4.44,0.09,0.00,7.36,13.12,6.86,575.85,4.78,4.51
93,7.18,5.18,2.00,7.18,6.03,4.37,1.66,0.01,5.96,10.81,5.74,485.01,6.16,4.42
94,4.89,5.22,0.33,5.22,4.12,4.37,0.25,0.00,5.68,12.50,7.66,681.17,4.34,4.39
95,6.51,5.50,1.01,6.51,5.45,4.55,0.90,0.00,6.58,12.11,6.51,552.69,5.76,4.48
96,5.36,7.12,1.77,7.12,4.41,6.07,1.66,0.00,7.43,12.33,6.01,489.99,4.54,6.35
97,5.23,6.76,1.53,6.76,4.37,5.86,1.49,0.11,5.13,9.89,5.53,475.66,4.41,6.27
98,5.58,6.78,1.20,6.78,4.74,5.92,1.17,0.05,8.94,13.34,5.74,439.60,4.84,6.35
99,7.30,5.53,1.77,7.30,6.09,4.44,1.65,0.02,9.11,13.75,6.01,464.39,6.64,4.58
100,6.26,5.23,1.03,6.26,5.31,4.29,1.02,0.04,7.28,12.55,6.36,526.71,5.55,4.40
101,4.85,6.17,1.33,6.17,4.08,5.11,1.04,0.00,9.35,15.65,7.70,629.52,4.06,5.31
102,5.04,6.91,1.87,6.91,4.20,5.78,1.57,0.00,6.61,11.48,5.86,486.64,4.31,6.12
103,7.12,6.25,0.87,7.12,5.93,5.43,0.50,0.03,6.17,9.70,4.45,352.93,6.42,5.59
104,6.73,5.49,1.25,6.73,5.75,4.61,1.14,0.00,5.83,10.53,5.58,470.79,6.15,4.61
105,5.44,5.27,0.17,5.44,4.54,4.40,0.14,0.01,6.86,13.01,7.18,614.63,4.61,4.46
106,5.20,5.00,0.20,5.20,4.33,4.26,0.07,0.00,4.73,10.79,6.77,605.70,4.60,4.36
107,6.84,4.80,2.05,6.84,5.81,3.93,1.88,0.06,8.28,13.28,6.23,499.16,6.11,3.99
108,6.46,5.50,0.96,6.46,5.52,4.46,1.06,0.01,8.92,13.64,6.06,471.80,5.71,4.67
109,4.93,5.20,0.27,5.20,4.11,4.33,0.21,0.00,4.98,11.59,7.36,661.01,4.47,4.35
110,6.69,4.86,1.83,6.69,5.70,4.07,1.63,0.04,7.96,13.44,6.68,548.56,6.13,4.02
111,4.67,5.67,1.01,5.67,3.94,4.80,0.87,0.00,6.30,12.54,7.19,624.43,4.30,4.88
112,5.28,5.45,0.17,5.45,4.30,4.49,0.19,0.00,6.71,12.62,6.92,590.95,4.35,4.54
113,6.79,5.41,1.38,6.79,5.82,4.62,1.21,0.08,7.19,11.48,5.37,429.26,6.23,4.60
114,6.50,7.19,0.69,7.19,5.55,6.16,0.61,0.06,5.94,9.61,4.57,367.44,6.06,6.28
115,5.61,5.51,0.10,5.61,4.81,4.58,0.24,0.00,6.92,12.44,6.56,552.33,4.74,4.57
116,5.22,5.20,0.02,5.22,4.37,4.47,0.10,0.00,8.50,14.67,7.44,616.72,4.58,4.38
117,7.13,5.52,1.62,7.13,6.02,4.80,1.22,0.04,6.36,10.73,5.33,437.20,6.24,4.69
118,6.64,5.11,1.53,6.64,5.70,4.31,1.39,0.04,6.03,10.96,5.84,493.43,5.92,4.42
119,6.84,6.24,0.60,6.84,5.99,5.42,0.57,0.04,7.16,10.49,4.40,332.83,6.42,5.55
120,5.44,5.48,0.03,5.48,4.45,4.55,0.10,0.00,5.44,11.37,6.75,592.85,4.50,4.80
121,4.79,7.12,2.33,7.12,3.98,6.05,2.07,0.04,6.42,11.61,6.15,518.58,4.13,6.29
122,7.01,6.88,0.13,7.01,5.89,5.87,0.02,0.10,8.07,11.27,4.40,319.40,6.18,6.14
123,5.25,6.56,1.31,6.56,4.43,5.50,1.07,0.03,7.08,11.81,5.79,472.66,4.60,5.72
124,6.05,5.53,0.52,6.05,5.16,4.62,0.54,0.00,7.14,11.78,5.71,464.22,5.48,4.84
125,6.65,5.94,0.71,6.65,5.56,5.16,0.40,0.02,6.12,10.30,5.10,418.60,6.14,5.24
126,5.58,6.93,1.35,6.93,4.76,5.78,1.02,0.00,6.48,11.35,5.84,486.73,4.72,6.15
127,5.81,6.59,0.78,6.59,5.18,5.67,0.49,0.03,7.96,12.12,5.35,415.69,5.30,6.01
128,5.56,5.07,0.49,5.56,4.75,4.34,0.41,0.00,7.63,13.90,7.42,627.59,4.81,4.22
129,5.75,6.83,1.09,6.83,4.72,5.84,1.12,0.04,8.91,13.02,5.44,410.71,4.71,6.32
130,6.84,5.54,1.30,6.84,5.63,4.50,1.13,0.05,6.09,11.02,5.85,493.34,5.98,4.82
131,5.74,6.82,1.08,6.82,4.52,5.91,1.38,0.02,7.93,12.76,6.02,483.30,4.58,6.06
132,5.54,7.05,1.51,7.05,4.79,6.06,1.27,0.02,6.77,11.35,5.59,457.90,4.74,6.49
133,6.87,5.19,1.68,6.87,5.92,4.31,1.61,0.01,8.54,13.98,6.72,543.77,6.25,4.19
134,4.78,5.27,0.50,5.27,3.94,4.49,0.56,0.00,5.39,11.95,7.37,655.99,4.19,4.45
135,5.93,5.52,0.42,5.93,4.97,4.64,0.33,0.00,5.65,11.19,6.39,554.45,5.05,4.70
136,6.31,5.43,0.89,6.31,5.42,4.54,0.88,0.01,6.58,11.94,6.35,535.79,5.45,4.65
137,5.39,5.23,0.17,5.39,4.60,4.39,0.21,0.01,6.24,12.11,6.81,587.54,4.56,4.33
138,5.64,5.60,0.04,5.64,4.77,4.62,0.15,0.00,7.13,12.06,5.99,492.21,4.89,4.72
139,4.73,5.58,0.84,5.58,4.02,4.61,0.59,0.00,7.57,14.15,7.72,658.27,4.27,4.75
140,5.17,5.34,0.17,5.34,4.33,4.50,0.17,0.00,8.12,14.63,7.73,650.90,4.27,4.38
141,5.16,4.86,0.30,5.16,4.32,4.06,0.25,0.00,6.43,12.93,7.47,650.40,4.19,4.23
142,4.60,6.89,2.30,6.89,3.72,5.86,2.13,0.04,6.26,11.76,6.43,549.34,3.84,6.19
143,6.23,5.38,0.85,6.23,5.26,4.53,0.73,0.01,9.02,14.15,6.48,512.95,5.32,4.71
144,5.54,6.82,1.28,6.82,4.75,5.83,1.08,0.01,6.31,10.63,5.26,431.49,4.58,6.29
145,5.56,5.21,0.35,5.56,4.60,4.29,0.31,0.00,6.52,12.62,7.08,609.73,4.67,4.42
146,7.31,7.28,0.03,7.31,6.13,6.33,0.19,0.08,7.64,10.75,4.26,311.03,6.49,6.33
147,5.16,5.08,0.08,5.16,4.43,4.30,0.12,0.00,7.18,13.75,7.64,656.50,4.46,4.42
148,5.24,6.70,1.46,6.70,4.32,5.55,1.22,0.02,6.85,11.18,5.36,433.62,4.34,6.32
149,5.70,7.46,1.77,7.46,4.62,6.21,1.59,0.09,5.69,10.32,5.49,463.74,4.75,6.38
150,7.23,6.90,0.33,7.23,6.29,5.78,0.51,0.07,5.89,9.20,4.19,331.08,6.64,6.11
151,5.00,6.04,1.04,6.04,3.87,5.07,1.20,0.00,6.85,12.47,6.65,562.53,3.96,5.36
152,7.05,6.26,0.78,7.05,5.92,5.25,0.67,0.01,5.76,9.79,4.89,402.58,6.13,5.59
153,5.39,6.30,0.90,6.30,4.47,5.35,0.88,0.01,6.03,10.94,5.82,491.31,4.60,5.48
154,5.16,5.36,0.20,5.36,4.42,4.57,0.14,0.00,6.54,12.53,6.97,598.98,4.69,4.55
155,5.04,6.90,1.85,6.90,4.36,6.06,1.70,0.02,8.00,13.20,6.40,520.46,4.39,6.14
156,5.34,5.94,0.59,5.94,4.47,4.98,0.51,0.00,7.05,12.87,6.87,581.54,4.65,5.10
157,7.22,7.06,0.16,7.22,6.25,6.12,0.13,0.11,7.66,10.52,4.02,286.66,6.81,6.33
158,6.19,5.70,0.49,6.19,5.23,4.88,0.35,0.00,9.00,13.70,6.06,470.76,5.62,4.93
159,4.98,5.77,0.79,5.77,4.15,5.16,1.01,0.00,7.06,12.77,6.76,570.53,4.29,5.25
160,6.72,6.72,0.00,6.72,5.62,5.84,0.22,0.03,5.98,9.57,4.49,359.17,6.02,6.07
161,5.61,6.92,1.30,6.92,4.79,5.96,1.17,0.00,7.36,12.18,5.92,481.49,4.69,6.21
162,6.32,6.03,0.29,6.32,5.42,4.97,0.45,0.00,9.03,13.76,6.09,473.57,5.41,5.16
163,5.33,7.03,1.70,7.03,4.41,6.15,1.74,0.04,6.86,11.27,5.44,440.96,4.50,6.49
164,5.92,5.38,0.54,5.92,5.21,4.47,0.74,0.01,7.41,12.87,6.57,545.58,5.11,4.69
165,6.94,5.35,1.59,6.94,6.00,4.27,1.74,0.03,5.76,10.20,5.30,443.67,6.26,4.50
166,5.36,5.41,0.05,5.41,4.70,4.39,0.31,0.00,5.71,11.37,6.51,565.49,4.81,4.42
167,4.99,5.36,0.37,5.36,4.19,4.49,0.30,0.00,7.28,13.93,7.74,664.57,4.43,4.60
168,5.12,6.92,1.80,6.92,4.31,5.91,1.60,0.04,8.93,13.82,6.23,489.14,4.39,6.13
169,5.53,6.65,1.11,6.65,4.73,5.52,0.79,0.00,5.96,11.34,6.28,538.60,4.66,5.81
170,5.57,6.22,0.64,6.22,4.52,5.29,0.77,0.01,6.26,11.57,6.24,530.13,4.77,5.57
171,6.05,5.08,0.97,6.05,5.05,4.09,0.96,0.00,5.60,11.36,6.60,576.31,5.46,4.23
172,7.15,5.12,2.03,7.15,5.81,4.37,1.44,0.06,6.24,10.80,5.49,455.51,6.43,4.56
173,5.31,5.44,0.13,5.44,4.57,4.70,0.14,0.00,6.91,12.62,6.75,571.04,4.74,4.80
174,7.02,6.86,0.16,7.02,6.00,5.80,0.20,0.03,7.70,10.66,4.12,296.45,6.35,6.24
175,5.89,5.17,0.72,5.89,5.01,4.25,0.75,0.00,8.24,13.86,6.85,561.16,5.16,4.50
176,4.70,5.44,0.74,5.44,3.98,4.48,0.50,0.00,7.02,13.57,7.60,654.53,4.08,4.46
177,5.52,5.52,0.00,5.52,4.65,4.59,0.07,0.00,7.76,13.55,6.96,579.56,4.65,4.70
178,6.88,6.18,0.70,6.88,5.80,5.39,0.41,0.01,5.81,9.39,4.44,357.13,6.16,5.53
179,5.00,4.90,0.09,5.00,4.25,4.13,0.12,0.00,7.26,14.05,7.88,679.56,4.31,4.19
180,5.39,6.96,1.57,6.96,4.53,5.95,1.42,0.11,8.44,12.30,5.13,386.02,4.70,6.45
181,5.40,5.34,0.06,5.40,4.60,4.50,0.11,0.00,7.11,13.34,7.30,623.01,4.48,4.70
182,5.67,5.53,0.14,5.67,4.75,4.52,0.23,0.00,6.43,12.08,6.62,565.52,4.69,4.78
183,6.70,5.18,1.52,6.70,5.65,4.49,1.16,0.06,8.78,13.32,5.86,454.01,5.88,4.56
184,4.93,5.31,0.38,5.31,3.98,4.48,0.50,0.00,7.71,13.56,7.01,584.98,4.16,4.51
185,5.89,5.34,0.54,5.89,5.03,4.49,0.54,0.00,7.69,13.33,6.79,564.16,5.21,4.43
186,5.26,5.03,0.24,5.26,4.53,4.19,0.34,0.00,6.68,13.37,7.69,668.88,4.53,4.18
187,6.10,5.75,0.34,6.10,5.27,4.71,0.56,0.00,6.15,11.38,6.14,522.15,5.43,4.76
188,5.72,6.80,1.08,6.80,4.75,5.68,0.93,0.01,7.44,12.04,5.71,459.61,4.82,5.89
189,5.36,6.14,0.78,6.14,4.56,5.20,0.65,0.00,7.75,12.99,6.41,524.64,4.54,5.38
190,5.87,5.42,0.45,5.87,5.06,4.60,0.46,0.00,8.61,14.69,7.37,608.15,5.15,4.66
191,5.38,5.15,0.23,5.38,4.47,4.22,0.25,0.00,6.63,12.41,6.77,577.48,4.54,4.42
192,5.48,5.00,0.48,5.48,4.49,4.29,0.20,0.00,5.11,11.31,6.97,620.49,4.52,4.57
193,6.79,5.36,1.43,6.79,5.71,4.52,1.19,0.01,7.56,12.12,5.70,456.09,6.07,4.45
194,5.57,6.76,1.19,6.76,4.73,5.80,1.07,0.00,6.50,11.08,5.56,458.42,4.78,6.18
195,5.56,5.22,0.35,5.56,4.45,4.56,0.11,0.00,6.85,12.71,6.89,586.35,4.43,4.67
196,5.64,5.40,0.24,5.64,4.58,4.71,0.12,0.01,6.00,11.80,6.70,579.72,4.55,4.68
197,6.40,6.77,0.36,6.77,5.44,5.74,0.29,0.01,7.11,10.99,4.95,387.95,5.82,5.96
198,6.13,4.96,1.17,6.13,5.29,4.25,1.04,0.00,6.73,12.41,6.69,567.58,5.41,4.32
199,5.72,4.61,1.12,5.72,4.77,3.61,1.17,0.00,5.68,12.06,7.23,637.75,4.60,3.77
200,6.16,6.71,0.55,6.71,5.11,5.64,0.53,0.05,6.45,9.70,4.22,324.95,5.57,6.27
201,4.79,6.64,1.85,6.64,4.00,5.85,1.84,0.04,5.85,10.72,5.74,486.50,4.10,6.00
202,5.47,5.39,0.09,5.47,4.61,4.47,0.13,0.00,6.16,11.55,6.31,538.55,4.85,4.63
203,5.47,6.61,1.14,6.61,4.67,5.88,1.20,0.01,5.97,10.33,5.25,435.76,4.74,6.04
204,5.95,5.64,0.31,5.95,5.08,4.70,0.38,0.00,5.73,10.47,5.60,473.75,5.32,4.76
205,6.92,4.93,2.00,6.92,5.89,3.99,1.90,0.05,7.42,12.37,6.06,494.56,6.33,4.29
206,5.00,4.57,0.42,5.00,4.31,3.73,0.58,0.00,9.03,16.00,8.33,697.46,4.32,3.74
207,6.53,5.81,0.72,6.53,5.64,4.93,0.71,0.05,5.16,9.76,5.37,459.74,6.12,4.83
208,5.79,5.78,0.01,5.79,4.91,4.90,0.01,0.00,10.56,16.00,7.03,544.21,4.95,4.99
209,7.03,4.98,2.04,7.03,5.99,4.24,1.75,0.01,7.01,11.96,6.01,495.59,6.08,4.41
210,5.14,6.65,1.51,6.65,4.21,5.49,1.29,0.01,7.45,12.20,5.87,475.18,4.33,5.98
211,6.98,6.54,0.44,6.98,6.10,5.47,0.63,0.06,8.58,12.34,5.05,376.39,6.21,5.68
212,7.29,5.57,1.72,7.29,6.25,4.42,1.83,0.05,7.46,12.36,6.02,490.54,6.42,4.50
213,7.12,5.99,1.13,7.12,5.95,5.06,0.89,0.02,8.32,12.76,5.69,443.89,6.51,5.19
214,5.32,5.16,0.15,5.32,4.54,4.20,0.34,0.00,6.72,12.69,6.97,596.43,4.59,4.62
215,5.49,6.21,0.72,6.21,4.76,5.26,0.50,0.01,9.13,14.47,6.71,534.10,4.74,5.44
216,5.40,5.36,0.05,5.40,4.54,4.49,0.05,0.00,5.64,11.38,6.58,573.64,4.53,4.48
217,5.78,5.65,0.13,5.78,4.92,4.70,0.22,0.00,8.07,13.72,6.86,564.43,4.98,4.57
218,5.26,5.73,0.47,5.73,4.42,4.84,0.42,0.00,7.99,14.30,7.51,631.45,4.40,4.85
219,5.88,6.96,1.08,6.96,4.66,5.96,1.30,0.05,7.74,12.21,5.62,446.06,4.94,6.30
220,4.99,5.85,0.86,5.85,4.25,4.61,0.36,0.00,6.30,12.33,6.97,602.36,4.51,4.70
221,5.16,6.94,1.79,6.94,4.32,5.88,1.56,0.03,5.15,9.97,5.59,481.96,4.33,5.98
222,5.51,5.35,0.17,5.51,4.74,4.49,0.24,0.00,7.42,13.11,6.80,569.16,4.64,4.76
223,5.21,6.80,1.59,6.80,4.21,5.86,1.65,0.03,7.58,12.29,5.85,471.59,4.13,6.17
224,5.40,6.45,1.05,6.45,4.42,5.66,1.25,0.05,5.84,10.61,5.65,477.44,4.68,5.98
225,5.11,5.70,0.59,5.70,4.22,4.61,0.39,0.00,7.07,13.20,7.19,612.51,4.38,4.61
226,5.21,5.45,0.24,5.45,4.25,4.47,0.22,0.00,7.01,13.19,7.23,617.56,4.27,4.61
227,6.21,5.67,0.54,6.21,5.28,4.76,0.51,0.00,5.72,11.35,6.49,562.99,5.43,4.67
228,6.54,5.68,0.86,6.54,5.72,4.74,0.98,0.02,6.83,11.49,5.69,466.60,6.01,4.78
229,5.68,5.41,0.27,5.68,5.02,4.40,0.61,0.00,5.76,10.90,6.00,513.25,5.20,4.47
230,5.71,5.51,0.20,5.71,4.75,4.55,0.20,0.00,7.64,13.57,7.08,593.46,4.78,4.66
231,6.80,6.99,0.19,6.99,5.92,5.97,0.04,0.09,6.64,9.56,3.92,292.52,6.58,6.26
232,5.36,5.72,0.36,5.72,4.56,4.61,0.05,0.00,7.30,12.49,6.29,519.39,4.61,4.99
233,6.72,5.48,1.23,6.72,5.78,4.56,1.22,0.05,6.73,11.19,5.46,445.51,5.81,4.66
234,5.45,5.31,0.14,5.45,4.68,4.21,0.47,0.01,5.95,12.00,6.95,605.35,4.86,4.20
235,6.91,5.41,1.50,6.91,5.77,4.47,1.30,0.08,5.74,10.57,5.70,483.50,6.19,4.46
236,5.22,5.44,0.22,5.44,4.44,4.56,0.12,0.00,7.70,13.16,6.62,546.24,4.70,4.66
237,5.44,5.39,0.05,5.44,4.61,4.52,0.10,0.00,10.23,16.00,7.30,576.55,4.69,4.53
238,7.05,5.82,1.23,7.05,5.92,4.99,0.93,0.00,7.52,11.72,5.33,419.65,6.15,5.28
239,5.18,4.70,0.49,5.18,4.29,3.95,0.34,0.00,7.70,14.64,8.09,693.79,4.38,4.03
240,5.67,5.36,0.31,5.67,4.75,4.36,0.40,0.00,7.05,13.57,7.58,652.51,4.89,4.55
241,5.79,4.98,0.81,5.79,4.86,4.20,0.65,0.00,8.97,15.00,7.37,602.52,4.88,4.44
242,6.60,6.33,0.27,6.60,5.74,5.44,0.30,0.00,7.54,11.89,5.48,435.14,6.00,5.50
243,5.28,6.72,1.43,6.72,4.31,5.75,1.43,0.06,6.10,10.76,5.57,465.55,4.47,6.07
244,5.20,5.22,0.02,5.22,4.53,4.49,0.04,0.00,5.37,11.42,6.86,605.30,4.63,4.63
245,6.99,6.78,0.21,6.99,6.08,5.71,0.37,0.02,6.31,9.67,4.31,336.31,6.14,6.18
246,5.98,5.20,0.78,5.98,5.25,4.16,1.08,0.00,7.33,12.47,6.24,513.62,5.39,4.32
247,5.57,5.49,0.08,5.57,4.57,4.47,0.10,0.00,8.11,13.95,7.06,584.17,4.95,4.65
248,6.51,6.28,0.23,6.51,5.40,5.27,0.13,0.01,7.48,11.47,5.11,399.34,5.80,5.46
249,4.98,6.69,1.71,6.69,4.18,5.67,1.49,0.03,6.87,11.84,6.00,496.97,4.31,5.87
250,6.04,5.02,1.02,6.04,5.14,4.23,0.91,0.00,8.72,15.01,7.60,628.93,5.37,4.37
251,6.67,5.74,0.93,6.67,5.81,4.80,1.01,0.01,7.09,11.50,5.48,441.51,5.98,5.03
252,6.17,7.20,1.03,7.20,5.19,5.97,0.78,0.05,8.33,12.27,5.19,393.69,5.28,6.49
253,5.49,6.95,1.46,6.95,4.60,5.96,1.35,0.01,6.42,11.50,6.05,508.60,4.48,6.06
254,5.40,6.99,1.59,6.99,4.59,5.76,1.17,0.01,7.88,12.45,5.74,456.22,4.66,6.45
255,6.81,6.88,0.06,6.88,5.77,5.95,0.18,0.06,5.22,8.57,4.13,334.85,6.20,6.04
256,5.31,5.33,0.02,5.33,4.45,4.51,0.07,0.00,7.50,12.90,6.53,540.76,4.76,4.58
257,5.01,5.44,0.43,5.44,4.18,4.49,0.31,0.00,6.53,12.76,7.21,623.08,4.18,4.38
258,5.09,5.74,0.65,5.74,4.38,4.82,0.44,0.00,7.17,12.77,6.68,560.23,4.70,4.83
259,6.70,6.29,0.41,6.70,5.81,5.37,0.44,0.01,6.35,10.36,4.96,401.01,6.18,5.69
260,6.83,6.23,0.59,6.83,5.68,5.36,0.32,0.04,6.16,10.03,4.80,387.74,6.19,5.48
261,5.62,6.93,1.31,6.93,4.82,5.90,1.09,0.01,4.65,8.95,4.99,429.24,4.87,6.17
262,5.29,6.64,1.36,6.64,4.35,5.64,1.29,0.00,7.63,13.02,6.54,539.33,4.31,5.79
263,5.38,6.60,1.22,6.60,4.58,5.67,1.09,0.01,6.84,11.61,5.80,477.48,4.67,6.11
264,5.26,6.45,1.19,6.45,4.26,5.67,1.41,0.01,6.36,11.62,6.22,526.10,4.31,5.77
265,5.02,4.94,0.08,5.02,4.30,4.05,0.26,0.00,5.87,12.74,7.75,687.29,4.33,4.23
266,4.88,6.30,1.42,6.30,4.15,5.38,1.23,0.00,6.42,11.69,6.24,527.27,4.50,5.47
267,5.69,6.89,1.20,6.89,4.57,5.72,1.15,0.00,6.78,11.81,6.04,502.06,4.44,5.96
268,7.09,7.11,0.02,7.11,5.96,6.10,0.14,0.03,6.35,9.84,4.44,348.29,6.33,6.39
269,5.36,5.68,0.32,5.68,4.44,4.68,0.24,0.00,6.68,12.97,7.29,628.45,4.44,4.72
270,5.57,5.70,0.12,5.70,4.49,5.03,0.54,0.00,6.09,11.63,6.46,554.34,4.59,5.03
271,5.18,6.66,1.49,6.66,4.31,5.80,1.49,0.00,6.27,11.09,5.76,481.63,4.40,6.10
272,5.87,7.03,1.16,7.03,4.84,6.02,1.18,0.05,5.02,8.81,4.54,378.43,5.12,6.33
273,5.12,6.63,1.50,6.63,4.30,5.63,1.33,0.00,6.80,11.63,5.84,482.48,4.43,5.92
274,5.74,7.01,1.27,7.01,4.79,6.14,1.35,0.04,6.67,11.20,5.53,453.31,4.72,6.34
275,5.20,6.42,1.22,6.42,4.37,5.52,1.14,0.01,7.08,11.90,5.88,482.16,4.39,5.93
276,5.47,4.75,0.72,5.47,4.24,3.74,0.50,0.00,6.38,12.70,7.28,632.35,4.57,3.84
277,6.10,5.47,0.63,6.10,5.12,4.64,0.49,0.00,8.00,13.47,6.67,547.54,5.11,4.54
278,6.49,6.86,0.37,6.86,5.52,5.89,0.37,0.01,8.50,11.79,4.57,329.74,5.94,6.23
279,5.19,5.51,0.32,5.51,4.26,4.67,0.41,0.00,7.73,13.78,7.21,605.29,4.45,4.83
280,6.83,4.98,1.85,6.83,5.83,4.23,1.60,0.03,6.29,10.90,5.56,461.85,6.28,4.36
281,6.65,7.02,0.37,7.02,5.55,5.89,0.34,0.06,5.07,8.57,4.26,349.78,6.06,6.30
282,5.39,5.68,0.29,5.68,4.71,4.78,0.07,0.00,5.93,11.72,6.68,578.59,4.67,4.85
283,5.29,6.88,1.59,6.88,4.50,6.03,1.52,0.00,6.96,11.55,5.64,459.53,4.55,6.29
284,6.90,5.34,1.57,6.90,5.81,4.53,1.28,0.05,7.20,11.56,5.44,435.98,6.47,4.69
285,6.91,4.71,2.20,6.91,5.87,3.92,1.95,0.00,6.91,12.20,6.33,529.03,6.25,4.09
286,6.41,5.12,1.30,6.41,5.43,4.36,1.07,0.02,4.48,9.47,5.65,498.20,5.85,4.49
287,5.19,6.29,1.10,6.29,4.48,5.45,0.97,0.00,9.40,14.11,6.11,470.40,4.64,5.61
288,5.82,5.20,0.63,5.82,5.07,4.30,0.77,0.02,5.63,11.18,6.40,555.28,5.43,4.09
289,5.42,6.75,1.33,6.75,4.46,5.59,1.13,0.02,6.50,11.14,5.62,464.30,4.37,5.87
290,7.21,7.01,0.20,7.21,5.87,5.85,0.02,0.21,7.06,10.14,4.14,307.85,6.17,6.26
291,7.19,4.98,2.21,7.19,6.08,4.30,1.78,0.02,8.99,13.74,6.10,475.14,6.33,4.30
292,6.83,5.14,1.69,6.83,5.73,4.21,1.52,0.02,9.99,14.29,5.80,429.82,5.87,4.39
293,6.85,5.30,1.55,6.85,5.94,4.51,1.44,0.00,5.88,10.98,5.98,510.36,6.15,4.60
294,5.26,5.23,0.03,5.26,4.50,4.28,0.22,0.00,7.56,13.38,6.96,582.41,4.62,4.27
295,5.34,6.94,1.60,6.94,4.38,5.72,1.34,0.00,6.34,11.19,5.80,485.09,4.31,6.15
296,7.31,5.55,1.75,7.31,6.20,4.65,1.56,0.03,8.39,12.69,5.56,430.02,6.37,4.77
297,6.26,6.59,0.33,6.59,5.31,5.64,0.33,0.00,7.70,11.37,4.82,366.89,5.78,6.21
298,5.28,5.08,0.20,5.28,4.44,4.09,0.34,0.00,5.87,12.37,7.38,649.93,4.54,4.16
299,7.01,5.35,1.66,7.01,6.06,4.57,1.50,0.03,5.67,10.14,5.32,446.41,6.24,4.47
300,7.25,5.75,1.50,7.25,6.13,4.95,1.18,0.01,5.78,9.96,5.05,417.99,6.25,4.87
301,5.75,4.95,0.80,5.75,5.01,4.19,0.82,0.00,8.18,13.73,6.78,554.96,5.19,4.29
302,5.21,5.32,0.11,5.32,4.24,4.47,0.23,0.00,7.41,13.41,7.11,600.28,4.60,4.52
303,5.67,5.09,0.59,5.67,4.66,4.34,0.33,0.00,8.64,14.57,7.22,592.09,4.72,4.51
304,5.85,5.81,0.03,5.85,4.90,4.98,0.08,0.00,8.77,14.59,7.14,582.53,4.94,4.84
305,6.85,6.93,0.08,6.93,5.68,5.90,0.23,0.03,6.80,10.00,4.22,320.01,5.88,6.29
306,5.40,5.34,0.05,5.40,4.44,4.55,0.11,0.00,8.20,14.11,7.14,591.39,4.47,4.56
307,6.42,6.49,0.07,6.49,5.51,5.61,0.11,0.07,7.02,10.58,4.62,356.34,5.98,6.20
308,5.76,5.30,0.47,5.76,4.93,4.42,0.51,0.00,7.43,13.37,7.06,594.16,5.05,4.33
309,5.61,7.30,1.70,7.30,4.76,6.24,1.47,0.07,8.46,12.75,5.56,429.15,4.80,6.46
310,5.19,5.30,0.10,5.30,4.52,4.39,0.14,0.00,8.96,14.65,7.03,569.04,4.72,4.60
311,5.33,6.92,1.60,6.92,4.44,5.94,1.50,0.00,7.02,12.13,6.16,511.21,4.70,6.11
312,5.63,5.71,0.08,5.71,4.70,4.81,0.11,0.00,5.38,11.18,6.60,579.70,4.80,4.77
313,5.32,5.64,0.32,5.64,4.55,4.79,0.24,0.00,6.86,12.98,7.15,612.24,4.62,4.71
314,5.89,5.26,0.63,5.89,5.18,4.40,0.78,0.00,6.16,12.02,6.78,586.07,5.30,4.41
315,5.16,7.06,1.89,7.06,4.42,6.02,1.61,0.01,5.92,10.82,5.79,489.83,4.32,6.40
316,7.25,5.23,2.02,7.25,5.95,4.18,1.77,0.13,7.47,12.11,5.75,463.38,6.31,4.13
317,5.68,5.22,0.46,5.68,4.73,4.18,0.54,0.02,9.80,15.47,7.14,566.81,4.99,4.29
318,7.04,5.27,1.77,7.04,6.11,4.41,1.70,0.03,6.97,11.86,5.94,489.05,6.55,4.50
319,7.08,6.93,0.15,7.08,6.23,5.77,0.46,0.01,5.82,9.17,4.22,334.80,6.54,6.15
320,6.27,5.23,1.04,6.27,5.19,4.19,1.01,0.00,5.15,10.18,5.80,503.14,5.24,4.47
321,6.64,5.76,0.88,6.64,5.77,4.95,0.82,0.00,5.96,10.13,5.07,417.24,6.15,5.09
322,5.23,5.29,0.06,5.29,4.49,4.50,0.01,0.00,8.86,15.12,7.59,626.40,4.39,4.58
323,6.30,5.31,0.99,6.30,5.29,4.40,0.90,0.02,9.07,13.84,6.13,477.36,5.48,4.72
324,7.21,5.11,2.10,7.21,6.13,4.45,1.68,0.04,5.87,10.20,5.21,432.91,6.37,4.73
325,5.26,5.20,0.06,5.26,4.38,4.31,0.08,0.00,6.50,13.07,7.54,656.57,4.26,4.28
326,7.15,6.67,0.47,7.15,6.00,5.88,0.12,0.04,7.21,10.77,4.64,356.26,5.96,6.37
327,5.72,5.84,0.11,5.84,5.01,4.91,0.10,0.00,7.99,12.97,6.17,497.60,5.15,5.02
328,5.43,6.94,1.51,6.94,4.64,5.89,1.26,0.04,9.52,13.86,5.77,434.27,4.57,6.45
329,5.84,5.10,0.74,5.84,5.12,4.36,0.76,0.00,9.11,14.33,6.59,522.51,5.22,4.55
330,5.12,5.71,0.59,5.71,4.23,4.62,0.39,0.00,6.15,12.30,7.07,615.22,4.40,4.58
331,6.31,5.26,1.05,6.31,5.44,4.51,0.92,0.00,6.79,11.73,5.95,493.48,5.68,4.58
332,5.38,7.30,1.92,7.30,4.52,6.19,1.67,0.13,5.16,9.38,5.00,422.43,4.39,6.57
333,5.48,6.45,0.97,6.45,4.63,5.57,0.94,0.00,6.66,11.17,5.50,450.50,4.74,6.12
334,5.22,6.32,1.10,6.32,4.31,5.42,1.11,0.00,5.23,10.20,5.75,496.71,4.29,5.72
335,6.76,5.37,1.39,6.76,5.81,4.39,1.42,0.02,6.30,11.31,5.96,501.16,6.12,4.51
336,5.54,4.88,0.66,5.54,4.69,4.12,0.57,0.00,7.72,14.02,7.45,629.51,4.80,4.13
337,5.17,5.11,0.06,5.17,4.42,4.26,0.16,0.00,6.19,12.05,6.79,585.96,4.67,4.48
338,5.10,5.27,0.16,5.27,4.37,4.34,0.03,0.00,7.88,14.39,7.70,651.80,4.31,4.28
339,5.31,5.92,0.60,5.92,4.40,5.02,0.62,0.00,7.53,13.40,7.00,586.68,4.54,5.22
340,5.65,5.24,0.41,5.65,4.61,4.33,0.28,0.00,6.82,12.88,7.08,605.23,4.88,4.42
341,6.99,5.15,1.84,6.99,5.90,4.35,1.55,0.11,9.55,13.90,5.78,435.19,6.33,4.45
342,6.82,4.94,1.88,6.82,5.82,3.86,1.96,0.00,8.90,14.07,6.50,516.69,6.08,4.12
343,6.46,5.19,1.27,6.46,5.42,4.38,1.04,0.00,6.73,11.64,5.91,490.16,5.89,4.49
344,6.70,6.67,0.03,6.70,5.58,5.65,0.07,0.00,6.21,9.85,4.57,363.58,5.93,5.97
345,5.32,7.21,1.89,7.21,4.49,6.15,1.66,0.02,6.36,10.93,5.53,457.69,4.27,6.62
346,5.09,5.68,0.59,5.68,4.37,4.62,0.25,0.00,7.56,13.43,7.01,587.26,4.39,4.64
347,5.45,5.17,0.28,5.45,4.60,4.11,0.50,0.00,6.16,12.16,6.93,600.64,4.64,4.06
348,7.02,5.37,1.65,7.02,6.02,4.36,1.66,0.02,8.45,12.97,5.79,452.14,6.29,4.47
349,6.83,5.40,1.44,6.83,5.88,4.48,1.40,0.01,8.07,12.99,6.13,492.36,6.54,4.54
350,5.49,5.19,0.30,5.49,4.48,4.31,0.17,0.00,5.88,12.03,7.03,614.88,4.57,4.68
351,5.88,5.35,0.53,5.88,4.75,4.40,0.35,0.01,8.32,14.07,7.00,575.33,4.90,4.68
352,6.21,5.43,0.79,6.21,5.01,4.63,0.39,0.00,8.86,13.81,6.28,495.29,5.11,4.66
353,4.79,5.14,0.35,5.14,3.99,4.39,0.41,0.00,7.24,13.42,7.27,617.97,4.05,4.44
354,5.46,5.26,0.19,5.46,4.57,4.46,0.11,0.00,7.19,13.58,7.47,638.88,4.37,4.48
355,6.05,7.04,0.98,7.04,5.17,6.03,0.85,0.07,7.00,10.78,4.83,378.47,5.28,6.19
356,6.94,5.32,1.62,6.94,5.92,4.41,1.51,0.08,7.69,12.17,5.63,448.08,6.18,4.47
357,5.69,4.79,0.90,5.69,4.62,3.97,0.65,0.00,6.01,12.26,7.15,624.66,4.68,4.04
358,6.67,5.93,0.73,6.67,5.41,5.16,0.25,0.05,6.37,10.38,4.96,400.87,6.09,5.39
359,6.64,6.81,0.17,6.81,5.59,6.07,0.48,0.02,8.41,12.47,5.32,405.35,5.75,6.20
360,5.24,6.67,1.43,6.67,4.47,5.71,1.24,0.04,6.49,10.61,5.10,412.30,4.64,6.25
361,5.97,5.53,0.43,5.97,5.09,4.86,0.23,0.00,6.35,11.77,6.37,541.93,5.00,4.65
362,5.82,6.84,1.02,6.84,4.95,5.76,0.81,0.02,7.18,11.33,5.22,414.10,5.27,6.18
363,5.30,6.66,1.36,6.66,4.41,5.79,1.37,0.04,6.90,11.97,6.10,506.86,4.44,5.78
364,4.89,5.69,0.79,5.69,4.16,4.90,0.74,0.00,6.81,12.28,6.49,547.02,4.31,4.97
365,6.37,5.96,0.40,6.37,5.62,4.82,0.80,0.01,8.69,12.98,5.59,428.93,5.88,5.01
366,5.20,5.00,0.21,5.20,4.10,4.36,0.26,0.00,6.86,12.94,7.11,608.18,4.18,4.50
367,7.43,5.06,2.36,7.43,6.10,4.18,1.93,0.03,6.69,11.38,5.69,468.61,6.69,4.34
368,7.01,6.25,0.76,7.01,5.82,5.39,0.43,0.04,7.85,11.05,4.37,319.62,6.21,5.61
369,6.78,6.91,0.13,6.91,5.81,5.87,0.06,0.00,7.25,10.70,4.54,345.30,5.80,6.30
370,5.25,6.40,1.15,6.40,4.45,5.28,0.83,0.00,6.51,11.43,5.90,492.57,4.53,5.46
371,5.64,5.19,0.45,5.64,4.87,4.31,0.56,0.00,7.30,13.22,7.01,591.99,4.70,4.59
372,6.69,6.66,0.03,6.69,5.73,5.70,0.03,0.02,4.83,8.14,4.04,331.09,6.13,6.27
373,5.61,6.78,1.17,6.78,4.84,5.75,0.91,0.02,4.55,8.61,4.74,406.15,5.01,6.20
374,5.67,6.68,1.01,6.68,4.57,5.65,1.08,0.00,8.63,13.33,5.99,469.95,4.65,5.97
375,5.47,5.62,0.15,5.62,4.51,4.55,0.05,0.00,7.15,13.37,7.30,622.30,4.53,4.58
376,6.97,6.60,0.38,6.97,5.90,5.72,0.18,0.01,8.63,12.07,4.74,344.03,6.06,6.12
377,7.17,5.62,1.55,7.17,6.04,4.76,1.28,0.04,5.55,10.14,5.42,458.70,6.53,4.83
378,5.47,7.06,1.60,7.06,4.49,5.96,1.47,0.01,8.86,13.32,5.79,446.01,4.68,6.27
379,5.24,6.46,1.22,6.46,4.47,5.54,1.07,0.00,6.14,10.86,5.64,472.34,4.49,5.81
380,7.17,5.32,1.85,7.17,6.09,4.50,1.59,0.01,6.57,10.69,5.10,411.78,6.40,4.67
381,5.21,5.44,0.23,5.44,4.36,4.73,0.37,0.00,5.68,11.84,7.02,616.95,4.27,4.80
382,4.98,6.77,1.79,6.77,4.19,5.83,1.64,0.02,7.42,12.13,5.83,471.45,4.35,6.23
383,6.30,7.07,0.77,7.07,5.42,5.82,0.40,0.02,8.23,11.99,5.00,376.69,5.45,6.29
384,5.29,5.28,0.02,5.29,4.30,4.51,0.20,0.00,6.80,13.21,7.44,641.62,4.46,4.67
385,6.83,5.06,1.77,6.83,5.92,4.21,1.71,0.03,8.04,12.66,5.83,462.74,6.56,4.69
386,7.07,5.79,1.28,7.07,5.86,4.77,1.09,0.05,6.30,9.98,4.62,367.91,6.18,5.09
387,6.97,7.00,0.03,7.00,5.98,6.05,0.07,0.09,6.36,9.13,3.73,277.77,6.52,6.23
388,6.64,6.43,0.21,6.64,5.75,5.36,0.39,0.11,9.01,12.61,4.95,360.15,6.39,5.77
389,5.63,6.80,1.17,6.80,4.91,5.87,0.96,0.02,6.78,10.83,5.07,404.96,4.99,6.44
390,5.82,6.60,0.78,6.60,4.95,5.61,0.66,0.01,8.48,13.19,5.98,471.36,4.94,5.81
391,4.91,6.65,1.74,6.65,4.20,5.76,1.56,0.04,6.52,11.42,5.88,490.22,4.16,6.23
392,7.29,6.31,0.99,7.29,6.13,5.40,0.74,0.04,6.68,10.43,4.75,374.75,6.53,5.54
393,5.40,6.89,1.49,6.89,4.58,5.90,1.32,0.02,7.61,11.97,5.51,436.37,4.43,6.18
394,6.55,7.08,0.53,7.08,5.65,5.98,0.33,0.02,6.89,10.12,4.26,322.63,6.06,6.31
395,5.10,6.39,1.30,6.39,4.23,5.37,1.14,0.00,6.88,12.38,6.53,549.39,4.07,5.73
396,5.03,4.86,0.16,5.03,4.26,3.96,0.30,0.00,7.75,14.62,8.03,686.26,4.35,4.00
397,5.27,5.60,0.33,5.60,4.43,4.51,0.08,0.00,6.32,12.47,7.10,615.52,4.33,4.84
398,4.84,5.25,0.41,5.25,3.98,4.45,0.46,0.00,7.04,13.39,7.40,634.76,4.07,4.36
399,5.67,6.68,1.01,6.68,4.48,5.85,1.37,0.07,7.12,11.27,5.22,415.66,4.69,6.12
400,6.45,4.98,1.47,6.45,5.43,4.14,1.28,0.02,7.93,13.15,6.41,521.95,5.77,4.29
401,5.36,5.17,0.19,5.36,4.48,4.21,0.26,0.00,6.36,12.62,7.22,626.30,4.53,4.38
402,5.15,5.01,0.14,5.15,4.25,4.20,0.05,0.00,6.36,12.68,7.27,632.02,4.41,4.28
403,6.81,5.25,1.56,6.81,5.74,4.27,1.47,0.04,6.98,11.64,5.71,466.28,6.26,4.45
404,6.81,5.14,1.67,6.81,5.80,4.40,1.40,0.00,8.64,13.31,5.97,467.11,5.96,4.47
405,5.52,6.95,1.44,6.95,4.69,5.88,1.19,0.05,6.64,11.10,5.46,446.67,4.67,6.23
406,5.85,5.63,0.23,5.85,4.88,4.57,0.30,0.00,6.86,12.10,6.27,524.48,5.08,4.86
407,6.73,6.93,0.21,6.93,5.70,5.76,0.06,0.07,7.61,10.98,4.52,337.44,6.14,5.84
408,5.41,5.40,0.02,5.41,4.43,4.57,0.14,0.02,9.84,15.65,7.29,581.27,4.43,4.50
409,5.96,6.10,0.13,6.10,4.89,5.10,0.21,0.01,6.86,11.80,5.96,493.48,5.19,5.21
410,5.28,6.68,1.41,6.68,4.48,5.77,1.29,0.01,7.44,12.25,5.93,481.33,4.50,6.11
411,4.92,5.74,0.81,5.74,3.96,4.76,0.80,0.00,7.90,14.16,7.45,626.27,4.26,4.85
412,6.67,5.30,1.37,6.67,5.71,4.43,1.28,0.03,5.64,10.40,5.60,475.18,6.06,4.42
413,4.82,5.50,0.67,5.50,3.97,4.44,0.47,0.00,8.95,14.95,7.34,599.92,4.14,4.45
414,5.18,5.51,0.34,5.51,4.49,4.67,0.18,0.00,6.43,12.44,6.97,600.96,4.45,4.78
415,5.83,6.53,0.70,6.53,4.95,5.76,0.81,0.00,6.63,11.42,5.78,478.51,4.92,5.96
416,5.10,5.60,0.50,5.60,4.18,4.64,0.45,0.00,6.73,12.73,7.01,600.02,4.31,4.64
417,5.81,7.37,1.56,7.37,4.87,6.25,1.38,0.06,7.05,11.05,5.05,399.14,5.27,6.49
418,7.10,6.91,0.19,7.10,6.08,6.03,0.05,0.06,7.29,10.89,4.69,359.58,6.15,6.14
419,6.86,6.56,0.31,6.86,6.07,5.46,0.61,0.01,8.91,12.60,5.03,369.83,6.12,5.82
420,5.45,6.28,0.83,6.28,4.63,5.36,0.73,0.06,8.33,13.17,6.09,484.32,4.68,5.68
421,5.22,6.38,1.16,6.38,4.27,5.50,1.23,0.00,7.44,12.83,6.50,538.34,4.19,5.52
422,5.48,5.30,0.18,5.48,4.53,4.48,0.06,0.00,7.58,13.51,7.07,592.93,4.41,4.46
423,5.37,5.47,0.10,5.47,4.43,4.67,0.24,0.00,7.86,13.41,6.73,555.01,4.55,4.98
424,5.51,5.45,0.06,5.51,4.49,4.51,0.01,0.00,9.51,15.88,7.80,637.25,4.57,4.69
425,5.58,5.11,0.47,5.58,4.69,4.32,0.37,0.00,7.89,13.81,7.10,591.88,4.78,4.54
426,5.44,5.24,0.20,5.44,4.50,4.44,0.06,0.00,5.47,12.13,7.48,666.34,4.32,4.53
427,6.87,6.91,0.04,6.91,5.79,5.91,0.12,0.03,6.30,10.16,4.80,385.55,5.87,6.42
428,5.25,7.00,1.76,7.00,4.47,6.07,1.59,0.08,8.37,12.63,5.52,426.57,4.67,6.48
429,5.96,6.30,0.34,6.30,4.95,5.30,0.35,0.00,6.41,11.50,6.06,509.45,5.04,5.83
430,7.05,5.33,1.73,7.05,6.12,4.44,1.68,0.01,6.16,10.95,5.71,478.94,6.38,4.51
431,5.50,5.49,0.01,5.50,4.70,4.71,0.01,0.00,6.14,12.12,6.90,598.20,4.72,4.51
432,5.40,6.47,1.08,6.47,4.55,5.61,1.06,0.01,6.29,11.56,6.22,527.74,4.49,5.89
433,5.46,5.30,0.16,5.46,4.65,4.52,0.14,0.00,6.95,13.04,7.13,608.92,4.59,4.50
434,5.10,5.41,0.31,5.41,4.16,4.56,0.40,0.00,8.74,14.75,7.32,601.39,4.28,4.53
435,6.22,5.16,1.06,6.22,5.46,4.34,1.12,0.00,6.57,11.93,6.34,535.92,5.50,4.60
436,7.02,4.97,2.06,7.02,6.00,4.09,1.91,0.03,7.94,12.80,6.05,485.44,6.25,4.18
437,5.42,5.46,0.03,5.46,4.65,4.64,0.01,0.00,6.70,12.64,6.94,593.62,4.70,4.82
438,7.11,6.83,0.28,7.11,5.87,5.90,0.03,0.08,6.36,9.15,3.75,279.41,6.31,6.35
439,7.00,5.15,1.85,7.00,6.10,4.26,1.84,0.07,6.27,10.80,5.48,453.68,6.65,4.46
440,5.33,4.92,0.41,5.33,4.42,4.14,0.28,0.00,7.33,13.61,7.38,628.15,4.55,4.08
441,7.02,5.03,1.99,7.02,5.87,4.08,1.79,0.03,7.89,12.36,5.65,447.02,6.30,4.36
442,7.09,5.42,1.67,7.09,6.11,4.60,1.51,0.02,4.89,9.36,5.20,446.89,6.43,4.64
443,5.29,5.19,0.10,5.29,4.61,4.47,0.14,0.01,7.04,13.01,7.03,597.16,4.64,4.55
444,5.96,6.01,0.05,6.01,4.99,5.26,0.27,0.00,7.95,12.86,6.10,491.02,5.10,5.26
445,5.68,6.88,1.20,6.88,4.76,5.70,0.94,0.06,6.16,10.26,5.03,410.21,4.88,6.33
446,5.46,6.72,1.27,6.72,4.62,5.94,1.32,0.00,7.48,12.18,5.83,470.44,4.37,6.39
447,5.54,4.71,0.83,5.54,4.58,3.91,0.67,0.00,4.84,11.26,7.15,642.64,4.61,4.04
448,5.59,5.17,0.42,5.59,4.47,4.39,0.09,0.00,6.53,12.59,7.04,606.53,4.66,4.45
449,5.70,5.06,0.64,5.70,4.86,4.18,0.68,0.00,7.86,13.73,7.04,586.54,5.13,4.08
450,5.23,6.52,1.29,6.52,4.44,5.52,1.08,0.00,6.20,11.06,5.80,486.89,4.46,5.91
451,4.99,6.74,1.75,6.74,4.10,5.68,1.58,0.05,9.17,13.80,6.00,462.37,4.28,6.15
452,6.21,5.68,0.53,6.21,5.31,4.83,0.48,0.00,7.47,12.46,6.11,498.95,5.28,5.07
453,5.35,5.27,0.08,5.35,4.38,4.43,0.05,0.00,8.27,14.74,7.71,646.53,4.21,4.30
454,5.15,5.73,0.58,5.73,4.41,4.89,0.48,0.00,7.27,13.21,7.03,593.68,4.40,4.79
455,6.88,5.35,1.53,6.88,5.89,4.49,1.40,0.01,5.21,10.55,6.12,534.34,6.32,4.28
456,5.18,5.24,0.06,5.24,4.28,4.44,0.16,0.00,7.09,13.41,7.39,632.35,4.45,4.71
457,5.38,6.52,1.14,6.52,4.42,5.47,1.05,0.00,6.96,12.30,6.38,533.23,4.50,5.37
458,5.31,4.98,0.34,5.31,4.59,4.17,0.42,0.00,6.82,13.16,7.36,633.76,4.65,4.11
459,5.25,5.49,0.24,5.49,4.54,4.62,0.09,0.00,8.56,14.73,7.46,617.51,4.60,4.57
460,7.01,5.47,1.54,7.01,5.98,4.73,1.25,0.04,6.57,11.29,5.70,471.96,6.14,4.57
461,5.98,5.66,0.32,5.98,4.95,4.83,0.12,0.00,6.02,11.34,6.23,532.80,5.02,4.94
462,5.65,6.60,0.95,6.60,4.68,5.50,0.83,0.00,6.41,11.25,5.80,483.83,5.00,5.77
463,5.57,6.92,1.35,6.92,4.77,5.83,1.06,0.03,8.86,13.24,5.70,437.42,4.80,6.21
464,6.86,7.61,0.75,7.61,5.89,6.27,0.38,0.10,5.76,8.69,3.79,292.71,6.28,6.43
465,5.31,5.45,0.14,5.45,4.28,4.57,0.29,0.00,6.86,13.26,7.43,640.29,4.31,4.52
466,5.57,6.29,0.72,6.29,4.69,5.28,0.59,0.01,6.87,12.15,6.32,528.59,4.65,5.56
467,5.59,4.81,0.78,5.59,4.82,3.88,0.93,0.00,4.64,11.10,7.15,645.89,5.01,4.11
468,5.68,7.05,1.37,7.05,4.67,6.14,1.48,0.00,8.59,13.21,5.91,462.32,4.76,6.51
469,6.64,5.01,1.63,6.64,5.66,4.04,1.62,0.01,6.59,12.01,6.41,542.06,5.81,4.20
470,4.76,5.56,0.80,5.56,4.06,4.69,0.63,0.00,7.30,13.33,7.13,603.27,4.14,4.92
471,6.00,5.11,0.90,6.00,4.77,4.36,0.41,0.00,7.74,13.57,6.99,582.59,5.03,4.47
472,6.77,7.17,0.40,7.17,5.75,6.10,0.36,0.06,6.36,9.13,3.72,276.72,6.50,6.57
473,5.38,5.17,0.21,5.38,4.44,4.49,0.05,0.00,7.36,13.41,7.16,605.33,4.36,4.87
474,5.39,5.25,0.14,5.39,4.59,4.33,0.26,0.00,7.44,13.07,6.75,563.35,4.78,4.43
475,5.24,6.77,1.53,6.77,4.46,5.87,1.41,0.06,7.35,11.77,5.52,442.02,4.49,6.07
476,5.83,5.83,0.00,5.83,4.96,4.83,0.13,0.00,6.73,11.66,5.94,493.08,4.97,4.74
477,5.23,7.16,1.93,7.16,4.36,6.09,1.74,0.03,7.80,12.25,5.62,444.82,4.35,6.72
478,6.90,6.73,0.17,6.90,5.85,6.00,0.15,0.03,5.44,8.88,4.26,343.91,6.20,6.11
479,5.60,5.52,0.08,5.60,4.84,4.66,0.18,0.00,6.58,12.13,6.54,555.14,4.52,4.80
480,7.01,5.39,1.61,7.01,5.82,4.52,1.30,0.01,8.10,12.64,5.75,453.86,6.16,4.84
481,6.17,5.37,0.80,6.17,5.34,4.57,0.77,0.02,9.04,14.08,6.40,504.51,5.70,4.63
482,6.59,6.75,0.17,6.75,5.77,5.79,0.02,0.01,5.88,9.35,4.35,347.18,6.25,6.23
483,6.20,6.84,0.64,6.84,5.34,5.70,0.36,0.05,5.98,9.62,4.53,363.54,5.58,6.06
484,5.52,6.95,1.43,6.95,4.63,5.92,1.29,0.01,4.89,9.63,5.47,474.04,4.87,6.24
485,7.14,6.87,0.27,7.14,5.92,5.88,0.05,0.05,8.47,11.90,4.71,343.49,6.26,6.26
486,5.31,4.88,0.43,5.31,4.39,4.27,0.11,0.00,6.33,12.41,7.03,608.19,4.61,4.14
487,6.99,6.94,0.05,6.99,5.93,5.86,0.07,0.04,7.25,10.34,4.18,309.43,6.26,6.39
488,6.38,5.29,1.09,6.38,5.39,4.46,0.93,0.00,6.29,11.64,6.29,534.42,5.41,4.52
489,5.22,5.07,0.15,5.22,4.54,4.24,0.30,0.00,8.21,14.40,7.42,619.33,4.51,4.24
490,6.58,5.25,1.33,6.58,5.59,4.38,1.21,0.01,7.76,12.83,6.23,506.49,5.74,4.56
491,6.78,5.20,1.59,6.78,5.90,4.50,1.40,0.01,7.33,12.33,6.10,499.73,6.04,4.66
492,5.60,5.73,0.13,5.73,4.57,4.81,0.23,0.01,7.49,13.13,6.76,564.00,4.63,4.82
493,6.82,6.33,0.48,6.82,5.91,5.12,0.79,0.01,6.02,9.55,4.43,352.45,6.27,5.45
494,5.24,6.06,0.82,6.06,4.31,4.98,0.67,0.01,7.63,13.16,6.68,553.66,4.34,5.34
495,5.58,7.02,1.44,7.02,4.83,5.95,1.12,0.03,7.51,11.76,5.37,424.56,4.90,6.20
496,5.08,5.03,0.04,5.08,4.33,4.33,0.01,0.01,5.92,12.15,7.12,622.89,4.26,4.46
497,6.96,5.57,1.39,6.96,5.76,4.74,1.02,0.06,5.79,9.76,4.84,396.77,6.23,4.73
498,6.81,5.86,0.96,6.81,5.71,4.80,0.91,0.01,7.92,12.67,5.94,475.10,6.24,4.69
499,5.84,7.10,1.26,7.10,5.15,5.82,0.67,0.09,5.72,9.38,4.52,365.88,5.39,6.19
500,5.37,5.14,0.22,5.37,4.46,4.34,0.12,0.00,6.65,13.41,7.75,675.69,4.48,4.46
501,7.13,4.60,2.53,7.13,5.90,3.80,2.11,0.16,7.96,12.62,5.85,465.73,6.51,3.94
502,7.07,6.93,0.14,7.07,6.21,6.04,0.17,0.13,7.68,10.99,4.46,330.65,6.51,6.23
503,7.01,6.74,0.27,7.01,5.86,5.83,0.03,0.09,5.18,8.08,3.67,289.34,6.51,6.11
504,6.81,6.17,0.64,6.81,5.70,5.44,0.26,0.01,6.35,10.23,4.83,387.24,6.13,5.65
505,4.88,7.03,2.15,7.03,4.06,6.03,1.97,0.07,8.32,13.53,6.46,521.60,4.20,6.29
506,5.33,5.87,0.54,5.87,4.43,4.93,0.49,0.00,7.03,12.83,6.86,580.44,4.43,4.87
507,5.97,5.63,0.33,5.97,4.95,4.69,0.26,0.01,6.76,11.85,6.10,508.75,5.25,4.70
508,4.93,6.56,1.63,6.56,4.13,5.52,1.40,0.05,6.17,10.86,5.62,469.28,4.42,6.07
509,5.36,5.61,0.25,5.61,4.50,4.80,0.30,0.01,6.22,11.72,6.43,550.06,4.64,4.85
510,6.59,5.47,1.12,6.59,5.36,4.63,0.73,0.00,7.11,12.53,6.49,542.47,5.21,4.85
511,5.24,5.57,0.32,5.57,4.46,4.77,0.31,0.00,6.67,12.39,6.72,572.31,4.56,4.83
512,6.95,6.12,0.83,6.95,5.95,5.38,0.56,0.10,9.42,13.06,5.05,364.07,6.16,5.39
513,4.96,6.92,1.96,6.92,4.32,5.91,1.59,0.05,8.78,13.50,6.03,471.58,4.50,6.36
514,5.51,7.07,1.56,7.07,4.37,5.80,1.43,0.02,6.56,11.17,5.60,461.18,4.39,6.22
515,6.17,5.22,0.95,6.17,5.23,4.57,0.66,0.00,6.47,11.90,6.41,543.49,5.58,4.65
516,6.92,5.02,1.90,6.92,5.93,4.30,1.62,0.04,5.57,9.95,5.22,438.19,6.40,4.41
517,6.89,6.44,0.44,6.89,5.78,5.53,0.25,0.08,7.75,11.14,4.56,339.38,6.25,5.59
518,5.27,5.43,0.16,5.43,4.44,4.43,0.01,0.00,7.06,13.10,7.10,603.69,4.55,4.39
519,5.57,6.92,1.36,6.92,4.64,6.04,1.40,0.07,6.46,10.67,5.18,421.27,4.67,6.32
520,5.38,4.93,0.44,5.38,4.40,4.21,0.19,0.00,6.69,12.87,7.18,618.13,4.45,4.37
521,5.20,6.85,1.65,6.85,4.31,5.80,1.48,0.01,7.09,11.40,5.38,431.66,4.51,6.36
522,6.14,5.09,1.04,6.14,5.26,4.19,1.07,0.00,6.60,12.48,6.88,588.56,5.15,4.19
523,5.76,5.55,0.21,5.76,4.90,4.52,0.38,0.00,7.10,12.26,6.22,515.96,4.97,4.78
524,6.92,6.73,0.19,6.92,5.76,5.93,0.17,0.09,8.35,12.03,4.93,367.94,6.11,6.15
525,6.27,5.52,0.75,6.27,5.28,4.56,0.72,0.00,6.39,11.79,6.35,539.63,5.53,4.59
526,7.03,5.46,1.57,7.03,6.07,4.69,1.38,0.04,6.43,10.66,5.20,423.32,6.55,4.85
527,4.91,6.78,1.87,6.78,4.17,5.85,1.68,0.01,6.17,10.71,5.46,453.75,4.42,6.17
528,6.91,5.10,1.81,6.91,5.89,4.13,1.76,0.01,7.65,11.88,5.38,423.15,6.61,4.52
529,6.84,5.67,1.17,6.84,5.88,4.78,1.10,0.01,7.18,12.27,6.17,509.79,6.09,4.79
530,7.28,5.00,2.28,7.28,6.15,4.23,1.92,0.02,6.46,11.57,6.08,510.91,6.31,4.24
531,5.80,5.50,0.30,5.80,4.88,4.53,0.35,0.00,6.63,12.12,6.48,548.22,4.87,4.62
532,6.94,5.40,1.54,6.94,5.82,4.34,1.48,0.05,5.79,10.14,5.22,434.80,6.50,4.56
533,5.46,6.28,0.82,6.28,4.45,5.28,0.83,0.00,6.55,11.74,6.18,519.26,4.41,5.42
534,6.84,5.87,0.97,6.84,5.81,5.01,0.80,0.02,7.41,11.69,5.39,427.77,6.14,5.18
535,4.76,6.65,1.88,6.65,4.10,5.72,1.62,0.04,7.44,12.39,6.07,495.06,4.21,6.04
536,6.77,6.84,0.07,6.84,5.75,5.89,0.15,0.05,8.54,12.20,4.94,365.90,5.97,6.05
537,5.31,5.47,0.16,5.47,4.44,4.62,0.18,0.00,6.50,12.43,6.90,592.37,4.61,4.46
538,7.22,5.50,1.73,7.22,6.09,4.53,1.56,0.02,6.78,11.12,5.36,434.24,6.46,4.61
539,5.21,5.71,0.49,5.71,4.39,4.68,0.29,0.00,9.37,15.27,7.30,589.73,4.72,4.66
540,5.27,7.07,1.80,7.07,4.35,6.01,1.66,0.02,6.37,11.17,5.76,480.57,4.40,6.46
541,5.06,6.80,1.73,6.80,4.23,5.81,1.58,0.08,6.45,11.04,5.56,459.56,4.38,6.47
542,6.86,5.63,1.23,6.86,5.62,4.66,0.95,0.06,7.10,11.33,5.30,423.03,6.05,4.81
543,5.43,4.85,0.59,5.43,4.61,4.13,0.48,0.00,8.31,14.47,7.41,616.30,4.79,4.43
544,5.89,6.81,0.92,6.81,4.93,5.77,0.84,0.05,6.40,10.55,5.12,415.56,5.01,6.11
545,5.88,5.25,0.63,5.88,5.11,4.46,0.65,0.00,5.96,11.48,6.42,552.26,5.17,4.90
546,6.73,5.82,0.91,6.73,5.65,4.90,0.75,0.03,5.52,9.49,4.80,397.72,6.09,5.09
547,5.07,5.10,0.03,5.10,4.35,4.18,0.17,0.00,7.42,14.24,7.93,681.97,4.34,4.15
548,6.88,5.10,1.78,6.88,5.91,4.29,1.62,0.04,5.50,10.61,5.93,510.40,6.08,4.16
549,6.43,5.64,0.79,6.43,5.51,4.74,0.77,0.03,6.73,12.01,6.29,527.92,5.70,4.65
550,6.60,7.08,0.48,7.08,5.54,5.92,0.38,0.10,7.67,11.11,4.59,344.01,5.97,6.37
551,5.62,7.03,1.42,7.03,4.73,5.82,1.09,0.05,9.10,13.28,5.54,417.55,4.69,6.17
552,5.17,5.73,0.57,5.73,4.13,4.61,0.48,0.00,5.37,11.52,6.96,615.50,4.21,4.64
553,6.35,4.82,1.53,6.35,5.31,3.98,1.33,0.00,6.37,12.04,6.63,567.40,5.68,4.06
554,6.70,6.50,0.21,6.70,5.77,5.52,0.25,0.07,6.89,10.64,4.79,375.63,6.24,5.44
555,6.88,5.31,1.57,6.88,5.86,4.42,1.44,0.04,6.66,11.47,5.80,480.22,6.30,4.69
556,5.10,5.04,0.06,5.10,4.25,4.32,0.07,0.00,6.50,13.66,8.14,716.57,4.32,4.51
557,6.44,6.74,0.30,6.74,5.43,5.65,0.22,0.05,6.88,10.29,4.44,340.69,5.74,6.07
558,6.99,5.16,1.83,6.99,5.87,4.09,1.78,0.05,7.57,12.53,6.09,495.90,6.06,4.21
559,7.44,5.16,2.29,7.44,6.31,4.32,1.99,0.04,10.22,15.06,6.37,484.04,6.47,4.37
560,5.08,5.54,0.47,5.54,4.27,4.69,0.42,0.00,7.52,13.93,7.54,641.16,4.34,4.74
561,5.27,6.64,1.37,6.64,4.36,5.76,1.40,0.00,6.98,12.75,6.81,576.46,4.19,5.91
562,7.18,6.56,0.63,7.18,6.22,5.74,0.47,0.03,7.54,11.47,5.07,393.64,6.45,5.60
563,7.46,5.04,2.42,7.46,6.19,4.14,2.05,0.02,8.29,13.57,6.52,527.81,6.53,4.20
564,4.90,5.31,0.41,5.31,4.19,4.49,0.30,0.00,6.19,12.58,7.32,638.92,4.29,4.58
565,5.50,5.20,0.30,5.50,4.79,4.20,0.59,0.00,6.82,12.86,7.07,604.37,4.80,4.30
566,5.03,5.49,0.46,5.49,4.24,4.44,0.20,0.00,8.28,14.16,7.13,588.74,4.40,4.90
567,5.45,6.84,1.39,6.84,4.70,5.82,1.11,0.01,7.02,11.67,5.70,464.79,4.69,6.27
568,5.72,5.66,0.06,5.72,4.75,4.83,0.08,0.01,7.27,12.68,6.49,540.40,4.99,4.80
569,5.97,7.02,1.05,7.02,4.95,5.94,0.99,0.00,9.50,13.50,5.43,400.34,5.22,6.45
570,6.98,5.18,1.80,6.98,6.02,4.39,1.63,0.03,6.32,11.38,6.01,506.05,6.07,4.40
571,5.55,6.60,1.06,6.60,4.73,5.66,0.93,0.01,5.70,9.96,5.12,426.45,4.81,5.86
572,5.33,6.79,1.46,6.79,4.50,5.83,1.33,0.03,7.62,12.61,6.13,498.96,4.77,6.23
573,7.16,6.78,0.38,7.16,6.10,5.69,0.42,0.03,5.43,8.56,3.94,312.48,6.27,6.15
574,6.50,5.81,0.69,6.50,5.67,5.04,0.63,0.02,5.49,9.82,5.16,433.41,5.90,5.24
575,6.58,6.62,0.04,6.62,5.69,5.54,0.15,0.02,5.71,9.20,4.35,349.61,6.04,5.97
576,5.37,6.33,0.96,6.33,4.64,5.26,0.62,0.01,8.04,13.33,6.50,529.02,4.56,5.68
577,5.47,5.89,0.42,5.89,4.67,5.02,0.35,0.00,7.92,13.83,7.10,591.05,4.81,5.11
578,6.02,7.09,1.07,7.09,4.99,6.12,1.13,0.11,8.29,12.04,5.00,375.73,5.36,6.24
579,5.56,4.82,0.73,5.56,4.54,4.07,0.47,0.00,6.13,12.27,7.06,614.51,4.78,4.23
580,6.25,5.16,1.09,6.25,5.19,4.33,0.87,0.00,6.32,11.81,6.44,549.13,5.33,4.68
581,6.94,7.15,0.21,7.15,6.09,6.16,0.07,0.07,7.66,11.15,4.64,348.94,6.29,6.35
582,5.16,5.24,0.08,5.24,4.23,4.34,0.12,0.00,7.62,14.03,7.55,640.42,4.26,4.56
583,5.21,5.09,0.12,5.21,4.24,4.20,0.04,0.01,6.31,12.63,7.27,631.94,4.36,4.25
584,5.53,5.34,0.18,5.53,4.76,4.52,0.24,0.00,6.78,12.27,6.51,549.09,4.68,4.72
585,5.50,5.85,0.35,5.85,4.55,4.89,0.33,0.00,7.93,13.63,6.89,569.62,4.90,5.06
586,5.67,5.58,0.09,5.67,4.80,4.72,0.08,0.00,5.95,11.70,6.65,575.83,4.81,4.74
587,5.03,6.03,1.00,6.03,4.07,5.05,0.98,0.00,6.46,12.06,6.57,560.44,4.15,5.36
588,6.95,6.26,0.69,6.95,5.81,5.29,0.52,0.01,6.54,10.68,5.12,414.18,6.01,5.32
589,5.51,5.57,0.06,5.57,4.62,4.68,0.06,0.00,6.42,12.64,7.18,621.97,4.77,4.59
590,7.26,7.10,0.16,7.26,6.26,6.10,0.16,0.04,6.77,10.27,4.52,350.06,6.36,6.49
591,7.20,5.66,1.55,7.20,6.25,4.66,1.59,0.03,6.34,10.74,5.35,440.37,6.42,4.54
592,5.21,6.03,0.82,6.03,4.25,5.17,0.92,0.01,5.97,11.46,6.38,548.25,4.36,5.23
593,5.60,5.54,0.06,5.60,4.90,4.66,0.24,0.00,6.02,11.76,6.64,573.36,4.97,4.67
594,6.61,5.19,1.43,6.61,5.67,4.16,1.51,0.05,6.19,10.74,5.47,454.57,6.30,4.39
595,5.80,6.35,0.56,6.35,4.93,5.48,0.55,0.00,7.30,11.67,5.46,436.43,5.08,5.82
596,7.05,6.52,0.54,7.05,5.97,5.58,0.38,0.04,10.46,13.63,4.74,316.91,6.22,5.99
597,5.25,5.09,0.16,5.25,4.37,4.39,0.02,0.00,7.45,13.17,6.84,572.42,4.40,4.63
598,5.28,5.44,0.16,5.44,4.46,4.56,0.10,0.00,8.34,14.17,7.08,582.52,4.73,4.65
599,7.47,6.66,0.81,7.47,6.11,5.74,0.36,0.03,7.66,10.67,4.16,300.84,6.38,6.10
600,5.31,4.93,0.38,5.31,4.49,4.20,0.29,0.00,8.82,14.59,7.10,577.21,4.43,4.29
601,6.74,5.20,1.55,6.74,5.71,4.38,1.33,0.01,6.64,11.22,5.58,457.94,6.33,4.50
602,6.66,5.04,1.62,6.66,5.67,4.30,1.37,0.00,7.23,12.45,6.30,522.01,5.97,4.32
603,5.19,5.26,0.07,5.26,4.38,4.49,0.11,0.00,4.96,10.65,6.43,569.13,4.64,4.63
604,6.93,5.29,1.64,6.93,5.95,4.41,1.54,0.02,8.25,12.67,5.66,442.28,6.29,4.45
605,4.95,6.90,1.95,6.90,4.06,5.77,1.71,0.04,5.29,10.51,6.01,521.50,4.25,6.19
606,7.05,5.49,1.56,7.05,6.00,4.50,1.50,0.03,6.44,10.88,5.40,443.38,6.41,4.69
607,5.05,5.26,0.21,5.26,4.31,4.45,0.14,0.00,7.41,13.85,7.56,644.47,4.55,4.63
608,5.92,5.41,0.51,5.92,4.95,4.63,0.32,0.00,6.53,11.99,6.45,546.71,5.04,4.76
609,6.91,5.53,1.38,6.91,5.76,4.58,1.18,0.02,5.60,10.02,5.26,441.92,6.06,4.75
610,5.46,5.51,0.04,5.51,4.58,4.66,0.08,0.00,6.08,11.33,6.16,525.09,4.61,4.62
611,6.23,4.98,1.24,6.23,5.09,4.32,0.77,0.03,7.62,13.21,6.74,559.33,5.12,4.35
612,5.25,5.28,0.04,5.28,4.32,4.35,0.03,0.00,6.57,12.49,6.90,591.67,4.24,4.37
613,5.25,5.22,0.03,5.25,4.41,4.38,0.04,0.00,6.04,12.57,7.44,652.97,4.49,4.47
614,5.21,5.10,0.11,5.21,4.46,4.07,0.39,0.00,6.29,12.83,7.48,654.05,4.59,4.12
615,5.78,4.89,0.89,5.78,4.58,4.19,0.39,0.00,6.81,13.00,7.22,619.69,4.63,4.34
616,6.76,5.41,1.34,6.76,5.71,4.51,1.20,0.00,7.48,11.99,5.63,450.92,6.24,4.52
617,5.25,5.99,0.74,5.99,4.39,5.18,0.78,0.00,7.12,13.03,6.98,591.03,4.53,5.25
618,6.26,5.15,1.11,6.26,5.36,4.41,0.95,0.00,8.26,13.89,6.87,563.49,5.58,4.46
619,6.21,5.19,1.02,6.21,5.20,4.31,0.89,0.00,5.48,11.08,6.42,560.21,5.17,4.53
620,6.78,5.26,1.52,6.78,5.58,4.39,1.19,0.04,6.30,11.18,5.82,487.49,6.07,4.50
621,6.78,5.50,1.28,6.78,5.91,4.71,1.20,0.02,5.60,10.63,5.87,502.88,6.14,4.87
622,5.73,6.72,0.99,6.72,4.95,5.78,0.83,0.01,6.38,11.13,5.71,475.63,4.97,6.04
623,5.34,5.48,0.14,5.48,4.49,4.47,0.02,0.00,7.97,14.17,7.40,620.92,4.44,4.59
624,5.26,5.60,0.33,5.60,4.35,4.67,0.32,0.00,9.44,15.53,7.50,608.87,4.42,4.61
625,5.21,6.76,1.55,6.76,4.37,5.81,1.45,0.02,6.84,12.18,6.37,534.36,4.44,6.10
626,5.66,5.09,0.56,5.66,4.81,4.34,0.48,0.00,8.02,13.82,7.01,580.33,4.76,4.24
627,6.01,6.87,0.86,6.87,5.17,5.77,0.61,0.01,5.13,9.07,4.71,394.14,5.49,6.13
628,5.62,6.95,1.34,6.95,4.85,5.86,1.01,0.02,6.83,10.77,4.96,393.45,4.98,6.44
629,5.07,4.83,0.24,5.07,4.10,3.92,0.18,0.00,7.96,14.34,7.58,638.13,4.24,4.12
630,6.86,4.95,1.91,6.86,5.92,4.22,1.69,0.00,7.60,12.33,5.87,473.05,6.24,4.50
631,5.30,5.51,0.22,5.51,4.32,4.74,0.42,0.00,7.08,12.85,6.83,576.97,4.44,4.81
632,6.99,6.09,0.91,6.99,6.06,5.15,0.92,0.03,7.40,11.54,5.25,414.18,6.34,5.35
633,5.85,5.55,0.30,5.85,4.92,4.64,0.29,0.00,8.71,14.27,6.86,555.81,4.96,4.68
634,5.93,4.88,1.05,5.93,5.08,3.96,1.13,0.00,6.04,11.85,6.72,581.30,5.27,4.09
635,5.27,5.58,0.32,5.58,4.46,4.51,0.05,0.00,5.67,11.44,6.62,576.48,4.69,4.72
636,7.12,5.63,1.48,7.12,5.96,4.65,1.31,0.00,7.02,11.61,5.64,459.11,6.23,5.00
637,5.05,6.81,1.76,6.81,4.33,5.89,1.56,0.02,8.34,13.35,6.26,500.74,4.30,6.12
638,7.02,7.07,0.05,7.07,6.11,5.91,0.19,0.02,6.47,9.73,4.23,325.97,6.43,6.25
639,5.33,7.22,1.90,7.22,4.39,6.19,1.80,0.05,4.25,8.60,4.99,435.16,4.62,6.39
640,5.51,6.97,1.45,6.97,4.47,6.03,1.56,0.03,4.63,9.72,5.79,509.27,4.63,5.93
641,5.49,5.00,0.49,5.49,4.64,4.13,0.51,0.00,5.10,12.09,7.75,698.55,4.82,4.12
642,5.10,7.14,2.04,7.14,4.18,6.04,1.85,0.04,5.41,9.81,5.21,439.70,4.42,6.17
643,5.74,6.55,0.81,6.55,4.86,5.51,0.65,0.02,8.05,13.15,6.31,510.01,5.01,5.67
644,5.04,5.07,0.03,5.07,4.31,4.24,0.07,0.00,5.83,11.61,6.65,577.52,4.45,4.27
645,6.00,5.90,0.10,6.00,5.01,4.93,0.07,0.00,7.47,12.67,6.32,520.21,5.08,5.00
646,6.43,5.54,0.89,6.43,5.59,4.65,0.94,0.03,9.25,14.08,6.22,483.64,6.02,4.76
647,5.34,7.01,1.67,7.01,4.53,6.01,1.48,0.04,5.61,9.74,4.98,413.57,4.58,6.49
648,5.76,6.81,1.05,6.81,5.00,5.73,0.73,0.01,8.46,12.68,5.48,421.08,5.11,6.15
649,5.18,5.24,0.07,5.24,4.40,4.35,0.05,0.00,6.19,12.50,7.24,631.71,4.45,4.23
650,5.22,5.18,0.04,5.22,4.35,4.23,0.12,0.00,4.89,11.88,7.73,699.25,4.23,4.40
651,5.35,5.00,0.34,5.35,4.45,4.26,0.20,0.01,6.49,12.37,6.85,587.40,4.73,4.37
652,5.54,6.77,1.23,6.77,4.64,5.78,1.14,0.01,6.36,10.89,5.48,452.62,5.01,6.07
653,5.37,4.94,0.43,5.37,4.39,4.13,0.26,0.00,6.22,12.49,7.21,627.33,4.36,4.18
654,6.47,6.98,0.51,6.98,5.63,5.94,0.31,0.01,5.81,9.50,4.57,369.46,5.77,6.25
655,5.78,5.97,0.20,5.97,4.78,5.13,0.34,0.00,7.46,12.97,6.63,551.34,4.66,5.26
656,6.07,7.15,1.08,7.15,5.09,6.08,0.99,0.02,6.08,10.03,4.86,394.99,5.42,6.39
657,5.25,6.59,1.33,6.59,4.38,5.46,1.08,0.03,7.48,12.16,5.80,468.26,4.49,5.79
658,6.65,5.81,0.83,6.65,5.50,4.94,0.55,0.00,7.12,11.83,5.78,471.27,5.76,4.87
659,5.13,7.09,1.96,7.09,4.36,5.93,1.57,0.04,5.31,9.93,5.41,461.81,4.34,6.12
660,6.91,7.32,0.42,7.32,5.86,6.19,0.33,0.23,7.00,9.17,3.21,216.47,6.22,6.84
661,6.81,5.55,1.26,6.81,5.83,4.74,1.09,0.02,6.24,10.78,5.47,453.76,6.22,4.83
662,4.98,7.22,2.25,7.22,4.25,6.00,1.75,0.01,7.28,12.35,6.16,506.54,4.56,6.20
663,5.00,5.30,0.31,5.30,4.17,4.45,0.27,0.00,7.21,13.32,7.18,610.25,4.54,4.48
664,5.16,6.04,0.88,6.04,4.48,5.13,0.65,0.00,6.55,12.11,6.54,555.69,4.56,5.36
665,5.27,7.14,1.87,7.14,4.47,6.13,1.67,0.02,8.26,12.60,5.58,433.93,4.59,6.42
666,6.03,5.27,0.76,6.03,5.18,4.47,0.70,0.00,7.21,12.98,6.85,576.92,5.21,4.42
667,5.27,5.19,0.08,5.27,4.32,4.59,0.27,0.00,5.82,12.15,7.20,632.38,4.31,4.58
668,5.22,4.71,0.51,5.22,4.40,3.98,0.42,0.00,7.71,14.35,7.80,664.61,4.29,4.01
669,5.40,5.53,0.13,5.53,4.46,4.58,0.13,0.00,8.22,14.27,7.28,604.95,4.50,4.63
670,4.93,5.28,0.35,5.28,4.08,4.36,0.28,0.00,6.92,13.67,7.79,675.01,4.06,4.49
671,5.50,5.35,0.15,5.50,4.50,4.51,0.02,0.01,6.81,12.43,6.64,561.96,4.54,4.72
672,6.51,5.64,0.87,6.51,5.55,4.85,0.70,0.01,6.45,11.19,5.70,473.49,6.19,4.73
673,5.07,5.36,0.29,5.36,4.23,4.62,0.39,0.02,7.37,13.01,6.74,563.60,4.33,4.65
674,4.54,6.97,2.43,6.97,3.86,5.93,2.07,0.14,9.50,13.97,5.89,446.56,4.22,6.29
675,4.97,4.80,0.17,4.97,4.26,3.96,0.30,0.00,7.46,13.86,7.52,639.87,4.44,4.00
676,6.71,6.90,0.19,6.90,5.74,5.87,0.13,0.05,6.11,9.64,4.45,353.61,6.14,6.34
677,5.15,5.26,0.11,5.26,4.38,4.44,0.05,0.00,10.30,16.00,7.25,570.49,4.62,4.48
678,6.72,6.28,0.45,6.72,5.72,5.34,0.38,0.02,8.20,12.24,5.28,404.56,6.10,5.43
679,6.87,6.77,0.10,6.87,5.83,5.59,0.24,0.06,6.24,9.07,3.76,282.78,6.34,6.04
680,5.52,6.90,1.38,6.90,4.52,5.87,1.35,0.03,7.19,11.73,5.62,453.88,4.59,6.25
681,6.14,5.31,0.83,6.14,5.14,4.42,0.72,0.00,6.69,11.69,6.00,500.04,5.56,4.58
682,5.42,6.97,1.56,6.97,4.74,5.84,1.10,0.03,7.09,11.14,5.11,404.26,4.99,6.25
683,6.96,5.26,1.70,6.96,5.97,4.28,1.69,0.02,7.05,12.54,6.55,549.46,6.23,4.19
684,5.72,4.83,0.89,5.72,4.94,4.06,0.88,0.00,7.23,12.88,6.73,565.04,5.04,4.16
685,6.10,5.18,0.92,6.10,5.07,4.34,0.73,0.00,7.95,13.51,6.75,555.80,5.15,4.44
686,5.50,5.21,0.30,5.50,4.57,4.30,0.26,0.00,6.31,12.60,7.24,629.64,4.44,4.44
687,5.03,7.04,2.01,7.04,4.22,5.99,1.78,0.00,5.50,10.87,6.19,536.58,4.20,6.25
688,6.81,6.49,0.32,6.81,5.88,5.49,0.39,0.06,7.27,11.08,4.90,381.44,6.18,5.79
689,5.11,5.63,0.53,5.63,4.24,4.69,0.45,0.00,5.96,12.12,7.05,615.36,4.25,4.66
690,6.63,5.09,1.54,6.63,5.47,4.17,1.30,0.00,10.33,16.00,7.22,567.47,5.74,4.35
691,6.95,5.06,1.89,6.95,5.74,4.26,1.48,0.02,6.62,11.73,6.10,510.33,6.03,4.27
692,5.45,5.40,0.05,5.45,4.60,4.45,0.14,0.00,7.63,13.67,7.19,604.52,4.68,4.62
693,5.59,7.14,1.55,7.14,4.63,6.05,1.42,0.03,6.98,11.70,5.76,471.56,4.51,6.35
694,5.33,6.73,1.40,6.73,4.50,5.66,1.16,0.02,7.01,11.59,5.63,458.08,4.52,6.29
695,4.96,6.73,1.77,6.73,4.26,5.69,1.43,0.02,7.14,12.06,5.99,491.91,4.44,6.11
696,5.26,5.79,0.53,5.79,4.37,4.84,0.46,0.00,9.08,14.85,7.13,577.05,4.40,4.83
697,4.94,6.34,1.40,6.34,4.20,5.17,0.97,0.00,7.69,13.28,6.74,558.65,4.22,5.25
698,5.37,5.58,0.21,5.58,4.46,4.76,0.30,0.01,7.74,13.18,6.60,543.35,4.48,4.84
699,5.06,6.82,1.76,6.82,4.24,5.88,1.64,0.01,7.48,12.67,6.31,519.02,4.08,5.85
700,5.25,7.48,2.22,7.48,4.31,6.32,2.01,0.09,6.82,11.08,5.28,426.13,4.35,6.74
701,6.96,5.90,1.06,6.96,5.82,4.97,0.84,0.01,6.81,11.16,5.37,434.49,6.04,5.09
702,5.76,7.09,1.33,7.09,4.84,6.05,1.20,0.04,7.44,11.44,5.12,400.26,4.94,6.41
703,5.68,5.56,0.12,5.68,4.68,4.70,0.02,0.00,6.79,12.07,6.30,527.86,4.69,4.98
704,5.62,6.02,0.40,6.02,4.70,5.08,0.38,0.00,5.76,11.04,6.14,527.52,4.74,5.09
705,5.93,6.62,0.69,6.62,4.97,5.76,0.79,0.03,6.99,11.16,5.22,417.08,5.10,5.95
706,6.03,5.63,0.40,6.03,4.98,4.62,0.37,0.00,5.94,11.44,6.40,550.53,5.14,4.71
707,5.42,5.64,0.22,5.64,4.70,4.67,0.03,0.00,8.02,13.60,6.79,558.92,4.83,4.77
708,5.69,7.22,1.52,7.22,4.63,6.23,1.61,0.00,4.17,8.73,5.19,456.88,4.76,6.51
709,6.46,7.12,0.66,7.12,5.65,5.99,0.34,0.06,5.84,9.24,4.28,340.38,6.00,6.50
710,5.46,5.33,0.13,5.46,4.69,4.40,0.29,0.01,6.65,13.11,7.46,646.02,4.87,4.33
711,5.59,4.78,0.81,5.59,4.59,4.05,0.54,0.00,8.12,14.18,7.28,606.28,4.78,3.97
712,5.12,5.66,0.54,5.66,4.20,4.82,0.62,0.00,8.48,14.36,7.15,587.55,4.36,4.89
713,7.06,7.20,0.14,7.20,5.95,6.14,0.19,0.10,6.21,9.50,4.22,328.77,6.38,6.30
714,5.60,5.40,0.20,5.60,4.50,4.55,0.05,0.00,7.18,12.82,6.71,563.56,4.63,4.73
715,7.22,5.56,1.66,7.22,5.77,4.57,1.20,0.05,6.77,11.24,5.49,447.32,6.32,4.66
716,5.58,5.23,0.34,5.58,4.71,4.52,0.18,0.00,6.54,12.32,6.77,578.50,4.58,4.67
717,6.77,5.09,1.69,6.77,5.75,4.21,1.55,0.01,5.86,10.83,5.85,497.02,6.07,4.38
718,6.64,6.70,0.06,6.70,5.63,5.78,0.14,0.06,8.44,12.12,4.95,368.21,5.96,5.87
719,5.42,5.38,0.04,5.42,4.70,4.37,0.33,0.00,7.21,12.90,6.78,569.48,4.89,4.49
720,6.36,5.23,1.13,6.36,5.45,4.48,0.96,0.03,7.08,11.58,5.56,450.01,5.99,4.53
721,5.15,5.46,0.31,5.46,4.23,4.37,0.14,0.00,6.61,12.99,7.37,637.43,4.33,4.60
722,7.15,5.98,1.18,7.15,6.10,5.03,1.07,0.04,7.84,12.24,5.57,439.55,6.35,5.12
723,6.76,4.93,1.83,6.76,5.83,4.24,1.59,0.04,5.54,10.98,6.27,543.88,6.24,4.07
724,5.59,7.02,1.42,7.02,4.68,6.01,1.33,0.03,6.74,11.37,5.64,463.04,4.81,6.32
725,5.09,4.98,0.11,5.09,4.18,4.15,0.03,0.00,7.22,13.85,7.71,662.79,4.10,4.11
726,6.91,6.59,0.32,6.91,5.86,5.48,0.38,0.00,8.61,12.46,5.15,385.49,5.96,6.02
727,5.20,6.96,1.76,6.96,4.16,6.00,1.84,0.04,5.31,9.60,5.08,428.62,4.28,6.28
728,5.25,6.69,1.44,6.69,4.31,5.65,1.34,0.01,6.42,11.39,5.93,496.37,4.27,6.07
729,5.12,5.27,0.15,5.27,4.22,4.56,0.34,0.01,7.28,12.72,6.53,543.61,4.32,4.72
730,5.36,5.60,0.24,5.60,4.60,4.68,0.08,0.00,7.37,13.50,7.24,613.42,4.60,4.51
731,5.18,5.73,0.55,5.73,4.38,4.70,0.31,0.00,9.45,15.24,7.21,579.28,4.42,4.80
732,5.61,5.51,0.10,5.61,4.76,4.52,0.24,0.00,7.41,12.84,6.54,542.77,4.88,4.63
733,5.17,5.46,0.29,5.46,4.34,4.64,0.30,0.00,6.90,13.13,7.26,622.77,4.23,4.72
734,5.41,5.35,0.06,5.41,4.60,4.35,0.25,0.00,7.93,13.93,7.19,600.04,4.63,4.63
735,5.78,5.36,0.42,5.78,5.09,4.38,0.71,0.00,6.27,11.96,6.64,569.83,5.18,4.36
736,5.15,4.77,0.37,5.15,4.24,4.07,0.17,0.00,6.35,12.82,7.42,647.10,4.32,4.04
737,5.56,5.08,0.48,5.56,4.77,4.21,0.56,0.00,9.04,15.21,7.53,617.20,4.88,4.27
738,4.89,5.46,0.57,5.46,4.09,4.55,0.46,0.00,7.08,13.97,7.95,689.32,4.09,4.50
739,5.97,7.15,1.18,7.15,5.11,5.99,0.88,0.00,5.46,9.25,4.61,378.77,5.35,6.74
740,7.09,5.10,1.99,7.09,6.10,4.31,1.78,0.08,8.50,13.05,5.83,455.24,6.28,4.46
741,6.49,6.43,0.06,6.49,5.43,5.59,0.17,0.01,6.45,10.14,4.66,369.19,5.96,6.09
742,6.00,6.72,0.72,6.72,5.02,5.71,0.69,0.01,6.55,11.28,5.71,473.07,4.96,5.78
743,6.93,5.20,1.73,6.93,5.65,4.33,1.32,0.10,7.17,11.78,5.68,460.66,6.34,4.53
744,7.13,7.33,0.20,7.33,5.94,6.28,0.33,0.19,5.70,8.38,3.53,267.74,6.69,6.39
745,6.96,5.74,1.23,6.96,6.06,4.84,1.22,0.03,6.79,11.30,5.53,451.41,6.35,4.79
746,5.22,6.05,0.83,6.05,4.32,5.18,0.86,0.00,7.90,13.05,6.33,514.25,4.46,5.65
747,5.43,5.83,0.40,5.83,4.57,4.84,0.27,0.00,6.52,12.43,6.89,591.13,4.65,4.66
748,5.23,5.69,0.46,5.69,4.37,4.66,0.29,0.00,6.83,12.80,7.00,597.21,4.35,4.68
749,5.20,6.05,0.84,6.05,4.36,5.19,0.84,0.00,6.37,12.39,6.98,602.31,4.38,5.22
750,5.90,4.87,1.02,5.90,4.98,3.89,1.09,0.00,7.23,13.64,7.49,640.67,4.82,4.09
751,6.83,6.89,0.06,6.89,5.74,5.75,0.01,0.05,6.59,9.66,4.06,306.88,6.29,6.19
752,4.90,5.45,0.54,5.45,4.26,4.50,0.25,0.00,8.57,14.99,7.70,641.42,4.27,4.62
753,5.27,6.28,1.01,6.28,4.29,5.28,0.99,0.00,7.41,12.62,6.32,521.29,4.52,5.51
754,5.73,6.07,0.33,6.07,4.91,5.17,0.26,0.00,5.91,10.39,5.36,447.53,5.04,5.40
755,7.46,6.22,1.24,7.46,6.16,5.45,0.71,0.11,5.87,8.90,3.91,303.33,6.64,5.78
756,5.26,5.49,0.23,5.49,4.42,4.68,0.26,0.00,6.21,12.45,7.17,624.20,4.51,4.65
757,5.34,6.96,1.62,6.96,4.39,5.76,1.37,0.02,8.56,13.32,6.05,476.91,4.51,6.25
758,5.30,5.56,0.26,5.56,4.52,4.71,0.19,0.00,7.67,13.42,6.90,575.36,4.63,4.69
759,6.94,7.05,0.11,7.05,5.78,6.01,0.23,0.18,5.92,9.02,3.99,310.67,6.08,6.12
760,6.52,5.75,0.77,6.52,5.60,4.72,0.88,0.01,7.42,12.00,5.69,458.19,5.77,4.80
761,5.24,5.11,0.14,5.24,4.22,4.32,0.11,0.00,6.99,13.48,7.54,649.49,4.39,4.22
762,5.37,6.85,1.48,6.85,4.51,5.85,1.35,0.00,7.88,12.77,6.07,488.62,4.66,6.34
763,6.03,5.26,0.77,6.03,5.12,4.40,0.73,0.02,6.40,11.68,6.24,528.22,5.45,4.30
764,5.55,4.88,0.66,5.55,4.67,4.00,0.66,0.00,8.02,14.50,7.68,647.66,4.76,4.08
765,6.76,6.12,0.65,6.76,5.82,5.02,0.80,0.04,6.89,11.03,5.17,413.83,6.26,5.20
766,6.92,4.80,2.11,6.92,5.88,3.98,1.90,0.05,7.56,12.59,6.16,502.61,6.17,4.23
767,7.41,5.49,1.92,7.41,6.27,4.55,1.72,0.04,5.42,9.42,4.82,400.46,6.49,4.55
768,7.31,5.87,1.44,7.31,6.05,4.83,1.22,0.03,6.95,10.95,5.04,399.42,6.68,4.74
769,7.40,5.45,1.95,7.40,6.38,4.51,1.87,0.13,7.44,11.66,5.34,422.08,6.65,4.62
770,5.14,5.47,0.33,5.47,4.15,4.72,0.57,0.00,8.62,14.84,7.51,621.42,4.13,4.81
771,5.34,5.25,0.09,5.34,4.48,4.42,0.06,0.00,7.48,13.24,6.88,575.78,4.57,4.65
772,6.10,5.22,0.88,6.10,5.19,4.26,0.93,0.01,7.46,12.33,5.99,486.76,5.34,4.54
773,7.03,4.79,2.24,7.03,5.90,4.06,1.84,0.02,5.56,10.33,5.61,477.47,6.17,4.14
774,7.01,5.24,1.77,7.01,6.00,4.32,1.68,0.06,6.19,10.74,5.48,454.80,6.20,4.42
775,5.67,6.78,1.11,6.78,4.74,5.78,1.04,0.06,6.74,10.93,5.19,418.27,4.86,6.33
776,5.27,6.69,1.42,6.69,4.34,5.73,1.38,0.04,7.09,12.37,6.34,527.56,4.37,6.18
777,5.42,6.38,0.96,6.38,4.61,5.52,0.90,0.00,6.30,10.82,5.47,452.17,4.62,5.92
778,5.41,7.28,1.87,7.28,4.46,5.91,1.45,0.02,5.13,10.06,5.70,493.00,4.55,6.20
779,6.38,5.83,0.55,6.38,5.44,5.00,0.45,0.00,6.26,11.40,6.08,513.93,5.39,5.15
780,5.62,5.49,0.13,5.62,4.67,4.66,0.01,0.00,8.64,14.41,7.07,576.94,4.80,4.69
781,5.48,6.83,1.35,6.83,4.69,5.85,1.16,0.02,5.60,10.20,5.44,460.19,4.53,6.07
782,6.24,5.56,0.67,6.24,5.23,4.80,0.43,0.00,7.98,13.14,6.36,516.16,5.35,4.63
783,5.67,5.25,0.42,5.67,4.86,4.29,0.57,0.01,7.06,12.63,6.63,557.09,5.25,4.36
784,5.79,5.75,0.04,5.79,4.84,4.76,0.08,0.00,7.94,12.99,6.25,505.48,4.93,4.73
785,5.13,5.01,0.11,5.13,4.30,4.33,0.03,0.00,6.77,12.80,7.04,602.70,4.35,4.37
786,5.43,5.30,0.13,5.43,4.59,4.43,0.16,0.00,5.64,11.21,6.42,557.11,4.71,4.58
787,5.15,5.37,0.21,5.37,4.22,4.49,0.27,0.00,6.88,13.09,7.24,620.99,4.23,4.76
788,5.14,7.25,2.11,7.25,4.22,6.08,1.85,0.05,6.19,11.23,5.96,503.44,4.39,6.19
789,7.38,6.72,0.65,7.38,6.29,5.75,0.54,0.09,7.52,10.53,4.14,300.71,6.49,6.31
790,7.60,5.97,1.63,7.60,6.51,5.05,1.45,0.00,8.13,12.33,5.42,420.25,6.87,5.16
791,5.41,5.23,0.18,5.41,4.32,4.38,0.06,0.00,8.05,14.08,7.24,603.13,4.70,4.53
792,5.20,5.27,0.07,5.27,4.27,4.53,0.26,0.00,7.44,13.45,7.12,600.89,4.26,4.73
793,5.61,5.14,0.47,5.61,4.83,4.28,0.56,0.00,8.96,14.35,6.73,538.61,5.21,4.58
794,7.11,5.00,2.10,7.11,5.97,4.22,1.75,0.02,6.35,11.27,5.87,491.49,6.16,4.43
795,6.78,5.38,1.41,6.78,5.78,4.55,1.23,0.01,9.50,14.35,6.28,485.21,6.08,4.51
796,5.39,5.43,0.05,5.43,4.57,4.58,0.01,0.00,6.20,12.21,6.94,600.68,4.67,4.68
797,5.38,5.86,0.48,5.86,4.54,4.93,0.39,0.00,8.50,13.90,6.67,539.59,4.68,5.08
798,5.51,6.84,1.34,6.84,4.71,5.84,1.13,0.05,6.79,11.19,5.42,440.42,4.76,6.15
799,7.06,5.36,1.70,7.06,6.05,4.40,1.65,0.02,6.42,11.15,5.70,473.30,6.44,4.31
800,6.32,6.86,0.54,6.86,5.39,5.86,0.47,0.02,5.48,9.98,5.33,450.50,5.30,5.97
801,5.16,6.96,1.80,6.96,4.23,6.02,1.79,0.01,7.04,11.84,5.85,479.52,4.20,6.23
802,7.23,5.59,1.64,7.23,5.96,4.72,1.25,0.03,6.58,11.03,5.44,445.18,6.62,4.48
803,6.84,6.18,0.66,6.84,5.89,5.25,0.64,0.02,8.46,12.57,5.38,411.27,6.23,5.52
804,5.21,5.26,0.05,5.26,4.37,4.27,0.11,0.00,6.35,12.05,6.65,569.44,4.46,4.55
805,4.76,5.91,1.15,5.91,3.96,5.13,1.17,0.00,8.28,14.00,6.96,572.02,3.90,5.56
806,5.09,6.47,1.38,6.47,4.58,5.39,0.81,0.00,7.92,12.80,6.07,487.87,4.58,5.41
807,5.29,5.69,0.40,5.69,4.42,4.58,0.16,0.01,6.94,12.76,6.86,581.51,4.45,4.76
808,5.20,6.64,1.44,6.64,4.50,5.54,1.05,0.00,6.58,11.90,6.31,532.32,4.51,6.01
809,6.85,4.95,1.90,6.85,5.81,4.20,1.61,0.07,4.94,9.71,5.52,477.61,6.46,4.18
810,4.92,6.94,2.02,6.94,4.16,5.94,1.78,0.08,6.46,11.53,6.04,507.35,3.89,5.94
811,6.95,5.17,1.78,6.95,6.02,4.21,1.81,0.06,8.50,12.87,5.65,437.56,6.29,4.46
812,7.13,5.73,1.40,7.13,6.00,4.86,1.14,0.00,8.12,12.45,5.55,432.84,6.25,4.99
813,4.76,6.91,2.15,6.91,4.01,5.79,1.78,0.04,5.49,11.04,6.38,555.53,3.93,6.10
814,6.86,5.21,1.65,6.86,5.95,4.38,1.57,0.07,6.31,10.48,5.11,416.83,6.31,4.56
815,5.46,5.10,0.35,5.46,4.46,4.26,0.20,0.00,8.37,14.58,7.46,620.18,4.46,4.50
816,6.25,5.36,0.89,6.25,5.37,4.36,1.01,0.01,6.30,11.58,6.23,528.33,5.40,4.45
817,7.10,4.99,2.12,7.10,6.14,4.22,1.92,0.07,6.46,10.87,5.38,441.32,6.40,4.45
818,5.54,5.40,0.14,5.54,4.68,4.44,0.24,0.00,6.73,12.41,6.68,567.12,4.86,4.35
819,6.04,6.75,0.71,6.75,5.12,5.79,0.67,0.00,7.21,11.56,5.43,435.11,5.34,6.10
820,4.65,7.07,2.42,7.07,3.88,6.17,2.30,0.03,5.85,10.81,5.84,496.09,4.19,6.58
821,6.21,4.70,1.51,6.21,5.20,3.91,1.29,0.01,6.67,12.41,6.75,574.63,5.52,3.85
822,6.80,5.42,1.38,6.80,5.92,4.45,1.47,0.02,5.51,10.00,5.32,448.83,6.37,4.44
823,5.10,5.16,0.06,5.16,4.33,4.21,0.11,0.00,7.58,14.47,8.02,688.50,4.22,4.27
824,6.75,5.94,0.81,6.75,5.82,5.09,0.73,0.05,6.92,10.80,4.92,388.04,6.23,5.32
825,6.94,7.31,0.37,7.31,6.04,6.23,0.20,0.07,5.97,8.91,3.84,294.60,6.40,6.46
826,7.15,5.15,2.01,7.15,5.91,4.23,1.68,0.03,10.58,15.47,6.48,488.91,6.23,4.38
827,5.79,7.16,1.38,7.16,4.99,6.20,1.21,0.05,7.47,11.51,5.16,404.19,5.11,6.47
828,7.16,6.52,0.64,7.16,6.30,5.46,0.85,0.02,9.00,12.63,4.98,362.83,6.43,6.10
829,5.77,5.37,0.40,5.77,4.83,4.49,0.34,0.00,9.18,14.66,6.85,547.61,4.74,4.57
830,5.53,6.49,0.96,6.49,4.36,5.67,1.31,0.03,7.99,13.02,6.23,502.61,4.50,5.93
831,5.67,5.92,0.25,5.92,4.77,4.82,0.04,0.00,6.27,12.42,7.09,614.84,4.72,4.70
832,6.66,5.71,0.94,6.66,5.68,4.92,0.76,0.00,5.40,9.67,5.07,426.15,6.04,4.98
833,4.76,5.55,0.78,5.55,4.08,4.84,0.76,0.00,7.57,13.70,7.27,613.42,4.18,5.02
834,6.89,5.35,1.54,6.89,5.87,4.48,1.38,0.12,8.09,12.24,5.37,415.29,6.34,4.60
835,6.42,5.58,0.84,6.42,5.58,4.53,1.05,0.02,7.91,12.77,6.05,486.48,5.93,4.63
836,6.35,6.61,0.27,6.61,5.49,5.66,0.17,0.01,7.14,11.37,5.30,422.81,5.46,6.13
837,5.63,6.20,0.57,6.20,4.70,5.41,0.71,0.00,6.58,11.84,6.25,526.24,4.68,5.40
838,7.21,5.60,1.61,7.21,6.07,4.75,1.33,0.04,8.17,12.39,5.44,421.27,6.36,4.80
839,5.23,5.14,0.09,5.23,4.40,4.14,0.27,0.00,8.80,15.68,8.19,687.20,4.64,4.17
840,5.58,5.37,0.22,5.58,4.62,4.48,0.14,0.00,6.10,11.95,6.77,585.43,4.77,4.65
841,5.61,7.11,1.50,7.11,4.83,6.05,1.22,0.06,7.37,11.44,5.17,406.55,4.83,6.36
842,4.79,5.66,0.87,5.66,3.98,4.82,0.84,0.00,6.31,12.14,6.78,583.23,4.05,4.91
843,4.92,6.96,2.04,6.96,4.10,5.74,1.65,0.02,5.87,11.19,6.20,532.43,4.18,6.21
844,6.00,5.10,0.90,6.00,4.96,4.26,0.71,0.00,5.97,12.41,7.33,643.65,4.92,4.27
845,5.39,4.61,0.78,5.39,4.65,3.92,0.73,0.00,7.88,14.92,8.22,703.63,4.60,4.06
846,5.88,4.82,1.06,5.88,5.04,3.92,1.12,0.02,7.79,13.43,6.82,564.73,5.39,4.24
847,4.84,5.63,0.79,5.63,4.12,4.78,0.67,0.00,6.48,12.41,6.90,593.24,4.18,5.10
848,7.15,6.80,0.35,7.15,6.10,5.75,0.34,0.03,6.54,10.10,4.54,356.31,6.48,6.12
849,7.01,5.34,1.67,7.01,5.99,4.53,1.46,0.05,6.10,10.14,4.95,403.88,6.60,4.72
850,5.39,5.96,0.56,5.96,4.57,5.05,0.48,0.00,6.18,11.49,6.23,530.76,4.52,5.37
851,5.22,6.58,1.36,6.58,4.31,5.72,1.41,0.10,5.94,10.28,5.23,434.18,4.33,6.22
852,5.25,5.15,0.10,5.25,4.51,4.33,0.18,0.00,8.71,15.09,7.69,638.27,4.43,4.38
853,5.71,5.27,0.44,5.71,4.69,4.32,0.37,0.00,8.88,14.58,7.02,569.11,4.91,4.32
854,5.32,5.17,0.15,5.32,4.59,4.36,0.23,0.00,5.62,11.67,6.89,604.51,4.49,4.62
855,6.69,6.62,0.07,6.69,5.76,5.66,0.10,0.03,6.86,10.59,4.76,372.93,6.36,5.85
856,5.41,6.69,1.28,6.69,4.43,5.70,1.27,0.01,7.12,12.06,6.01,494.33,4.48,5.90
857,5.12,5.80,0.68,5.80,4.37,5.06,0.69,0.00,5.07,10.96,6.65,588.55,4.41,4.96
858,5.00,5.63,0.63,5.63,4.21,4.62,0.41,0.00,8.86,14.92,7.39,605.69,4.23,4.83
859,4.94,6.52,1.59,6.52,4.12,5.48,1.36,0.00,7.88,13.30,6.60,541.66,4.50,5.62
860,5.91,5.35,0.56,5.91,5.09,4.50,0.58,0.01,5.31,10.42,5.91,511.17,5.33,4.73
861,5.30,7.16,1.85,7.16,4.38,6.04,1.66,0.02,6.30,11.00,5.65,470.15,4.66,6.21
862,5.36,5.48,0.12,5.48,4.57,4.66,0.09,0.00,5.40,10.85,6.26,544.78,4.58,4.98
863,5.29,5.26,0.03,5.29,4.32,4.43,0.10,0.00,6.58,12.88,7.29,630.17,4.63,4.34
864,5.43,5.14,0.29,5.43,4.68,4.23,0.45,0.00,6.88,13.24,7.39,635.70,4.68,4.21
865,5.25,5.45,0.19,5.45,4.43,4.46,0.03,0.00,7.62,13.99,7.52,637.55,4.55,4.56
866,5.54,7.37,1.84,7.37,4.51,6.36,1.86,0.15,7.42,11.63,5.33,421.41,4.52,6.68
867,4.94,4.90,0.04,4.94,3.93,4.06,0.12,0.00,5.89,12.96,7.95,706.61,3.95,4.25
868,6.78,6.94,0.16,6.94,5.82,5.78,0.04,0.07,6.81,10.11,4.31,329.28,6.12,6.10
869,6.75,5.38,1.37,6.75,5.87,4.51,1.36,0.01,6.83,11.79,5.98,495.88,6.26,4.56
870,5.65,6.99,1.34,6.99,4.83,5.91,1.08,0.02,8.19,12.71,5.74,451.22,4.72,6.00
871,5.11,5.64,0.54,5.64,4.34,4.81,0.47,0.00,5.69,11.44,6.60,574.51,4.40,4.78
872,5.46,6.61,1.15,6.61,4.43,5.58,1.15,0.02,7.97,13.04,6.26,506.86,4.47,6.04
873,5.45,5.26,0.19,5.45,4.44,4.36,0.09,0.00,7.73,13.26,6.69,552.96,4.50,4.44
874,5.56,4.72,0.84,5.56,4.43,3.90,0.54,0.00,9.44,16.00,7.98,656.11,4.50,3.99
875,6.86,6.44,0.42,6.86,5.97,5.38,0.59,0.05,8.67,12.29,4.92,362.38,6.37,5.72
876,5.99,5.35,0.65,5.99,4.99,4.50,0.49,0.00,6.46,12.14,6.65,568.00,5.13,4.46
877,6.98,7.01,0.03,7.01,5.83,5.99,0.16,0.15,6.81,9.65,3.86,284.38,6.43,6.15
878,5.30,5.19,0.10,5.30,4.35,4.35,0.00,0.00,5.66,12.52,7.71,686.26,4.49,4.60
879,6.44,7.45,1.01,7.45,5.57,6.26,0.69,0.13,8.83,12.05,4.55,322.38,5.83,6.39
880,6.88,6.30,0.58,6.88,5.94,5.21,0.73,0.04,5.89,9.68,4.67,379.13,6.26,5.45
881,5.96,5.30,0.67,5.96,5.01,4.29,0.72,0.00,6.31,11.39,6.03,508.06,5.36,4.34
882,5.26,5.84,0.58,5.84,4.57,4.80,0.23,0.00,7.28,12.87,6.68,559.23,4.64,4.66
883,5.45,5.19,0.26,5.45,4.45,4.15,0.30,0.00,8.43,14.99,7.82,655.78,4.42,4.29
884,5.20,5.00,0.20,5.20,4.12,4.23,0.11,0.00,7.61,14.83,8.35,721.13,4.21,4.31
885,6.19,5.01,1.18,6.19,5.30,4.20,1.10,0.01,7.38,12.76,6.49,537.98,5.39,4.36
886,6.29,5.47,0.82,6.29,5.35,4.52,0.82,0.02,7.58,12.82,6.38,523.79,5.38,4.60
887,5.88,6.92,1.04,6.92,4.91,5.98,1.07,0.01,5.80,10.07,5.15,427.87,5.09,6.47
888,6.73,6.89,0.16,6.89,5.74,5.82,0.08,0.05,6.92,10.22,4.34,330.69,6.29,6.29
889,5.37,4.99,0.37,5.37,4.71,4.13,0.59,0.01,7.68,13.21,6.68,552.38,4.80,4.33
890,5.48,6.86,1.38,6.86,4.65,5.93,1.28,0.02,7.77,12.48,5.87,470.60,4.67,6.33
891,5.44,5.60,0.16,5.60,4.37,4.78,0.41,0.00,8.60,14.33,7.02,573.26,4.36,5.18
892,6.37,5.68,0.68,6.37,5.28,4.60,0.68,0.00,8.37,13.62,6.51,525.33,5.50,4.81
893,5.01,6.91,1.90,6.91,4.15,5.74,1.58,0.08,6.93,11.28,5.39,435.14,4.43,6.15
894,5.25,5.29,0.04,5.29,4.34,4.47,0.13,0.00,5.98,11.96,6.87,597.78,4.33,4.57
895,5.34,6.85,1.51,6.85,4.41,5.84,1.43,0.00,4.84,9.63,5.51,478.13,4.31,6.16
896,6.64,5.14,1.50,6.64,5.57,4.38,1.19,0.04,7.72,11.85,5.28,412.55,6.18,4.53
897,6.22,6.65,0.43,6.65,5.34,5.81,0.46,0.02,6.72,10.98,5.27,426.11,5.63,5.83
898,6.88,6.90,0.02,6.90,5.85,5.83,0.02,0.02,8.63,12.26,4.93,363.41,5.92,6.08
899,5.15,5.43,0.28,5.43,4.45,4.49,0.04,0.00,6.11,12.05,6.86,593.97,4.45,4.48
900,6.60,6.88,0.29,6.88,5.73,5.81,0.08,0.04,6.72,10.28,4.57,355.79,5.77,6.01
901,5.26,5.22,0.05,5.26,4.24,4.35,0.11,0.00,6.27,12.48,7.15,620.58,4.50,4.51
902,5.26,5.46,0.20,5.46,4.34,4.62,0.28,0.00,6.45,12.52,7.03,606.37,4.37,4.70
903,6.64,5.78,0.87,6.64,5.69,4.92,0.77,0.02,6.31,10.74,5.38,443.73,5.99,4.90
904,6.65,7.45,0.80,7.45,5.60,6.10,0.50,0.17,9.03,12.16,4.49,313.15,6.13,6.59
905,6.60,6.82,0.22,6.82,5.70,5.74,0.05,0.05,8.71,12.71,5.31,399.98,6.00,6.16
906,6.86,6.01,0.85,6.86,5.75,5.15,0.60,0.03,8.61,12.58,5.26,396.77,6.32,5.26
907,6.24,5.05,1.20,6.24,5.32,4.21,1.10,0.00,5.51,10.94,6.26,543.42,5.43,4.21
908,5.24,6.63,1.39,6.63,4.27,5.64,1.37,0.00,5.03,10.07,5.80,504.71,4.39,5.88
909,7.10,5.23,1.87,7.10,5.99,4.25,1.74,0.09,7.71,12.11,5.56,440.15,6.62,4.42
910,5.55,6.92,1.38,6.92,4.45,5.83,1.38,0.01,6.83,11.66,5.85,482.36,4.60,6.30
911,6.85,5.92,0.93,6.85,5.66,5.16,0.50,0.05,6.40,10.60,5.16,420.08,6.09,5.32
912,5.61,6.08,0.47,6.08,4.92,5.33,0.41,0.00,8.42,13.61,6.46,519.38,4.96,5.44
913,5.38,7.11,1.73,7.11,4.55,6.00,1.44,0.05,4.92,9.81,5.63,489.05,4.40,6.36
914,5.26,5.78,0.52,5.78,4.32,4.81,0.49,0.00,8.50,14.95,7.72,644.87,4.30,4.80
915,5.12,5.96,0.83,5.96,4.32,4.98,0.66,0.01,6.22,11.37,6.09,515.51,4.64,4.96
916,5.00,5.26,0.26,5.26,4.23,4.47,0.24,0.00,7.92,13.88,7.15,595.82,4.39,4.63
917,5.32,5.83,0.50,5.83,4.44,4.88,0.44,0.01,9.20,14.71,6.90,551.63,4.44,5.19
918,4.90,5.40,0.50,5.40,4.03,4.48,0.46,0.00,6.06,11.92,6.77,586.08,3.96,4.58
919,7.15,5.42,1.73,7.15,6.15,4.56,1.59,0.05,7.01,11.70,5.74,469.38,6.31,4.49
920,5.51,4.90,0.61,5.51,4.62,4.21,0.41,0.00,6.33,12.52,7.14,618.86,4.59,4.22
921,6.60,6.78,0.18,6.78,5.77,6.01,0.23,0.07,7.24,10.42,4.27,318.44,5.98,6.03
922,4.95,5.26,0.31,5.26,4.31,4.49,0.18,0.00,7.53,14.34,7.94,680.85,4.43,4.48
923,5.31,7.04,1.73,7.04,4.49,6.06,1.57,0.04,6.49,10.68,5.17,419.60,4.59,6.40
924,6.60,5.80,0.80,6.60,5.68,5.08,0.61,0.05,7.61,11.80,5.33,418.88,6.06,5.21
925,5.45,6.72,1.27,6.72,4.38,5.78,1.40,0.02,7.00,11.99,6.04,499.53,4.33,6.12
926,5.45,6.88,1.43,6.88,4.59,5.92,1.33,0.02,6.00,10.76,5.65,475.22,4.86,6.06
927,5.84,7.12,1.29,7.12,4.85,6.08,1.23,0.04,7.85,11.89,5.22,404.40,5.00,6.50
928,6.68,5.46,1.22,6.68,5.78,4.62,1.16,0.00,6.29,10.89,5.55,460.31,6.35,4.59
929,5.48,5.07,0.42,5.48,4.54,4.14,0.40,0.00,6.53,13.32,7.77,679.01,4.38,4.17
930,5.81,6.99,1.17,6.99,5.03,5.98,0.96,0.06,7.98,11.44,4.66,346.03,5.14,6.63
931,5.40,5.76,0.36,5.76,4.48,4.92,0.45,0.00,6.30,11.68,6.32,537.42,4.34,5.16
932,4.79,6.50,1.71,6.50,3.94,5.58,1.64,0.00,6.37,11.63,6.22,526.12,4.18,6.13
933,5.59,5.68,0.09,5.68,4.70,4.80,0.11,0.01,10.04,15.17,6.63,512.81,4.81,5.06
934,6.84,6.37,0.47,6.84,5.83,5.52,0.30,0.00,7.25,11.12,4.96,386.90,6.04,5.91
935,7.02,5.18,1.85,7.02,5.93,4.34,1.60,0.09,7.85,12.87,6.20,502.20,6.20,4.35
936,5.08,5.60,0.52,5.60,4.36,4.56,0.20,0.00,8.09,13.53,6.66,544.78,4.60,4.69
937,6.10,6.81,0.71,6.81,5.16,5.78,0.62,0.11,6.70,10.34,4.64,363.94,5.50,6.31
938,5.69,5.34,0.35,5.69,4.76,4.43,0.33,0.00,8.06,13.90,7.05,584.49,4.61,4.39
939,5.18,6.69,1.51,6.69,4.48,5.50,1.02,0.00,7.43,12.66,6.34,522.75,4.53,6.20
940,5.70,6.84,1.15,6.84,4.60,5.66,1.06,0.01,6.85,11.50,5.67,464.60,4.71,6.17
941,5.31,5.06,0.24,5.31,4.45,4.22,0.23,0.00,8.09,13.98,7.10,589.07,4.68,4.39
942,7.20,5.31,1.89,7.20,6.25,4.52,1.72,0.03,6.06,11.04,5.89,498.38,6.42,4.47
943,5.84,6.89,1.04,6.89,4.79,5.95,1.16,0.07,9.33,14.02,6.09,468.84,4.89,6.22
944,5.46,5.64,0.18,5.64,4.54,4.78,0.24,0.00,7.59,12.88,6.43,528.99,4.72,4.81
945,5.18,6.88,1.71,6.88,4.28,5.74,1.46,0.01,5.71,11.26,6.41,555.34,4.26,6.10
946,7.10,5.27,1.83,7.10,6.10,4.37,1.73,0.04,6.26,10.51,5.19,425.04,6.29,4.61
947,5.43,5.62,0.19,5.62,4.59,4.60,0.01,0.00,9.08,15.20,7.48,611.70,4.63,4.57
948,5.70,6.67,0.97,6.67,4.57,5.73,1.15,0.04,6.29,10.82,5.47,453.02,4.80,6.08
949,6.44,5.15,1.29,6.44,5.41,4.53,0.87,0.01,8.63,13.56,6.22,492.60,5.55,4.50
950,5.41,6.94,1.53,6.94,4.49,5.82,1.33,0.04,6.45,11.23,5.74,477.63,4.56,6.22
951,4.95,5.60,0.65,5.60,4.10,4.65,0.54,0.00,6.25,12.73,7.42,648.11,4.22,4.76
952,6.94,7.25,0.31,7.25,6.05,6.02,0.03,0.05,7.45,11.03,4.69,357.28,6.37,6.10
953,5.33,5.42,0.09,5.42,4.37,4.58,0.21,0.00,5.67,10.91,6.09,523.80,4.49,4.73
954,6.72,5.03,1.69,6.72,5.69,4.05,1.64,0.00,8.26,13.25,6.23,499.10,5.95,4.17
955,5.95,5.24,0.71,5.95,4.87,4.29,0.58,0.01,6.93,12.64,6.75,571.21,5.12,4.22
956,5.09,5.92,0.83,5.92,4.23,4.84,0.61,0.00,6.06,12.25,7.09,618.56,4.35,4.68
957,5.20,5.00,0.20,5.20,4.36,4.20,0.16,0.00,6.12,13.02,7.82,690.40,4.32,4.18
958,5.32,6.49,1.16,6.49,4.53,5.51,0.99,0.00,7.03,12.54,6.56,550.15,4.42,5.80
959,5.26,5.76,0.50,5.76,4.39,4.65,0.26,0.00,6.57,12.61,7.02,603.69,4.40,4.85
960,6.21,4.99,1.23,6.21,5.19,4.05,1.13,0.00,8.17,14.15,7.20,597.75,5.37,4.16
961,6.24,6.68,0.44,6.68,5.24,5.72,0.48,0.03,8.20,12.38,5.42,418.63,5.37,5.66
962,5.85,6.59,0.74,6.59,4.78,5.75,0.97,0.00,7.70,12.76,6.21,505.39,4.92,5.72
963,5.44,5.61,0.17,5.61,4.62,4.73,0.11,0.00,8.33,14.33,7.25,599.92,4.65,4.82
964,6.28,5.28,1.00,6.28,5.40,4.37,1.03,0.00,7.00,12.27,6.32,527.14,5.59,4.42
965,7.25,6.32,0.93,7.25,6.10,5.32,0.78,0.09,5.58,9.37,4.62,378.70,6.42,5.44
966,5.57,5.54,0.03,5.57,4.66,4.66,0.00,0.00,9.58,15.50,7.36,592.47,4.81,4.91
967,5.34,5.15,0.19,5.34,4.50,4.10,0.40,0.00,7.39,13.34,7.06,595.29,4.72,4.30
968,5.50,5.67,0.17,5.67,4.73,4.89,0.16,0.00,10.20,15.79,7.11,558.21,4.63,4.91
969,6.87,5.85,1.02,6.87,5.83,4.84,0.99,0.00,5.47,10.05,5.41,458.66,5.96,4.88
970,6.73,6.67,0.06,6.73,5.74,5.71,0.04,0.05,5.67,9.24,4.42,357.26,6.03,5.97
971,5.84,5.29,0.55,5.84,5.10,4.50,0.59,0.00,7.15,12.57,6.50,542.86,5.09,4.52
972,5.56,5.67,0.12,5.67,4.65,4.49,0.16,0.00,6.74,12.55,6.82,581.33,4.68,4.49
973,5.83,5.22,0.60,5.83,4.94,4.24,0.69,0.00,6.50,12.18,6.65,567.35,4.96,4.52
974,7.00,5.53,1.48,7.00,5.85,4.56,1.29,0.02,7.08,11.45,5.43,436.85,6.19,4.84
975,6.71,7.07,0.37,7.07,5.79,5.98,0.19,0.14,7.74,10.74,4.15,299.21,6.22,6.34
976,5.27,5.77,0.50,5.77,4.41,4.83,0.41,0.00,6.61,12.15,6.53,553.40,4.72,4.89
977,6.72,6.56,0.16,6.72,5.51,5.66,0.14,0.06,7.74,11.43,4.85,369.27,6.10,5.85
978,5.45,4.93,0.52,5.45,4.64,3.96,0.69,0.00,7.93,13.61,6.87,568.13,4.81,4.06
979,5.17,5.17,0.00,5.17,4.15,4.26,0.11,0.00,7.54,13.85,7.44,630.45,4.32,4.58
980,7.12,6.62,0.50,7.12,6.05,5.54,0.51,0.01,7.80,11.33,4.70,353.25,6.43,5.87
981,5.06,4.89,0.17,5.06,4.33,4.11,0.22,0.00,6.21,13.01,7.74,680.40,4.40,4.18
982,5.04,6.92,1.88,6.92,4.48,5.81,1.32,0.02,6.58,11.58,5.99,500.39,4.45,6.22
983,5.41,5.56,0.15,5.56,4.73,4.72,0.01,0.00,7.62,13.74,7.26,612.13,4.67,4.77
984,6.89,5.43,1.46,6.89,5.89,4.47,1.42,0.00,6.50,11.21,5.68,470.91,6.26,4.51
985,6.03,5.45,0.58,6.03,4.91,4.64,0.27,0.00,6.52,12.28,6.74,576.00,5.10,4.61
986,7.14,5.72,1.42,7.14,5.98,4.65,1.32,0.01,6.22,10.22,4.93,400.16,6.52,4.88
987,5.39,6.51,1.12,6.51,4.40,5.70,1.30,0.01,6.08,11.09,5.93,501.35,4.44,5.93
988,6.46,6.86,0.40,6.86,5.42,5.98,0.56,0.16,6.38,9.50,4.08,312.01,5.68,6.12
989,5.51,5.93,0.42,5.93,4.63,5.15,0.51,0.01,6.78,11.69,5.93,491.79,4.76,5.34
990,7.39,5.21,2.19,7.39,6.03,4.42,1.62,0.10,8.11,12.38,5.49,427.61,6.26,4.56
991,6.11,6.22,0.11,6.22,5.20,5.28,0.08,0.01,8.37,12.87,5.76,450.32,5.47,5.60
992,6.29,5.32,0.97,6.29,5.22,4.60,0.63,0.00,6.73,12.06,6.34,533.02,5.62,4.58
993,5.20,5.86,0.66,5.86,4.38,5.04,0.66,0.00,7.98,13.16,6.37,517.66,4.47,5.23
994,5.78,5.93,0.15,5.93,4.81,4.98,0.17,0.00,9.28,14.61,6.72,533.04,5.02,4.79
995,5.10,6.28,1.18,6.28,4.17,5.40,1.23,0.01,6.48,11.25,5.73,476.19,4.18,5.90
996,5.36,5.00,0.36,5.36,4.59,4.20,0.39,0.00,8.31,14.37,7.31,606.05,4.80,4.16
997,5.55,6.82,1.27,6.82,4.57,5.92,1.35,0.02,9.42,14.27,6.26,484.85,4.54,6.05
998,7.19,5.84,1.35,7.19,6.02,4.98,1.05,0.01,7.73,11.97,5.40,423.84,6.37,5.13
999,5.18,5.27,0.10,5.27,4.33,4.41,0.08,0.00,6.74,12.54,6.81,580.32,4.48,4.68
