,VaR0,VaR1,$|VaR_2 - VaR_1|$,Max VaR,NetLoss0,NetLoss1,$|L_2 - L_1|$,$P(L > Q(0.6))$,Required Capital,Payout CVaR,Average Cost,Payout Cost,a_1,a_2,b_1,b_2
0,28.91,29.27,0.36,29.27,25.27,24.73,0.54,0.07,54.72,84.48,37.97,2976.63,0.79,0.82,-22.08,-23.79
1,26.63,24.66,1.96,26.63,23.09,21.95,1.14,0.03,54.15,93.47,47.44,3932.12,0.85,0.83,-22.08,-19.54
2,26.20,28.54,2.34,28.54,24.72,26.01,1.28,0.14,58.30,90.00,40.45,3170.25,0.83,0.86,-21.27,-23.97
3,27.97,26.49,1.48,27.97,24.56,23.85,0.71,0.05,55.93,90.00,42.46,3407.23,0.87,0.84,-23.54,-20.64
4,26.62,26.98,0.35,26.98,24.35,24.16,0.19,0.03,53.97,81.09,35.22,2712.73,0.85,0.87,-22.80,-23.82
5,25.60,27.30,1.69,27.30,24.05,25.41,1.37,0.07,56.03,90.00,42.37,3396.61,0.85,0.89,-21.08,-24.40
6,28.26,25.92,2.34,28.26,24.47,24.02,0.45,0.06,60.53,90.00,38.55,2946.88,0.81,0.80,-22.49,-20.69
7,29.30,27.79,1.51,29.30,23.56,24.33,0.77,0.09,56.83,81.44,33.13,2460.86,0.84,0.86,-25.31,-24.87
8,28.57,30.17,1.60,30.17,25.35,26.98,1.63,0.15,62.24,90.00,37.09,2775.57,0.85,0.87,-24.98,-26.53
9,27.35,26.99,0.36,27.35,24.91,25.09,0.18,0.03,55.28,87.32,40.34,3204.52,0.82,0.83,-21.02,-21.45
10,28.62,26.56,2.06,28.62,26.05,24.20,1.86,0.05,53.73,90.00,44.33,3626.52,0.86,0.80,-24.92,-19.80
11,29.86,27.70,2.15,29.86,24.58,23.69,0.89,0.03,59.15,90.00,39.72,3085.28,0.81,0.84,-23.19,-23.05
12,24.32,22.91,1.42,24.32,22.26,22.82,0.56,0.05,52.95,90.00,45.00,3705.36,0.86,0.85,-20.35,-19.30
13,27.04,29.21,2.17,29.21,23.06,25.72,2.66,0.02,56.28,90.00,42.16,3372.02,0.84,0.88,-21.38,-25.91
14,27.45,25.24,2.21,27.45,25.27,23.57,1.70,0.04,52.78,90.00,45.13,3721.58,0.91,0.85,-24.22,-20.01
15,24.30,26.00,1.71,26.00,21.71,23.11,1.41,0.14,60.95,90.00,38.19,2904.71,0.85,0.88,-20.88,-23.37
16,31.69,27.60,4.08,31.69,25.82,23.86,1.96,0.06,58.63,89.95,40.11,3131.84,0.87,0.82,-27.85,-21.87
17,29.95,26.08,3.87,29.95,26.74,25.20,1.53,0.05,56.27,90.00,42.17,3372.87,0.89,0.89,-23.27,-22.00
18,23.88,25.29,1.41,25.29,22.55,23.00,0.44,0.09,61.81,90.00,37.46,2818.54,0.84,0.86,-20.50,-22.74
19,28.74,28.14,0.60,28.74,24.71,24.54,0.16,0.02,46.27,78.29,38.95,3201.17,0.80,0.86,-20.81,-23.56
20,27.25,26.83,0.42,27.25,24.58,23.17,1.41,0.06,60.02,90.00,38.98,2998.09,0.84,0.86,-22.88,-23.57
21,26.76,27.18,0.41,27.18,23.98,24.54,0.56,0.09,57.69,90.00,40.97,3231.19,0.84,0.84,-22.66,-22.24
22,26.03,28.31,2.28,28.31,23.04,24.63,1.59,0.03,53.79,90.00,44.28,3620.83,0.83,0.86,-19.51,-23.91
23,26.21,24.73,1.48,26.21,24.01,23.33,0.68,0.04,58.91,90.00,39.92,3108.70,0.88,0.86,-23.02,-20.74
24,25.96,26.38,0.42,26.38,22.76,23.82,1.06,0.02,53.77,90.00,44.30,3623.47,0.86,0.85,-20.95,-20.45
25,30.43,28.24,2.19,30.43,24.63,24.17,0.46,0.03,57.08,90.00,41.48,3291.74,0.86,0.85,-25.76,-23.62
26,28.74,29.86,1.12,29.86,26.34,26.54,0.19,0.07,55.09,90.00,43.18,3491.22,0.83,0.83,-23.23,-24.18
27,26.89,26.79,0.11,26.89,23.28,23.86,0.58,0.04,58.61,90.00,40.18,3138.77,0.81,0.84,-20.39,-22.65
28,30.42,28.92,1.50,30.42,25.97,25.91,0.06,0.04,54.36,90.00,43.79,3564.12,0.82,0.79,-23.99,-21.63
29,30.41,29.48,0.93,30.41,27.69,25.98,1.71,0.11,57.61,90.00,41.03,3238.56,0.84,0.84,-25.41,-23.95
30,28.82,28.88,0.06,28.88,24.74,25.17,0.43,0.07,53.89,85.79,39.98,3189.69,0.85,0.84,-24.38,-23.81
31,26.90,26.84,0.06,26.90,23.14,23.70,0.55,0.06,56.83,82.07,33.77,2524.20,0.86,0.83,-23.53,-21.82
32,26.85,28.09,1.24,28.09,23.59,24.64,1.05,0.09,59.52,87.01,36.42,2749.23,0.85,0.85,-23.46,-24.00
33,29.60,28.50,1.10,29.60,26.20,26.27,0.07,0.05,56.06,90.00,42.35,3394.09,0.87,0.84,-25.37,-23.14
34,23.82,24.56,0.74,24.56,22.18,21.35,0.83,0.05,49.12,91.10,49.35,4197.94,0.83,0.86,-18.68,-20.01
35,26.59,26.21,0.38,26.59,23.40,23.42,0.01,0.06,61.84,90.00,37.44,2815.90,0.84,0.81,-22.33,-20.09
36,31.59,29.49,2.09,31.59,25.59,24.34,1.25,0.02,56.20,93.25,45.48,3704.89,0.82,0.79,-24.85,-21.91
37,27.85,26.25,1.60,27.85,24.49,25.10,0.61,0.07,62.81,90.00,36.62,2719.46,0.89,0.84,-25.43,-21.84
38,24.36,27.32,2.96,27.32,22.03,24.12,2.09,0.05,50.31,81.70,38.94,3139.01,0.83,0.82,-19.72,-21.56
39,26.09,26.53,0.45,26.53,24.53,23.72,0.82,0.04,56.87,90.00,41.66,3313.29,0.84,0.86,-21.33,-22.84
40,23.86,24.91,1.05,24.91,21.78,22.98,1.21,0.05,56.29,90.00,42.15,3371.15,0.85,0.87,-19.21,-21.77
41,27.20,26.34,0.86,27.20,24.45,23.79,0.66,0.08,56.07,90.00,42.34,3392.95,0.86,0.87,-23.53,-23.02
42,28.43,26.79,1.64,28.43,25.45,22.73,2.73,0.10,56.19,94.53,46.78,3834.76,0.86,0.82,-24.88,-20.93
43,26.50,26.47,0.03,26.50,23.48,23.68,0.20,0.01,50.77,81.72,38.57,3095.12,0.90,0.88,-24.39,-23.47
44,30.17,30.23,0.06,30.23,25.58,25.15,0.42,0.02,55.47,88.93,41.79,3346.82,0.82,0.82,-24.09,-23.95
45,28.70,26.34,2.36,28.70,26.84,24.85,1.98,0.07,53.55,90.00,44.48,3644.65,0.87,0.78,-24.91,-17.95
46,26.05,26.90,0.85,26.90,24.43,24.33,0.10,0.07,56.09,90.00,42.32,3390.78,0.86,0.86,-22.41,-22.77
47,26.04,25.70,0.35,26.04,23.77,24.43,0.66,0.05,57.34,90.00,41.26,3266.42,0.80,0.85,-20.15,-22.00
48,27.11,25.93,1.17,27.11,23.43,22.63,0.81,0.04,61.66,90.00,37.59,2834.02,0.88,0.84,-24.48,-21.45
49,25.21,27.41,2.20,27.41,22.55,22.99,0.44,0.02,57.59,90.00,41.04,3240.54,0.86,0.88,-21.67,-24.00
50,28.95,28.13,0.82,28.95,26.35,24.87,1.48,0.05,56.44,90.00,42.03,3356.11,0.87,0.86,-24.63,-23.63
51,25.22,26.73,1.50,26.73,20.25,21.90,1.65,0.01,55.63,90.58,43.30,3495.32,0.78,0.83,-17.83,-22.24
52,26.26,27.78,1.52,27.78,24.19,24.72,0.53,0.06,53.66,90.00,44.39,3634.02,0.89,0.86,-23.28,-22.20
53,25.18,27.30,2.12,27.30,22.77,24.56,1.79,0.05,55.36,88.57,41.51,3320.97,0.85,0.92,-21.10,-25.52
54,27.48,27.88,0.41,27.88,23.16,23.21,0.06,0.01,55.10,85.68,38.84,3057.52,0.86,0.84,-23.85,-23.23
55,28.43,27.52,0.91,28.43,28.11,26.31,1.80,0.08,57.63,90.00,41.02,3237.33,0.86,0.85,-24.10,-22.75
56,28.05,26.29,1.76,28.05,24.94,24.23,0.70,0.03,55.03,91.17,44.39,3613.72,0.86,0.86,-23.11,-21.90
57,30.27,28.06,2.22,30.27,26.87,24.58,2.30,0.05,58.26,90.00,40.48,3174.42,0.88,0.85,-26.74,-24.32
58,29.43,30.30,0.87,30.30,26.86,26.09,0.77,0.05,60.95,89.92,38.11,2896.54,0.89,0.89,-25.26,-24.69
59,28.03,27.83,0.20,28.03,24.78,25.12,0.35,0.06,61.27,90.00,37.92,2873.48,0.84,0.83,-23.61,-23.11
60,26.89,26.82,0.07,26.89,24.49,25.39,0.90,0.03,51.39,90.00,46.32,3861.23,0.91,0.87,-24.17,-22.29
61,26.19,28.16,1.97,28.16,23.64,24.28,0.64,0.06,54.19,90.00,43.94,3581.37,0.82,0.86,-20.80,-23.98
62,28.94,30.12,1.18,30.12,25.39,26.74,1.35,0.05,62.14,90.00,37.18,2785.66,0.88,0.88,-25.47,-26.22
63,28.01,25.27,2.74,28.01,23.97,21.63,2.34,0.02,55.86,90.00,42.52,3413.99,0.87,0.84,-24.41,-20.58
64,28.69,29.14,0.45,29.14,25.04,24.66,0.38,0.04,50.54,81.55,38.59,3101.17,0.87,0.84,-25.37,-24.05
65,28.34,28.61,0.27,28.61,25.46,26.72,1.26,0.10,63.07,100.62,47.01,3755.35,0.84,0.82,-23.00,-22.92
66,27.57,24.65,2.92,27.57,25.27,23.14,2.14,0.07,59.24,90.00,39.65,3076.22,0.90,0.86,-25.12,-21.14
67,24.71,23.26,1.45,24.71,22.36,21.05,1.31,0.02,55.59,90.00,42.75,3440.64,0.84,0.85,-20.58,-19.42
68,26.27,27.81,1.54,27.81,23.38,24.90,1.52,0.04,64.67,90.00,35.03,2533.37,0.87,0.90,-23.31,-25.80
69,29.54,28.38,1.16,29.54,25.83,25.31,0.52,0.02,59.11,88.16,37.92,2905.05,0.87,0.83,-25.85,-23.38
70,25.46,27.36,1.90,27.36,24.44,26.73,2.29,0.08,56.22,90.00,42.21,3377.81,0.83,0.82,-20.35,-21.19
71,27.33,24.83,2.50,27.33,23.19,21.96,1.23,0.09,61.55,90.00,37.68,2845.08,0.87,0.83,-25.18,-20.24
72,28.02,30.67,2.65,30.67,24.22,25.58,1.36,0.04,58.23,90.00,40.50,3176.85,0.82,0.88,-21.19,-26.59
73,28.71,27.35,1.36,28.71,24.36,23.57,0.79,0.05,60.99,90.00,38.16,2900.91,0.86,0.85,-25.20,-23.81
74,28.32,26.20,2.12,28.32,25.32,24.39,0.93,0.07,55.39,90.14,43.06,3475.34,0.84,0.82,-23.22,-20.39
75,29.01,28.58,0.44,29.01,24.94,24.31,0.63,0.03,61.22,86.25,34.21,2502.99,0.84,0.85,-24.34,-24.39
76,25.05,23.52,1.53,25.05,20.69,19.89,0.80,0.04,55.12,90.00,43.15,3488.15,0.82,0.81,-19.69,-18.39
77,26.42,24.62,1.80,26.42,24.29,21.54,2.75,0.08,56.36,90.00,42.09,3363.78,0.87,0.85,-22.88,-20.89
78,29.03,29.12,0.09,29.12,25.09,24.63,0.45,0.02,56.07,90.00,42.34,3392.93,0.85,0.82,-24.75,-22.42
79,28.13,29.32,1.18,29.32,23.52,25.02,1.50,0.03,51.34,82.26,38.62,3092.23,0.82,0.85,-22.32,-24.40
80,26.06,27.13,1.06,27.13,23.13,23.27,0.14,0.03,58.72,90.00,40.08,3127.52,0.84,0.86,-21.66,-22.50
81,29.38,30.08,0.70,30.08,24.95,25.95,1.00,0.05,59.82,90.00,39.15,3017.98,0.86,0.89,-24.83,-26.88
82,26.40,26.28,0.12,26.40,22.51,22.65,0.15,0.02,52.54,91.21,46.55,3867.06,0.80,0.82,-18.68,-20.46
83,23.92,24.77,0.85,24.77,22.91,21.98,0.93,0.06,52.17,90.00,45.65,3782.65,0.83,0.84,-19.29,-19.69
84,28.12,27.62,0.50,28.12,23.80,25.45,1.65,0.07,61.41,90.00,37.81,2859.44,0.84,0.81,-23.56,-22.59
85,25.61,27.28,1.66,27.28,22.40,23.88,1.47,0.07,66.77,90.00,33.25,2323.32,0.87,0.90,-22.61,-25.45
86,27.43,25.33,2.10,27.43,23.33,22.84,0.49,0.08,59.07,90.00,39.79,3092.69,0.84,0.84,-23.37,-21.60
87,27.33,27.31,0.02,27.33,24.44,24.09,0.35,0.06,59.00,90.00,39.85,3099.93,0.83,0.81,-22.55,-21.00
88,29.19,25.82,3.37,29.19,25.76,23.15,2.61,0.06,61.05,90.00,38.11,2895.41,0.85,0.80,-24.97,-20.03
89,26.77,23.98,2.79,26.77,23.89,21.59,2.30,0.04,53.52,90.00,44.51,3648.09,0.87,0.83,-22.57,-18.65
90,25.35,26.58,1.23,26.58,23.93,24.97,1.04,0.03,58.66,90.00,40.14,3133.54,0.87,0.88,-22.18,-23.75
91,28.32,25.81,2.51,28.32,25.02,23.80,1.22,0.03,58.89,90.00,39.95,3111.18,0.88,0.85,-24.77,-21.68
92,26.97,27.52,0.56,27.52,24.84,24.54,0.30,0.04,61.73,90.00,37.53,2827.02,0.85,0.87,-23.04,-24.29
93,24.89,26.35,1.46,26.35,22.77,23.58,0.81,0.05,56.46,90.00,42.01,3353.66,0.84,0.87,-20.22,-23.11
94,27.32,28.01,0.69,28.01,23.84,24.54,0.70,0.04,58.17,90.00,40.56,3183.21,0.88,0.88,-23.48,-24.09
95,25.41,27.58,2.18,27.58,23.21,25.18,1.97,0.07,59.65,90.00,39.30,3035.33,0.88,0.88,-22.82,-24.00
96,24.95,26.15,1.19,26.15,21.80,23.63,1.83,0.03,52.95,90.00,45.00,3705.38,0.85,0.84,-20.98,-20.94
97,27.02,26.52,0.50,27.02,22.79,21.82,0.97,0.06,54.61,90.21,43.79,3559.68,0.82,0.83,-21.03,-21.21
98,26.59,26.97,0.38,26.97,22.79,22.76,0.03,0.03,60.50,89.79,38.37,2929.37,0.84,0.86,-22.25,-23.12
99,25.46,24.71,0.75,25.46,23.74,23.05,0.69,0.05,56.65,90.00,41.85,3334.78,0.86,0.88,-21.02,-21.76
100,29.26,26.71,2.55,29.26,25.18,23.73,1.45,0.02,56.94,90.00,41.60,3305.79,0.89,0.85,-25.73,-22.33
101,26.98,25.85,1.13,26.98,23.94,23.79,0.15,0.08,56.57,90.00,41.92,3343.17,0.85,0.80,-21.82,-19.44
102,27.13,28.35,1.22,28.35,24.50,25.47,0.97,0.04,58.22,90.00,40.51,3178.15,0.85,0.90,-21.66,-25.15
103,27.14,25.60,1.55,27.14,22.38,21.93,0.45,0.03,59.74,101.12,50.35,4138.59,0.85,0.83,-22.47,-19.98
104,28.15,28.76,0.61,28.76,23.44,23.98,0.54,0.04,61.19,90.00,37.99,2881.29,0.87,0.90,-24.49,-26.55
105,26.90,27.16,0.27,27.16,24.97,24.22,0.75,0.08,62.18,90.00,37.15,2782.04,0.83,0.80,-22.62,-21.67
106,28.24,27.05,1.19,28.24,24.17,23.41,0.76,0.02,57.17,90.00,41.40,3282.83,0.84,0.85,-22.62,-23.12
107,28.15,26.61,1.54,28.15,25.79,24.36,1.43,0.06,60.02,90.00,38.98,2998.05,0.89,0.84,-25.15,-21.46
108,25.30,26.33,1.02,26.33,23.82,24.73,0.91,0.05,56.43,87.11,39.14,3067.74,0.86,0.87,-21.09,-22.69
109,26.45,26.88,0.44,26.88,24.44,24.61,0.18,0.09,59.59,90.00,39.35,3041.14,0.87,0.86,-22.59,-23.11
110,26.48,27.78,1.30,27.78,23.34,23.15,0.19,0.05,59.25,90.00,39.64,3074.75,0.82,0.86,-21.19,-24.40
111,27.16,27.30,0.14,27.30,24.97,24.85,0.11,0.04,54.23,90.00,43.90,3576.59,0.83,0.85,-22.49,-23.12
112,24.40,26.34,1.94,26.34,20.30,21.70,1.40,0.07,53.04,87.16,42.08,3411.91,0.81,0.82,-19.30,-21.56
113,27.54,25.66,1.88,27.54,24.24,22.85,1.40,0.04,60.21,90.00,38.82,2979.36,0.81,0.80,-21.28,-19.29
114,24.11,23.90,0.21,24.11,22.43,22.27,0.16,0.06,51.54,93.44,49.63,4189.83,0.82,0.86,-17.87,-19.16
115,26.61,25.59,1.03,26.61,24.63,23.72,0.92,0.07,58.28,90.00,40.46,3171.73,0.87,0.86,-23.06,-21.94
116,25.87,25.91,0.04,25.91,23.06,23.12,0.06,0.03,60.62,90.00,38.48,2938.47,0.88,0.87,-22.30,-21.97
117,27.85,28.41,0.56,28.41,23.32,24.31,0.98,0.04,51.69,90.00,46.06,3830.62,0.85,0.82,-22.64,-21.48
118,26.70,28.16,1.46,28.16,23.03,24.25,1.22,0.05,55.89,90.00,42.50,3411.21,0.83,0.84,-21.41,-23.57
119,28.87,29.02,0.15,29.02,23.74,24.00,0.26,0.08,51.95,79.38,35.22,2743.04,0.81,0.81,-23.66,-23.23
120,28.05,29.14,1.09,29.14,24.76,25.48,0.72,0.09,58.64,90.00,40.15,3135.59,0.83,0.83,-22.72,-23.68
121,25.61,27.07,1.46,27.07,23.39,24.49,1.10,0.07,56.32,90.00,42.13,3368.18,0.83,0.84,-20.40,-22.17
122,23.93,22.88,1.06,23.93,22.33,21.09,1.24,0.03,58.31,90.00,40.43,3168.54,0.88,0.88,-20.56,-20.22
123,27.49,26.97,0.52,27.49,23.93,25.20,1.28,0.07,53.29,92.03,46.74,3874.37,0.84,0.83,-21.78,-21.33
124,26.53,28.13,1.60,28.13,24.56,25.32,0.76,0.09,59.65,90.00,39.30,3034.79,0.89,0.89,-23.67,-25.46
125,29.24,27.64,1.60,29.24,26.44,26.57,0.13,0.07,57.19,90.00,41.39,3281.20,0.87,0.86,-24.37,-23.08
126,27.60,27.34,0.26,27.60,24.26,24.66,0.39,0.05,59.20,90.00,39.68,3079.96,0.89,0.86,-24.14,-22.64
127,29.41,27.96,1.44,29.41,25.03,23.72,1.31,0.04,57.73,91.58,42.51,3384.80,0.81,0.84,-22.57,-22.97
128,26.97,30.35,3.38,30.35,23.57,25.24,1.67,0.06,56.14,90.00,42.28,3386.24,0.82,0.84,-21.19,-24.16
129,30.25,28.75,1.50,30.25,27.17,26.18,0.98,0.06,59.75,90.00,39.22,3025.50,0.91,0.86,-27.59,-24.45
130,25.56,27.06,1.51,27.06,22.55,24.73,2.18,0.02,47.54,85.00,44.59,3746.28,0.81,0.86,-18.49,-22.60
131,24.13,24.92,0.79,24.92,21.00,21.70,0.70,0.08,53.48,90.00,44.54,3652.17,0.82,0.83,-19.33,-20.42
132,25.96,27.66,1.71,27.66,24.18,24.94,0.76,0.04,55.67,92.90,45.58,3723.29,0.81,0.84,-19.64,-22.46
133,27.20,26.40,0.80,27.20,23.12,22.45,0.67,0.05,62.06,98.65,45.90,3658.86,0.82,0.81,-21.92,-20.48
134,24.04,26.89,2.84,26.89,20.90,22.54,1.64,0.03,52.84,87.56,42.65,3472.09,0.85,0.86,-19.32,-22.02
135,27.91,26.36,1.56,27.91,24.07,23.17,0.90,0.04,51.36,87.82,44.17,3646.28,0.84,0.81,-23.18,-19.24
136,28.88,29.11,0.23,29.11,25.73,27.07,1.34,0.06,55.70,90.00,42.66,3430.50,0.84,0.86,-23.23,-24.46
137,27.08,25.96,1.12,27.08,22.40,21.80,0.60,0.01,50.89,83.82,40.56,3292.74,0.87,0.85,-22.63,-21.83
138,26.48,28.32,1.83,28.32,23.42,24.84,1.42,0.05,50.80,79.91,36.73,2911.44,0.82,0.84,-21.21,-23.62
139,24.75,26.60,1.85,26.60,21.52,23.45,1.93,0.06,60.15,90.00,38.87,2984.98,0.81,0.82,-19.70,-21.84
140,26.72,29.00,2.28,29.00,24.50,25.80,1.31,0.04,59.58,90.00,39.36,3042.38,0.83,0.90,-20.24,-26.16
141,27.05,26.21,0.84,27.05,24.63,24.25,0.37,0.05,60.87,90.00,38.26,2912.87,0.87,0.90,-22.92,-24.19
142,26.71,27.83,1.12,27.83,24.42,25.64,1.21,0.04,52.18,90.00,45.65,3782.28,0.83,0.84,-20.20,-22.23
143,26.18,27.71,1.52,27.71,23.55,24.26,0.70,0.08,59.73,90.00,39.23,3026.85,0.83,0.86,-20.82,-23.98
144,27.26,26.72,0.54,27.26,24.83,25.34,0.51,0.03,55.82,90.00,42.56,3418.38,0.85,0.89,-21.05,-23.43
145,29.94,29.35,0.59,29.94,25.91,25.55,0.37,0.04,58.06,90.00,40.65,3194.20,0.86,0.84,-25.32,-24.02
146,28.05,25.95,2.11,28.05,25.07,23.27,1.79,0.09,56.65,90.92,42.77,3427.59,0.83,0.81,-23.19,-20.37
147,29.46,29.45,0.01,29.46,27.11,28.27,1.16,0.06,57.90,90.00,40.79,3210.18,0.91,0.89,-26.72,-25.86
148,29.18,28.70,0.48,29.18,23.99,22.45,1.53,0.03,59.22,90.00,39.66,3078.04,0.84,0.83,-24.60,-22.81
149,29.18,30.15,0.97,30.15,25.93,26.07,0.14,0.05,56.05,90.00,42.36,3395.31,0.81,0.84,-22.44,-24.73
150,26.52,25.83,0.69,26.52,24.67,23.81,0.86,0.03,49.39,90.00,48.02,4060.75,0.88,0.88,-22.02,-21.62
151,27.70,27.76,0.07,27.76,24.45,24.53,0.08,0.03,49.41,81.72,39.72,3231.07,0.88,0.88,-24.37,-24.08
152,27.25,28.90,1.65,28.90,24.29,25.83,1.54,0.01,54.47,85.66,39.36,3119.07,0.84,0.87,-21.89,-24.60
153,27.82,28.60,0.78,28.60,24.21,25.20,0.99,0.04,53.55,90.00,44.48,3645.08,0.85,0.83,-23.06,-22.02
154,23.68,27.43,3.74,27.43,21.47,23.44,1.97,0.00,48.93,83.13,41.54,3420.35,0.83,0.87,-18.88,-24.27
155,25.16,25.45,0.30,25.45,23.22,24.86,1.64,0.05,57.51,90.00,41.12,3248.99,0.85,0.91,-19.32,-23.51
156,27.60,26.39,1.21,27.60,25.11,24.14,0.97,0.03,55.68,90.00,42.67,3432.24,0.88,0.86,-24.23,-21.71
157,26.80,24.19,2.62,26.80,24.75,22.48,2.26,0.04,61.46,90.00,37.76,2854.38,0.87,0.87,-23.48,-21.10
158,27.10,25.66,1.45,27.10,22.94,21.84,1.10,0.03,54.45,92.48,46.20,3803.59,0.86,0.85,-22.79,-21.03
159,26.52,28.96,2.44,28.96,22.60,25.65,3.05,0.08,57.12,90.00,41.45,3288.29,0.86,0.87,-22.86,-25.09
160,29.45,27.14,2.31,29.45,24.71,23.62,1.09,0.07,60.98,90.00,38.17,2901.96,0.85,0.85,-25.15,-23.45
161,23.45,25.73,2.28,25.73,20.16,22.29,2.14,0.05,56.53,90.00,41.95,3346.79,0.81,0.86,-18.11,-22.06
162,26.17,25.74,0.43,26.17,23.86,23.66,0.19,0.05,59.95,90.00,39.04,3005.21,0.89,0.88,-23.57,-22.68
163,26.52,26.58,0.06,26.58,24.21,23.78,0.42,0.05,57.89,90.00,40.79,3210.72,0.85,0.88,-21.55,-23.51
164,29.17,29.10,0.07,29.17,26.04,25.35,0.69,0.09,58.69,90.00,40.11,3131.17,0.84,0.84,-24.57,-23.74
165,28.80,26.54,2.26,28.80,24.61,22.61,1.99,0.06,57.64,83.80,34.81,2616.13,0.85,0.82,-24.91,-22.00
166,27.68,27.19,0.49,27.68,25.87,25.32,0.55,0.08,57.58,90.00,41.06,3242.42,0.88,0.89,-22.57,-23.50
167,25.13,25.82,0.69,25.82,21.22,21.93,0.70,0.04,60.62,90.00,38.48,2938.31,0.79,0.85,-19.31,-22.82
168,29.15,27.34,1.82,29.15,25.95,25.25,0.69,0.06,55.55,90.00,42.78,3445.29,0.82,0.79,-22.70,-19.99
169,23.79,23.06,0.73,23.79,22.04,21.74,0.29,0.07,57.08,100.02,51.50,4294.29,0.84,0.83,-18.70,-17.90
170,26.43,27.35,0.92,27.35,23.78,25.10,1.31,0.06,57.33,90.00,41.27,3267.23,0.86,0.86,-21.98,-22.65
171,23.59,24.09,0.50,24.09,21.42,22.46,1.04,0.02,52.24,90.00,45.60,3776.14,0.83,0.86,-17.61,-20.73
172,29.58,29.46,0.13,29.58,26.07,26.41,0.34,0.02,51.34,90.77,47.12,3942.04,0.83,0.87,-21.86,-24.25
173,27.67,28.17,0.50,28.17,24.88,24.13,0.75,0.04,57.84,90.00,40.84,3216.12,0.88,0.86,-24.30,-23.38
174,26.86,27.08,0.22,27.08,24.78,24.91,0.13,0.05,56.85,90.00,41.68,3314.82,0.87,0.86,-22.82,-22.76
175,29.82,29.24,0.59,29.82,26.55,25.58,0.96,0.05,54.78,90.00,43.44,3521.98,0.83,0.85,-23.80,-24.16
176,28.54,30.17,1.63,30.17,26.05,27.28,1.23,0.06,55.30,90.00,43.00,3470.07,0.86,0.84,-23.66,-23.99
177,28.37,27.31,1.06,28.37,25.20,24.12,1.08,0.05,55.82,90.00,42.55,3417.90,0.85,0.87,-23.39,-23.45
178,27.81,26.64,1.17,27.81,25.20,23.98,1.23,0.08,63.58,90.00,35.95,2641.61,0.88,0.87,-25.39,-23.47
179,26.25,25.33,0.93,26.25,23.63,22.89,0.73,0.04,57.49,90.00,41.13,3251.11,0.86,0.85,-22.23,-20.85
180,28.04,25.92,2.12,28.04,24.47,24.18,0.29,0.05,53.14,90.00,44.83,3685.70,0.87,0.84,-23.49,-20.76
181,27.28,25.08,2.20,27.28,24.24,22.01,2.22,0.06,55.29,90.00,43.00,3470.54,0.86,0.80,-23.25,-18.24
182,23.38,24.12,0.73,24.12,21.15,21.66,0.51,0.03,54.14,90.00,43.98,3586.26,0.88,0.90,-20.10,-21.64
183,27.31,26.41,0.91,27.31,25.50,25.23,0.27,0.08,56.89,90.00,41.64,3310.84,0.85,0.82,-23.00,-21.06
184,29.39,27.48,1.91,29.39,26.55,25.00,1.55,0.06,55.57,90.00,42.76,3442.89,0.85,0.85,-24.89,-23.32
185,25.84,29.80,3.96,29.80,22.85,23.99,1.14,0.09,51.92,87.41,43.28,3549.64,0.84,0.86,-20.86,-24.14
186,27.55,28.95,1.40,28.95,24.06,24.54,0.48,0.03,56.60,82.81,34.70,2620.58,0.83,0.84,-22.76,-23.85
187,29.63,27.66,1.96,29.63,25.85,23.72,2.13,0.02,54.82,90.00,43.40,3517.51,0.82,0.84,-22.80,-22.35
188,30.30,26.80,3.51,30.30,24.13,23.92,0.21,0.07,55.93,90.00,42.46,3407.38,0.83,0.81,-24.46,-21.38
189,28.92,29.50,0.59,29.50,24.58,26.35,1.77,0.04,54.74,90.00,43.47,3525.95,0.87,0.84,-25.05,-24.13
190,24.34,25.97,1.64,25.97,22.18,23.31,1.12,0.11,60.37,90.00,38.69,2963.32,0.83,0.85,-20.20,-21.72
191,25.83,26.77,0.94,26.77,23.32,24.28,0.96,0.04,62.36,90.00,36.99,2763.84,0.87,0.88,-22.49,-23.31
192,25.45,27.65,2.20,27.65,20.72,22.10,1.38,0.05,61.48,90.00,37.75,2852.43,0.82,0.85,-20.65,-23.38
193,26.60,26.34,0.26,26.60,23.53,23.16,0.36,0.04,51.76,90.00,46.00,3823.50,0.83,0.81,-21.34,-20.22
194,26.68,27.67,0.99,27.67,23.42,24.20,0.78,0.04,55.96,85.87,38.30,2990.89,0.83,0.85,-22.10,-24.04
195,26.04,25.52,0.52,26.04,22.49,22.44,0.05,0.03,59.87,89.79,38.90,2991.71,0.85,0.81,-22.22,-19.89
196,29.34,27.21,2.13,29.34,25.61,23.28,2.33,0.06,55.33,91.06,44.02,3572.50,0.80,0.83,-22.75,-22.23
197,24.16,24.33,0.18,24.33,22.26,22.71,0.44,0.02,52.92,86.21,41.23,3328.83,0.85,0.87,-20.14,-20.54
198,27.77,28.32,0.54,28.32,25.09,26.02,0.94,0.05,60.12,90.00,38.90,2988.26,0.83,0.85,-21.99,-24.09
199,26.08,28.57,2.48,28.57,24.03,25.55,1.52,0.07,58.74,90.00,40.07,3125.77,0.85,0.86,-22.06,-24.39
200,24.84,26.69,1.85,26.69,21.41,23.17,1.77,0.05,56.89,96.32,47.96,3943.15,0.83,0.85,-19.26,-22.50
201,26.03,25.94,0.09,26.03,23.64,22.76,0.88,0.02,48.71,85.15,43.74,3643.36,0.85,0.82,-21.61,-19.46
202,28.02,26.59,1.43,28.02,25.90,24.97,0.93,0.05,56.34,90.00,42.11,3365.81,0.86,0.87,-23.35,-22.74
203,25.23,27.34,2.11,27.34,24.29,25.95,1.66,0.08,56.08,90.00,42.33,3392.34,0.87,0.88,-21.57,-23.31
204,25.17,26.52,1.35,26.52,21.54,23.64,2.10,0.02,56.40,90.00,42.06,3360.16,0.86,0.88,-21.15,-23.51
205,27.75,25.45,2.30,27.75,21.54,21.08,0.46,0.07,58.98,91.12,40.98,3213.56,0.78,0.74,-20.98,-17.92
206,28.19,29.25,1.06,29.25,24.40,24.50,0.10,0.03,56.35,90.00,42.10,3364.85,0.80,0.86,-21.25,-25.33
207,25.54,26.63,1.09,26.63,22.89,23.23,0.34,0.00,44.48,71.31,33.51,2683.36,0.84,0.85,-21.32,-22.25
208,28.24,26.53,1.71,28.24,26.37,25.96,0.41,0.09,56.09,90.00,42.32,3391.01,0.89,0.86,-24.86,-21.79
209,22.64,28.11,5.48,28.11,19.35,23.53,4.17,0.04,53.21,90.00,44.78,3679.43,0.81,0.86,-17.07,-23.70
210,25.04,25.95,0.91,25.95,23.05,24.71,1.66,0.07,54.57,90.00,43.61,3542.70,0.83,0.86,-19.50,-21.16
211,28.12,27.02,1.10,28.12,24.21,24.38,0.18,0.03,59.28,86.24,35.86,2696.56,0.87,0.85,-24.88,-23.30
212,26.78,26.10,0.68,26.78,23.56,23.51,0.06,0.03,61.12,90.00,38.05,2888.28,0.87,0.89,-23.02,-23.85
213,25.21,26.05,0.84,26.05,21.60,23.13,1.53,0.07,57.90,95.26,46.04,3735.76,0.81,0.82,-19.17,-20.24
214,26.64,27.50,0.86,27.50,23.70,25.26,1.56,0.04,53.68,87.78,42.15,3410.17,0.87,0.89,-22.14,-24.30
215,23.57,25.54,1.97,25.54,20.69,22.85,2.16,0.04,63.50,90.00,36.03,2650.12,0.85,0.88,-19.33,-22.70
216,25.45,26.60,1.15,26.60,23.42,23.02,0.39,0.03,58.34,90.00,40.41,3166.08,0.83,0.88,-20.49,-23.46
217,28.04,27.84,0.20,28.04,23.91,22.96,0.95,0.04,55.09,85.54,38.71,3045.05,0.83,0.78,-23.17,-20.46
218,27.52,26.43,1.09,27.52,24.55,24.72,0.17,0.02,55.62,90.00,42.72,3437.98,0.89,0.85,-23.72,-20.76
219,26.71,26.70,0.01,26.71,23.05,23.76,0.71,0.04,62.90,90.00,36.54,2710.28,0.87,0.90,-22.92,-24.29
220,25.80,26.88,1.08,26.88,23.23,23.59,0.36,0.05,56.64,90.00,41.85,3335.62,0.86,0.86,-21.67,-22.20
221,27.16,27.32,0.16,27.32,24.77,22.87,1.90,0.05,67.94,90.00,32.25,2205.61,0.93,0.90,-25.09,-23.57
222,28.61,27.15,1.46,28.61,26.11,24.86,1.25,0.04,58.51,90.00,40.27,3149.32,0.84,0.84,-23.35,-22.10
223,25.98,26.70,0.73,26.70,23.55,24.96,1.41,0.08,50.77,85.68,42.53,3491.55,0.86,0.86,-21.81,-22.32
224,27.91,27.39,0.52,27.91,25.93,25.54,0.39,0.06,54.82,90.00,43.40,3517.84,0.88,0.88,-24.05,-23.50
225,26.06,25.52,0.54,26.06,22.20,22.24,0.03,0.03,52.35,90.00,45.50,3764.97,0.83,0.81,-20.38,-19.92
226,27.95,27.78,0.17,27.95,23.92,23.94,0.02,0.04,55.72,90.08,42.72,3436.67,0.83,0.82,-22.47,-22.35
227,28.77,27.07,1.69,28.77,24.59,23.28,1.32,0.06,59.49,90.00,39.43,3050.53,0.83,0.78,-23.44,-19.99
228,27.82,26.99,0.83,27.82,24.56,24.49,0.07,0.03,58.74,90.00,40.07,3126.00,0.85,0.83,-23.73,-22.37
229,28.66,30.51,1.85,30.51,26.32,26.84,0.52,0.06,59.96,90.00,39.03,3003.73,0.86,0.89,-23.67,-25.99
230,27.42,24.83,2.59,27.42,23.24,21.89,1.35,0.05,55.61,90.00,42.73,3438.76,0.84,0.80,-22.71,-18.26
231,29.91,25.99,3.91,29.91,24.00,22.42,1.58,0.07,51.93,80.10,35.96,2816.68,0.84,0.77,-25.74,-19.11
232,29.52,28.20,1.33,29.52,25.48,24.85,0.63,0.06,61.91,88.44,35.81,2652.34,0.87,0.84,-25.80,-23.74
233,27.52,26.61,0.91,27.52,25.08,23.52,1.55,0.03,55.31,90.00,42.99,3469.39,0.85,0.87,-22.38,-23.12
234,27.34,23.94,3.40,27.34,23.65,21.24,2.41,0.04,57.40,90.00,41.21,3260.39,0.88,0.81,-24.07,-18.15
235,28.93,27.68,1.26,28.93,24.22,23.71,0.51,0.11,64.21,90.00,35.43,2579.48,0.82,0.84,-23.82,-23.59
236,26.59,27.22,0.63,27.22,25.47,25.97,0.50,0.05,56.00,90.00,42.40,3400.45,0.88,0.89,-23.01,-23.56
237,26.14,26.50,0.36,26.50,24.29,23.40,0.89,0.01,50.13,80.76,38.14,3062.38,0.87,0.87,-22.76,-22.35
238,26.39,28.14,1.74,28.14,25.58,25.97,0.39,0.03,59.45,90.00,39.47,3055.48,0.87,0.89,-22.98,-24.91
239,25.87,25.00,0.88,25.87,23.49,22.01,1.48,0.04,59.54,90.00,39.39,3045.68,0.83,0.86,-21.11,-21.99
240,28.95,27.19,1.76,28.95,24.87,23.51,1.36,0.04,54.40,90.00,43.76,3560.32,0.81,0.83,-21.67,-21.69
241,25.50,24.14,1.36,25.50,23.92,23.01,0.91,0.07,56.61,90.00,41.88,3338.89,0.84,0.82,-21.50,-18.74
242,26.26,26.59,0.33,26.59,22.08,22.93,0.85,0.04,52.33,83.85,39.37,3152.16,0.84,0.84,-21.67,-21.99
243,27.39,32.23,4.84,32.23,23.72,26.54,2.82,0.10,56.90,90.00,41.63,3309.70,0.82,0.83,-22.15,-25.53
244,24.60,27.09,2.49,27.09,22.13,24.88,2.76,0.06,58.46,90.00,40.31,3154.22,0.84,0.87,-19.89,-22.91
245,25.42,24.83,0.60,25.42,23.22,22.70,0.52,0.02,54.70,88.51,42.01,3380.45,0.87,0.86,-21.30,-21.12
246,26.66,29.46,2.80,29.46,22.21,24.12,1.91,0.07,62.37,90.00,36.99,2762.98,0.81,0.82,-21.96,-24.17
247,27.09,28.94,1.85,28.94,23.15,24.86,1.71,0.06,60.68,90.00,38.42,2932.26,0.85,0.85,-22.52,-24.84
248,25.58,26.21,0.63,26.21,23.66,23.71,0.05,0.08,56.93,90.00,41.61,3306.73,0.83,0.81,-20.79,-20.11
249,25.62,25.72,0.10,25.72,25.17,25.32,0.15,0.08,53.47,90.00,44.55,3652.60,0.85,0.86,-20.90,-21.82
250,28.89,27.64,1.25,28.89,24.36,23.92,0.45,0.12,59.42,90.00,39.49,3057.97,0.85,0.80,-25.44,-21.65
251,27.61,27.80,0.19,27.80,24.79,25.48,0.69,0.05,58.05,89.48,40.13,3142.64,0.88,0.86,-24.39,-23.56
252,24.76,27.00,2.24,27.00,23.40,24.44,1.03,0.05,55.09,90.00,43.17,3490.93,0.86,0.87,-21.24,-22.39
253,28.17,27.03,1.14,28.17,24.36,22.63,1.74,0.04,54.67,90.00,43.53,3532.82,0.86,0.80,-23.30,-19.97
254,29.61,30.55,0.94,30.55,26.83,25.98,0.85,0.06,58.68,90.00,40.12,3131.83,0.88,0.89,-25.58,-26.54
255,25.13,27.14,2.01,27.14,22.44,24.48,2.04,0.08,53.80,90.00,44.27,3619.54,0.80,0.87,-18.62,-23.10
256,25.15,25.65,0.50,25.65,22.95,24.09,1.14,0.05,56.62,90.00,41.87,3338.04,0.83,0.87,-19.84,-22.55
257,24.34,27.28,2.94,27.28,20.29,23.21,2.92,0.02,53.04,92.56,47.48,3952.36,0.83,0.87,-18.03,-22.48
258,28.46,24.39,4.07,28.46,25.83,22.89,2.94,0.09,54.39,90.00,43.77,3561.23,0.85,0.84,-23.01,-19.71
259,27.85,28.28,0.43,28.28,24.90,25.23,0.33,0.04,57.34,88.90,40.17,3156.64,0.87,0.85,-24.39,-23.32
260,27.47,27.63,0.16,27.63,23.83,24.13,0.30,0.03,50.94,85.54,42.24,3460.21,0.87,0.89,-23.19,-24.47
261,28.75,28.17,0.58,28.75,25.96,26.03,0.07,0.02,57.77,90.00,40.90,3223.21,0.85,0.85,-24.63,-23.30
262,29.28,29.93,0.65,29.93,25.19,25.39,0.20,0.06,62.62,90.00,36.77,2738.01,0.82,0.86,-23.63,-26.09
263,27.42,27.32,0.10,27.42,23.68,23.95,0.27,0.08,58.13,90.00,40.59,3186.69,0.81,0.82,-21.33,-22.34
264,27.26,25.57,1.69,27.26,26.30,23.95,2.35,0.07,56.83,90.00,41.70,3317.21,0.87,0.89,-23.56,-22.76
265,26.29,27.41,1.12,27.41,24.57,25.34,0.77,0.06,54.05,90.00,44.05,3594.70,0.84,0.85,-21.03,-21.68
266,31.10,27.38,3.72,31.10,26.00,24.42,1.59,0.04,57.30,90.00,41.30,3270.15,0.87,0.84,-26.28,-22.07
267,25.85,26.97,1.12,26.97,21.90,24.15,2.25,0.01,59.13,90.00,39.74,3086.60,0.83,0.84,-20.33,-22.08
268,27.14,26.03,1.12,27.14,24.17,24.18,0.02,0.05,51.94,90.00,45.85,3806.43,0.86,0.83,-23.38,-20.22
269,27.14,27.86,0.72,27.86,24.23,25.30,1.07,0.10,63.24,90.00,36.24,2675.88,0.84,0.86,-23.13,-23.86
270,24.05,24.54,0.49,24.54,21.34,21.87,0.53,0.03,52.90,90.00,45.03,3709.83,0.86,0.84,-19.63,-19.42
271,28.04,28.20,0.16,28.20,23.84,23.48,0.36,0.03,64.59,89.44,34.54,2485.37,0.86,0.85,-24.67,-24.07
272,29.69,27.49,2.20,29.69,26.97,25.61,1.36,0.04,59.74,90.00,39.22,3025.82,0.87,0.83,-25.76,-21.86
273,23.80,25.37,1.57,25.37,20.44,22.46,2.02,0.03,55.57,89.38,42.15,3381.40,0.82,0.87,-18.60,-22.22
274,24.79,25.62,0.83,25.62,23.32,23.48,0.16,0.06,56.90,84.47,36.11,2757.67,0.87,0.87,-22.14,-22.30
275,25.85,25.01,0.83,25.85,22.72,21.31,1.41,0.02,53.60,90.00,44.44,3640.38,0.86,0.84,-21.24,-20.11
276,25.15,25.22,0.07,25.22,22.19,21.71,0.48,0.02,49.64,90.01,47.82,4037.75,0.85,0.87,-20.58,-20.92
277,28.12,26.87,1.25,28.12,25.72,24.98,0.74,0.03,53.28,90.00,44.72,3672.43,0.88,0.85,-23.82,-21.06
278,27.16,29.08,1.92,29.08,24.57,24.79,0.22,0.04,56.49,90.00,41.98,3350.95,0.83,0.89,-21.31,-25.84
279,29.57,28.91,0.65,29.57,26.71,26.77,0.06,0.05,62.90,90.00,36.54,2710.27,0.88,0.87,-26.17,-25.09
280,24.57,25.47,0.90,25.47,22.51,23.55,1.04,0.04,49.02,81.54,39.87,3251.23,0.85,0.86,-20.94,-21.94
281,25.50,26.78,1.28,26.78,22.73,23.57,0.84,0.08,58.78,90.00,40.04,3121.93,0.85,0.87,-22.15,-23.09
282,26.45,27.97,1.52,27.97,23.65,26.16,2.51,0.07,55.14,90.00,43.13,3486.03,0.86,0.85,-22.50,-22.16
283,26.83,27.31,0.48,27.31,23.08,22.95,0.13,0.04,55.28,84.15,37.16,2886.93,0.81,0.85,-21.39,-22.88
284,30.06,28.24,1.82,30.06,25.10,23.81,1.29,0.05,62.71,90.00,36.69,2728.75,0.84,0.81,-25.36,-22.34
285,27.76,27.39,0.36,27.76,25.75,24.75,1.00,0.05,54.89,90.00,43.34,3510.90,0.89,0.87,-24.84,-23.35
286,26.94,29.92,2.98,29.92,25.64,28.35,2.71,0.09,56.89,90.00,41.64,3311.08,0.83,0.87,-20.98,-25.47
287,28.28,20.62,7.66,28.28,24.23,20.13,4.10,0.06,51.83,90.00,45.95,3817.38,0.88,0.78,-24.94,-13.50
288,27.94,27.34,0.60,27.94,25.30,24.36,0.94,0.08,53.44,86.89,41.46,3344.46,0.86,0.86,-23.37,-23.35
289,27.80,27.08,0.71,27.80,24.70,23.19,1.51,0.04,54.46,80.14,33.85,2568.06,0.84,0.83,-23.27,-22.38
290,27.33,27.00,0.33,27.33,26.36,25.54,0.82,0.05,51.70,90.00,46.06,3830.01,0.88,0.86,-22.96,-21.85
291,29.58,27.65,1.93,29.58,24.37,24.35,0.02,0.09,57.57,90.00,41.06,3242.51,0.83,0.80,-24.66,-21.42
292,26.82,25.36,1.47,26.82,24.70,23.70,1.00,0.06,53.32,90.00,44.68,3667.81,0.86,0.84,-22.78,-20.27
293,27.22,26.39,0.83,27.22,25.76,24.70,1.06,0.06,57.29,90.00,41.30,3270.53,0.87,0.87,-23.20,-22.77
294,27.05,25.66,1.40,27.05,25.43,24.32,1.11,0.04,59.22,90.00,39.66,3077.76,0.86,0.86,-22.86,-22.01
295,27.55,26.75,0.80,27.55,24.05,24.22,0.16,0.04,58.22,90.00,40.52,3178.46,0.86,0.85,-22.94,-22.92
296,30.68,27.32,3.35,30.68,25.83,22.87,2.95,0.04,52.75,85.07,40.23,3232.13,0.86,0.79,-25.84,-19.70
297,30.38,29.06,1.33,30.38,27.19,25.92,1.27,0.06,63.34,90.00,36.16,2665.70,0.83,0.84,-24.87,-24.87
298,30.06,28.33,1.72,30.06,25.26,24.55,0.71,0.05,53.72,88.19,42.52,3446.19,0.86,0.83,-25.08,-22.61
299,27.50,27.24,0.26,27.50,23.93,23.61,0.32,0.00,48.13,81.69,40.78,3355.63,0.87,0.87,-23.49,-23.10
300,27.20,28.04,0.84,28.04,23.64,24.20,0.56,0.04,57.31,90.00,41.29,3269.22,0.87,0.88,-22.84,-24.44
301,23.04,26.71,3.67,26.71,20.78,22.81,2.03,0.05,51.82,90.00,45.95,3817.84,0.82,0.91,-16.74,-24.16
302,25.82,25.97,0.15,25.97,24.21,23.28,0.94,0.04,58.85,90.00,39.97,3114.55,0.83,0.85,-20.90,-21.27
303,26.96,27.30,0.34,27.30,22.12,22.51,0.40,0.03,54.15,90.00,43.97,3584.92,0.82,0.85,-19.95,-22.54
304,25.86,25.01,0.85,25.86,23.27,22.03,1.24,0.03,52.62,90.64,45.91,3802.02,0.87,0.86,-22.41,-21.04
305,29.12,27.66,1.47,29.12,26.84,25.88,0.96,0.04,53.47,90.00,44.55,3652.94,0.86,0.85,-24.19,-23.03
306,26.18,25.04,1.13,26.18,24.19,22.73,1.46,0.03,56.55,90.00,41.93,3345.19,0.89,0.85,-22.79,-20.44
307,27.80,26.33,1.46,27.80,25.45,25.12,0.33,0.03,54.49,90.00,43.69,3551.36,0.87,0.85,-23.40,-21.46
308,28.72,28.07,0.65,28.72,26.58,25.98,0.60,0.07,56.38,90.00,42.08,3362.17,0.86,0.82,-25.32,-21.83
309,27.60,28.82,1.22,28.82,26.07,26.58,0.52,0.07,60.50,90.00,38.57,2949.68,0.86,0.90,-23.60,-26.46
310,28.71,27.82,0.90,28.71,26.19,25.36,0.83,0.05,55.82,90.00,42.56,3418.49,0.89,0.87,-25.06,-23.71
311,26.08,25.22,0.86,26.08,23.58,23.40,0.18,0.02,54.90,90.00,43.33,3509.58,0.83,0.85,-20.40,-20.89
312,28.67,27.36,1.32,28.67,22.98,22.14,0.84,0.01,47.09,77.50,37.48,3041.48,0.81,0.81,-22.51,-21.72
313,26.61,27.86,1.25,27.86,23.70,25.62,1.93,0.03,58.01,90.00,40.69,3198.97,0.85,0.86,-22.43,-23.74
314,27.85,28.28,0.43,28.28,24.53,24.82,0.30,0.07,60.64,90.00,38.46,2936.11,0.82,0.81,-22.53,-22.81
315,27.75,27.85,0.10,27.85,25.11,25.30,0.18,0.08,55.64,90.00,42.70,3435.74,0.86,0.83,-23.48,-22.45
316,30.50,27.45,3.05,30.50,27.88,25.90,1.98,0.05,55.87,90.00,42.51,3413.07,0.87,0.86,-23.12,-22.07
317,28.02,28.08,0.05,28.08,25.57,25.23,0.35,0.09,59.65,90.00,39.30,3035.01,0.86,0.88,-23.55,-24.35
318,26.08,26.71,0.63,26.71,24.56,24.45,0.11,0.04,57.18,90.00,41.39,3281.67,0.83,0.87,-20.88,-22.99
319,24.78,25.87,1.08,25.87,23.29,23.43,0.14,0.08,54.80,90.00,43.42,3519.53,0.83,0.83,-19.60,-19.71
320,26.40,25.50,0.90,26.40,22.57,23.43,0.86,0.08,63.38,90.00,36.13,2662.45,0.86,0.84,-23.04,-21.54
321,26.97,27.86,0.88,27.86,24.19,24.50,0.32,0.06,57.45,90.00,41.17,3255.14,0.85,0.84,-22.37,-22.35
322,24.66,24.38,0.28,24.66,24.20,23.84,0.36,0.07,54.79,90.00,43.43,3521.02,0.86,0.89,-19.68,-21.58
323,29.10,28.11,1.00,29.10,24.46,24.39,0.07,0.03,59.21,90.00,39.67,3079.16,0.84,0.80,-24.81,-22.19
324,24.74,26.23,1.49,26.23,23.54,24.27,0.73,0.06,54.81,90.00,43.41,3519.09,0.87,0.88,-20.34,-21.68
325,27.52,27.26,0.26,27.52,24.07,22.98,1.09,0.02,56.74,87.34,39.11,3059.83,0.86,0.84,-23.90,-22.57
326,26.63,27.87,1.24,27.87,25.07,26.07,1.00,0.08,57.09,90.00,41.48,3291.24,0.83,0.87,-21.78,-24.51
327,27.42,27.81,0.39,27.81,22.66,22.53,0.13,0.02,58.30,90.00,40.44,3169.76,0.80,0.80,-21.18,-21.72
328,28.17,29.30,1.13,29.30,26.32,25.99,0.33,0.10,60.41,90.00,38.65,2958.84,0.89,0.85,-26.06,-23.86
329,25.11,26.19,1.09,26.19,22.66,23.66,1.00,0.04,55.19,90.00,43.09,3481.18,0.87,0.87,-21.93,-22.15
330,25.64,25.71,0.06,25.71,22.41,22.99,0.58,0.02,53.45,90.00,44.56,3654.63,0.83,0.85,-20.10,-21.48
331,29.54,24.02,5.52,29.54,25.61,22.63,2.98,0.05,55.36,90.00,42.94,3463.97,0.91,0.83,-27.52,-18.97
332,25.23,26.48,1.25,26.48,24.04,24.32,0.28,0.06,56.11,90.00,42.30,3388.67,0.87,0.87,-21.89,-22.14
333,29.01,28.07,0.94,29.01,25.93,26.41,0.48,0.08,54.68,90.00,43.52,3531.81,0.88,0.86,-24.88,-22.99
334,27.47,27.04,0.43,27.47,25.02,23.59,1.43,0.04,52.39,90.00,45.47,3760.74,0.82,0.85,-21.17,-21.77
335,21.73,25.25,3.52,25.25,22.20,23.55,1.35,0.11,54.82,90.00,43.41,3518.31,0.81,0.87,-15.66,-20.03
336,27.32,26.25,1.06,27.32,24.13,22.89,1.24,0.04,52.89,91.42,46.46,3852.94,0.85,0.84,-22.18,-21.56
337,27.70,25.97,1.73,27.70,25.26,22.27,2.99,0.04,61.75,90.00,37.51,2824.77,0.87,0.86,-24.89,-22.23
338,22.66,28.38,5.73,28.38,21.72,23.89,2.17,0.08,59.07,90.00,39.79,3092.55,0.79,0.86,-17.16,-24.56
339,25.90,28.00,2.09,28.00,22.63,23.54,0.92,0.06,64.39,90.00,35.27,2561.03,0.83,0.86,-21.52,-24.71
340,27.40,27.43,0.04,27.43,24.23,23.84,0.39,0.07,57.25,90.00,41.34,3275.13,0.86,0.85,-23.52,-23.09
341,25.87,26.47,0.60,26.47,23.55,23.57,0.02,0.05,54.82,89.26,42.67,3444.28,0.83,0.82,-21.03,-21.15
342,23.87,24.38,0.51,24.38,21.48,21.54,0.06,0.09,54.12,90.00,44.00,3587.75,0.76,0.82,-16.34,-19.60
343,28.74,27.93,0.81,28.74,27.11,26.10,1.01,0.04,59.24,90.00,39.64,3075.69,0.86,0.87,-24.22,-23.77
344,25.34,28.87,3.52,28.87,23.22,26.16,2.94,0.08,54.08,90.96,44.99,3687.94,0.81,0.82,-19.69,-22.59
345,23.12,28.28,5.16,28.28,21.53,24.98,3.45,0.04,56.21,90.00,42.22,3378.81,0.82,0.88,-17.80,-24.17
346,27.57,29.22,1.65,29.22,24.18,25.66,1.47,0.04,52.50,90.00,45.37,3749.56,0.84,0.85,-22.03,-23.09
347,29.17,26.62,2.55,29.17,25.02,23.67,1.35,0.02,55.32,90.00,42.98,3468.00,0.86,0.85,-24.19,-21.95
348,28.68,27.17,1.50,28.68,25.82,25.46,0.37,0.07,52.78,90.00,45.14,3722.39,0.83,0.81,-22.66,-20.16
349,27.53,25.53,2.00,27.53,26.37,24.44,1.93,0.06,57.38,90.00,41.23,3261.79,0.91,0.85,-25.84,-20.92
350,27.88,27.07,0.81,27.88,25.45,25.18,0.27,0.04,56.20,90.00,42.23,3380.07,0.86,0.86,-23.00,-22.91
351,27.35,26.06,1.29,27.35,23.64,22.74,0.90,0.05,56.06,90.58,42.93,3451.78,0.85,0.82,-23.31,-20.58
352,30.01,29.80,0.21,30.01,26.84,27.42,0.58,0.05,56.53,90.00,41.95,3347.14,0.86,0.88,-24.40,-26.00
353,27.99,25.06,2.93,27.99,23.45,20.74,2.71,0.03,49.60,82.83,40.68,3323.95,0.84,0.83,-22.37,-20.72
354,25.55,29.40,3.85,29.40,23.17,25.11,1.93,0.07,63.59,90.00,35.95,2641.38,0.86,0.90,-21.92,-27.06
355,24.80,28.32,3.53,28.32,22.76,25.93,3.16,0.03,54.46,90.00,43.71,3553.79,0.84,0.88,-19.47,-23.93
356,25.56,25.21,0.35,25.56,24.28,23.95,0.33,0.06,57.54,90.00,41.09,3245.66,0.82,0.84,-19.88,-21.06
357,30.31,28.34,1.97,30.31,28.09,26.05,2.04,0.09,54.01,90.00,44.09,3599.38,0.88,0.88,-24.84,-23.64
358,27.31,25.63,1.68,27.31,24.05,23.25,0.80,0.06,53.53,90.00,44.50,3647.41,0.87,0.87,-23.44,-22.09
359,27.74,25.59,2.14,27.74,25.00,23.41,1.59,0.02,54.47,82.35,36.05,2787.91,0.87,0.85,-23.71,-21.22
360,24.17,26.56,2.39,26.56,21.71,23.50,1.80,0.06,60.29,90.00,38.76,2971.44,0.86,0.89,-20.63,-24.19
361,26.87,23.40,3.47,26.87,25.01,22.22,2.79,0.06,53.80,90.00,44.27,3619.63,0.88,0.82,-22.66,-17.66
362,25.25,26.72,1.47,26.72,21.76,22.19,0.43,0.09,57.44,83.43,34.61,2599.57,0.89,0.90,-22.87,-24.80
363,26.52,25.89,0.63,26.52,23.27,23.10,0.17,0.09,57.50,90.00,41.13,3250.47,0.81,0.85,-21.01,-21.96
364,28.83,28.67,0.16,28.83,26.59,25.64,0.94,0.06,55.23,86.18,39.24,3095.28,0.91,0.90,-25.58,-25.36
365,21.31,25.37,4.06,25.37,18.09,20.51,2.42,0.04,57.21,98.83,50.21,4162.45,0.78,0.85,-14.04,-21.03
366,28.85,28.71,0.14,28.85,24.35,25.03,0.68,0.02,57.06,85.60,37.10,2853.79,0.86,0.86,-24.53,-24.78
367,29.48,28.95,0.53,29.48,25.02,23.52,1.50,0.08,59.55,90.00,39.38,3044.52,0.86,0.85,-26.25,-24.66
368,26.72,27.20,0.48,27.20,23.92,23.83,0.09,0.03,52.44,90.00,45.42,3755.59,0.84,0.85,-21.17,-22.30
369,25.94,26.86,0.92,26.86,22.38,24.25,1.86,0.06,60.40,90.00,38.66,2960.23,0.84,0.83,-21.42,-22.19
370,26.46,25.91,0.55,26.46,24.42,25.51,1.10,0.05,56.26,90.00,42.18,3374.08,0.84,0.83,-21.97,-21.33
371,26.58,27.81,1.23,27.81,22.82,23.75,0.93,0.06,56.22,93.86,46.08,3764.27,0.87,0.86,-22.65,-23.54
372,28.30,27.66,0.64,28.30,25.42,25.65,0.23,0.07,54.62,90.00,43.57,3537.79,0.88,0.84,-24.78,-22.21
373,27.27,30.54,3.27,30.54,25.06,27.38,2.32,0.09,57.89,87.41,38.21,2952.59,0.81,0.85,-21.37,-26.17
374,24.97,26.43,1.46,26.43,23.05,24.78,1.74,0.08,58.58,90.00,40.21,3141.79,0.87,0.85,-21.44,-22.32
375,24.50,25.20,0.70,25.20,22.88,23.81,0.93,0.05,52.67,90.00,45.23,3733.46,0.87,0.86,-21.06,-20.32
376,26.95,25.74,1.20,26.95,23.86,23.09,0.77,0.05,58.67,90.00,40.13,3133.03,0.89,0.88,-24.38,-23.26
377,27.05,28.37,1.33,28.37,24.35,25.72,1.37,0.05,61.95,90.00,37.34,2804.73,0.86,0.85,-23.35,-23.97
378,28.89,27.25,1.63,28.89,24.47,23.57,0.89,0.04,59.75,88.24,37.45,2848.92,0.88,0.82,-25.35,-21.48
379,26.60,26.33,0.28,26.60,23.43,23.08,0.34,0.05,52.99,89.85,44.81,3685.92,0.81,0.84,-20.74,-21.82
380,27.42,26.31,1.11,27.42,23.26,22.75,0.50,0.03,57.66,90.00,40.99,3234.46,0.82,0.82,-21.04,-20.66
381,25.37,25.89,0.51,25.89,24.00,24.58,0.59,0.03,57.52,90.00,41.11,3248.08,0.87,0.87,-21.56,-22.10
382,23.82,26.76,2.94,26.76,21.34,23.78,2.44,0.03,57.78,90.00,40.89,3222.24,0.83,0.89,-19.48,-24.19
383,28.30,27.26,1.05,28.30,24.48,24.10,0.38,0.04,56.83,90.00,41.69,3316.52,0.83,0.81,-22.23,-21.03
384,24.81,25.54,0.73,25.54,22.00,22.25,0.25,0.01,51.98,86.65,42.47,3467.00,0.87,0.84,-20.64,-20.97
385,25.98,27.90,1.92,27.90,23.62,23.26,0.36,0.07,60.28,90.00,38.76,2972.29,0.85,0.89,-22.00,-25.34
386,21.99,25.92,3.93,25.92,21.70,23.22,1.52,0.11,59.15,98.04,47.76,3889.04,0.82,0.86,-17.14,-21.21
387,31.03,26.71,4.32,31.03,27.11,24.19,2.92,0.06,62.79,90.00,36.63,2720.64,0.89,0.87,-28.01,-23.65
388,25.46,25.09,0.38,25.46,22.38,23.05,0.68,0.05,56.57,90.00,41.91,3342.54,0.84,0.84,-20.82,-20.33
389,28.94,27.81,1.14,28.94,27.98,26.62,1.36,0.06,58.52,90.00,40.26,3148.31,0.89,0.84,-25.87,-22.74
390,24.02,28.29,4.27,28.29,22.34,24.49,2.15,0.03,57.53,90.00,41.10,3246.88,0.84,0.86,-19.82,-23.76
391,25.73,27.01,1.28,27.01,23.11,24.19,1.08,0.07,58.78,90.00,40.03,3121.53,0.84,0.86,-20.84,-22.72
392,27.26,29.12,1.87,29.12,25.22,26.67,1.45,0.04,53.12,90.00,44.85,3688.19,0.83,0.87,-21.03,-25.04
393,24.82,24.39,0.43,24.82,23.17,22.43,0.74,0.05,55.95,90.00,42.44,3405.19,0.85,0.86,-21.08,-20.75
394,26.10,27.62,1.52,27.62,21.48,22.96,1.48,0.03,54.57,89.03,42.65,3446.21,0.85,0.86,-21.58,-23.28
395,24.25,24.59,0.34,24.59,22.06,23.00,0.94,0.06,57.72,90.00,40.93,3227.51,0.85,0.84,-19.88,-20.07
396,26.41,30.29,3.89,30.29,23.01,25.46,2.45,0.06,54.37,92.22,46.00,3784.81,0.79,0.83,-19.38,-23.66
397,28.92,26.20,2.72,28.92,25.69,24.30,1.39,0.02,60.46,90.00,38.61,2953.98,0.87,0.83,-25.26,-21.17
398,23.92,26.74,2.82,26.74,22.49,24.03,1.54,0.04,56.11,90.00,42.31,3389.31,0.85,0.87,-19.32,-23.35
399,28.27,28.69,0.43,28.69,24.66,24.57,0.09,0.11,61.69,90.00,37.57,2831.31,0.84,0.83,-23.60,-23.49
400,27.78,27.84,0.05,27.84,25.26,24.94,0.31,0.06,54.60,90.00,43.59,3539.73,0.85,0.84,-23.38,-22.52
401,27.69,27.60,0.09,27.69,24.50,24.15,0.36,0.03,58.97,84.86,34.74,2589.11,0.89,0.88,-24.99,-24.98
402,29.38,30.74,1.36,30.74,24.08,25.16,1.08,0.02,53.71,89.25,43.60,3553.88,0.83,0.86,-23.17,-25.60
403,28.54,28.09,0.45,28.54,25.89,25.70,0.19,0.04,60.18,90.00,38.85,2981.77,0.87,0.86,-24.76,-23.94
404,27.83,25.14,2.69,27.83,23.52,21.97,1.54,0.05,55.95,90.00,42.44,3404.76,0.87,0.85,-23.99,-21.41
405,31.15,28.43,2.72,31.15,27.48,27.19,0.29,0.07,54.52,90.00,43.66,3548.10,0.86,0.81,-25.39,-22.20
406,26.94,27.46,0.51,27.46,25.01,24.73,0.28,0.03,55.27,90.00,43.02,3472.67,0.86,0.87,-22.56,-23.74
407,27.25,27.99,0.74,27.99,23.25,24.11,0.86,0.02,54.18,95.38,49.33,4120.29,0.83,0.82,-21.25,-22.03
408,28.53,26.95,1.57,28.53,23.70,22.56,1.14,0.01,54.97,80.35,33.62,2537.88,0.88,0.85,-25.42,-23.16
409,28.59,27.27,1.31,28.59,25.63,24.06,1.57,0.04,59.03,90.00,39.83,3097.07,0.86,0.85,-24.61,-23.13
410,27.85,28.74,0.89,28.74,25.19,26.97,1.78,0.09,53.43,87.10,41.69,3367.23,0.84,0.84,-21.51,-23.16
411,26.81,27.65,0.83,27.65,24.16,25.91,1.75,0.07,54.87,90.00,43.36,3512.96,0.88,0.86,-23.26,-22.92
412,28.57,26.74,1.83,28.57,25.29,23.82,1.47,0.04,55.25,90.00,43.04,3474.93,0.86,0.85,-23.94,-22.15
413,26.92,29.64,2.72,29.64,25.41,27.40,1.98,0.08,61.14,90.00,38.03,2885.74,0.86,0.88,-23.39,-26.62
414,27.68,28.14,0.46,28.14,24.94,25.65,0.71,0.03,61.46,90.00,37.76,2854.00,0.90,0.89,-25.35,-25.04
415,29.15,29.41,0.26,29.41,24.72,24.79,0.08,0.09,58.58,90.00,40.21,3142.32,0.80,0.82,-22.92,-23.32
416,27.37,27.70,0.33,27.70,23.90,23.98,0.07,0.03,55.13,87.40,40.54,3227.29,0.81,0.87,-21.06,-23.86
417,29.41,27.78,1.63,29.41,24.66,23.47,1.19,0.04,57.71,90.00,40.95,3228.96,0.85,0.85,-24.32,-23.28
418,29.72,28.11,1.61,29.72,24.55,23.46,1.09,0.07,60.48,90.00,38.60,2952.50,0.83,0.81,-24.52,-22.23
419,25.20,26.39,1.19,26.39,24.26,24.19,0.07,0.08,53.58,90.00,44.46,3642.45,0.83,0.86,-19.68,-22.14
420,24.18,24.59,0.41,24.59,21.22,21.09,0.13,0.03,51.23,90.00,46.46,3877.41,0.87,0.86,-20.34,-20.15
421,26.38,26.99,0.61,26.99,23.74,24.74,1.00,0.06,60.36,90.00,38.70,2964.34,0.86,0.85,-22.74,-22.94
422,26.08,28.37,2.29,28.37,22.71,24.60,1.88,0.02,52.67,84.06,39.29,3139.05,0.87,0.87,-22.50,-24.31
423,24.83,27.44,2.61,27.44,22.40,25.17,2.78,0.04,54.51,90.00,43.67,3549.13,0.83,0.89,-19.09,-24.49
424,29.37,29.19,0.18,29.37,25.87,25.59,0.28,0.03,53.80,90.00,44.27,3620.28,0.85,0.92,-20.82,-23.82
425,25.36,27.73,2.36,27.73,23.81,24.59,0.78,0.07,56.32,90.00,42.13,3367.97,0.86,0.88,-21.19,-23.85
426,27.03,27.12,0.08,27.12,23.63,24.54,0.91,0.06,59.61,90.00,39.34,3039.42,0.82,0.84,-20.39,-22.22
427,25.10,27.04,1.94,27.04,23.30,24.22,0.91,0.06,60.47,90.00,38.60,2952.91,0.87,0.88,-21.94,-23.87
428,27.21,28.21,0.99,28.21,24.75,24.71,0.04,0.08,54.60,90.00,43.59,3540.11,0.86,0.89,-20.70,-23.02
429,27.83,26.25,1.58,27.83,25.82,24.78,1.04,0.04,51.44,90.00,46.28,3856.42,0.89,0.86,-23.06,-21.37
430,28.55,30.07,1.52,30.07,23.86,24.27,0.40,0.05,55.00,82.03,35.28,2702.84,0.83,0.84,-23.65,-25.52
431,29.03,28.46,0.57,29.03,25.21,24.56,0.64,0.07,59.63,90.00,39.31,3036.58,0.88,0.85,-26.10,-23.89
432,27.80,27.71,0.09,27.80,25.57,25.23,0.34,0.04,51.89,90.00,45.90,3811.46,0.85,0.87,-22.46,-23.47
433,26.14,28.16,2.02,28.16,23.28,24.79,1.51,0.03,54.80,90.00,43.42,3519.84,0.85,0.86,-21.46,-24.33
434,26.95,24.28,2.67,26.95,25.12,22.64,2.49,0.04,54.10,90.00,44.01,3589.64,0.89,0.83,-24.10,-19.13
435,30.95,29.98,0.97,30.95,24.64,25.36,0.72,0.13,55.11,85.24,38.40,3013.42,0.79,0.80,-24.04,-24.35
436,28.47,27.30,1.17,28.47,26.15,24.98,1.17,0.03,58.26,90.00,40.48,3174.36,0.88,0.87,-23.85,-22.11
437,23.63,24.44,0.81,24.44,21.88,22.43,0.55,0.05,58.11,90.00,40.60,3188.82,0.86,0.88,-19.59,-20.76
438,28.22,27.02,1.20,28.22,24.08,23.41,0.66,0.04,64.95,90.00,34.79,2504.87,0.86,0.85,-24.34,-23.25
439,27.72,26.57,1.14,27.72,23.73,21.91,1.82,0.05,57.93,90.00,40.76,3206.70,0.86,0.83,-24.08,-21.81
440,28.16,24.61,3.56,28.16,24.59,21.27,3.32,0.04,49.20,83.70,41.88,3449.80,0.85,0.81,-24.34,-18.87
441,27.02,26.33,0.68,27.02,24.52,24.55,0.03,0.07,56.36,90.00,42.10,3364.46,0.84,0.81,-22.31,-20.53
442,29.72,28.68,1.04,29.72,25.17,24.37,0.80,0.03,53.02,80.03,34.96,2700.79,0.87,0.82,-26.53,-23.30
443,28.43,27.38,1.05,28.43,24.99,24.04,0.95,0.04,50.49,78.13,35.21,2763.98,0.88,0.86,-25.63,-24.12
444,29.42,26.74,2.68,29.42,25.71,23.80,1.91,0.07,61.11,90.00,38.06,2889.09,0.89,0.82,-26.68,-21.26
445,26.91,26.76,0.15,26.91,23.33,22.30,1.04,0.05,61.27,90.00,37.92,2873.21,0.86,0.84,-23.22,-21.95
446,27.41,27.20,0.21,27.41,24.18,23.35,0.83,0.04,60.46,90.00,38.61,2953.62,0.82,0.84,-22.41,-23.00
447,28.11,30.13,2.02,30.13,23.82,25.81,2.00,0.06,55.24,86.32,39.37,3108.55,0.81,0.85,-21.98,-26.01
448,25.79,24.22,1.57,25.79,22.69,21.81,0.87,0.05,53.74,89.79,44.11,3605.16,0.87,0.82,-22.68,-19.05
449,26.85,27.00,0.15,27.00,22.48,22.63,0.15,0.03,46.88,80.79,40.94,3390.51,0.81,0.85,-20.84,-22.89
450,25.54,26.86,1.32,26.86,22.59,22.02,0.57,0.02,55.25,87.62,40.66,3236.90,0.82,0.85,-20.84,-23.21
451,26.19,23.74,2.44,26.19,22.32,20.08,2.24,0.03,55.42,88.62,41.52,3320.38,0.87,0.82,-23.10,-19.33
452,28.60,27.22,1.38,28.60,25.36,23.85,1.51,0.07,61.89,90.00,37.40,2811.36,0.88,0.87,-25.34,-23.68
453,24.42,27.36,2.94,27.36,21.23,22.50,1.28,0.03,54.56,86.52,40.14,3196.13,0.86,0.87,-20.69,-23.25
454,25.47,27.29,1.82,27.29,22.72,23.18,0.46,0.09,56.06,90.00,42.35,3394.34,0.82,0.85,-20.22,-22.68
455,25.40,22.87,2.53,25.40,22.96,20.72,2.23,0.05,50.49,90.27,47.36,3978.48,0.87,0.82,-21.47,-17.52
456,26.81,28.39,1.58,28.39,22.19,24.11,1.92,0.06,57.85,90.00,40.83,3214.96,0.79,0.84,-19.32,-24.39
457,28.67,27.74,0.93,28.67,26.62,25.24,1.38,0.06,55.61,90.00,42.74,3439.49,0.89,0.88,-25.31,-22.89
458,25.86,24.79,1.07,25.86,23.32,21.14,2.18,0.02,55.40,90.00,42.91,3459.86,0.83,0.85,-21.21,-20.41
459,28.61,26.27,2.34,28.61,25.45,24.46,1.00,0.07,62.96,90.00,36.48,2703.72,0.89,0.85,-25.85,-22.57
460,26.59,24.38,2.21,26.59,25.32,23.55,1.77,0.09,57.44,90.00,41.17,3255.72,0.87,0.78,-24.16,-17.02
461,25.80,24.63,1.16,25.80,24.91,23.27,1.64,0.07,56.39,90.00,42.07,3361.39,0.89,0.84,-23.27,-19.36
462,27.67,25.03,2.64,27.67,25.07,22.85,2.22,0.07,60.34,90.00,38.71,2965.52,0.85,0.79,-24.16,-18.91
463,29.80,27.46,2.35,29.80,25.83,24.42,1.40,0.05,56.76,90.00,41.76,3324.38,0.86,0.82,-24.70,-21.59
464,27.51,27.52,0.01,27.52,23.94,24.30,0.36,0.04,55.83,86.30,38.84,3046.20,0.83,0.85,-22.43,-23.59
465,27.85,27.53,0.32,27.85,24.47,24.64,0.17,0.09,57.15,90.00,41.42,3284.70,0.88,0.88,-24.20,-23.95
466,28.00,29.07,1.07,29.07,25.95,25.83,0.12,0.04,58.82,89.69,39.69,3086.37,0.84,0.83,-23.59,-23.54
467,26.18,28.02,1.83,28.02,23.38,24.89,1.51,0.02,57.67,90.00,40.98,3233.20,0.86,0.88,-22.02,-24.43
468,24.50,22.51,1.99,24.50,22.82,21.63,1.19,0.06,55.48,90.00,42.84,3451.71,0.87,0.87,-21.21,-19.28
469,27.72,26.50,1.22,27.72,25.47,22.80,2.66,0.06,57.88,90.00,40.80,3211.83,0.83,0.83,-23.18,-21.32
470,28.23,30.04,1.81,30.04,25.88,27.17,1.29,0.07,58.83,90.00,39.99,3117.00,0.82,0.86,-21.94,-25.96
471,26.68,28.29,1.62,28.29,26.25,25.96,0.29,0.08,57.24,90.00,41.34,3275.67,0.90,0.90,-24.07,-24.42
472,28.50,24.83,3.67,28.50,25.29,21.47,3.82,0.04,51.05,90.00,46.61,3895.48,0.85,0.84,-22.87,-19.19
473,28.47,28.56,0.09,28.56,24.99,24.98,0.01,0.01,49.25,78.45,36.59,2920.24,0.84,0.83,-23.62,-22.96
474,25.13,28.39,3.26,28.39,22.43,24.61,2.18,0.05,62.41,90.00,36.95,2758.90,0.81,0.88,-19.67,-25.82
475,26.38,26.92,0.54,26.92,23.34,23.88,0.55,0.00,57.39,90.00,41.21,3260.54,0.84,0.88,-20.84,-23.27
476,23.19,21.23,1.96,23.19,21.15,19.72,1.43,0.07,53.77,90.00,44.29,3622.71,0.87,0.84,-19.94,-17.07
477,27.20,27.42,0.23,27.42,23.52,24.62,1.10,0.07,56.53,90.00,41.95,3347.42,0.82,0.82,-20.84,-22.59
478,27.50,25.37,2.13,27.50,23.16,22.41,0.75,0.01,57.02,90.00,41.53,3298.05,0.83,0.83,-21.82,-21.08
479,26.86,28.37,1.51,28.37,24.41,24.39,0.02,0.05,56.72,90.00,41.79,3328.00,0.85,0.84,-22.56,-22.98
480,26.62,24.73,1.88,26.62,24.58,24.08,0.50,0.04,58.68,90.00,40.12,3131.82,0.91,0.85,-24.45,-20.48
481,27.71,25.90,1.81,27.71,23.88,22.80,1.08,0.05,60.85,99.18,47.46,3833.34,0.85,0.83,-23.11,-20.77
482,30.20,28.72,1.48,30.20,26.76,26.46,0.30,0.13,59.59,90.00,39.35,3041.15,0.84,0.85,-25.19,-24.07
483,29.70,27.62,2.08,29.70,25.96,24.95,1.00,0.06,53.25,90.00,44.74,3675.09,0.86,0.80,-24.30,-19.69
484,30.21,28.56,1.65,30.21,27.01,25.41,1.60,0.04,60.27,90.00,38.77,2972.87,0.85,0.85,-25.43,-24.18
485,25.85,28.04,2.18,28.04,23.39,24.28,0.89,0.08,56.83,90.00,41.69,3316.99,0.84,0.83,-22.09,-22.57
486,30.41,27.97,2.44,30.41,24.81,22.60,2.21,0.05,62.08,89.21,36.43,2712.15,0.87,0.83,-26.74,-23.20
487,25.07,24.41,0.67,25.07,23.44,22.57,0.87,0.04,56.76,90.00,41.75,3323.86,0.89,0.86,-22.15,-19.99
488,25.42,26.15,0.73,26.15,23.78,24.65,0.88,0.03,50.82,90.00,46.80,3918.10,0.87,0.88,-20.61,-22.00
489,22.97,25.19,2.21,25.19,20.41,21.90,1.49,0.02,56.63,90.00,41.87,3337.30,0.89,0.86,-20.57,-20.72
490,28.33,25.63,2.71,28.33,26.36,24.52,1.84,0.08,56.62,90.00,41.88,3338.36,0.87,0.87,-23.15,-21.24
491,25.42,28.07,2.65,28.07,23.03,24.41,1.38,0.04,54.64,88.13,41.69,3349.61,0.85,0.86,-20.74,-22.65
492,27.03,27.86,0.83,27.86,25.12,25.18,0.06,0.04,54.39,90.00,43.77,3560.92,0.86,0.87,-22.64,-23.56
493,25.87,24.92,0.95,25.87,23.02,22.42,0.60,0.03,53.18,90.00,44.80,3682.13,0.84,0.86,-20.54,-21.34
494,27.77,25.57,2.20,27.77,25.69,24.78,0.91,0.03,47.77,91.16,50.56,4339.02,0.86,0.85,-21.39,-20.67
495,29.24,29.81,0.57,29.81,25.03,25.69,0.66,0.04,60.53,90.00,38.55,2947.24,0.83,0.85,-23.95,-25.71
496,23.78,24.05,0.27,24.05,21.92,22.63,0.71,0.03,55.98,90.00,42.41,3401.71,0.86,0.87,-19.96,-21.12
497,27.83,27.17,0.66,27.83,24.68,24.73,0.05,0.10,54.43,83.00,36.73,2856.74,0.86,0.82,-24.13,-22.13
498,28.75,27.79,0.97,28.75,25.87,26.19,0.32,0.10,58.80,90.00,40.02,3120.41,0.84,0.80,-24.46,-21.42
499,28.42,27.39,1.03,28.42,24.94,23.98,0.96,0.05,51.49,82.27,38.50,3078.15,0.83,0.83,-23.54,-22.71
500,26.74,27.41,0.67,27.41,23.78,24.17,0.39,0.03,49.33,83.31,41.38,3397.96,0.85,0.86,-21.96,-22.46
501,27.04,27.90,0.86,27.90,24.52,26.29,1.77,0.04,56.63,90.00,41.86,3336.96,0.86,0.90,-22.06,-25.44
502,25.75,24.67,1.07,25.75,24.72,23.09,1.62,0.07,56.46,87.67,39.68,3120.96,0.89,0.86,-23.19,-21.06
503,24.99,26.06,1.07,26.06,21.14,23.44,2.31,0.04,54.23,90.00,43.90,3576.75,0.84,0.83,-20.81,-20.59
504,25.30,26.82,1.52,26.82,22.17,22.88,0.71,0.04,53.92,92.38,46.55,3845.69,0.84,0.81,-20.61,-20.51
505,24.52,27.25,2.73,27.25,21.83,24.75,2.92,0.02,55.92,90.00,42.47,3408.32,0.85,0.87,-19.89,-23.57
506,25.98,25.83,0.15,25.98,23.66,23.21,0.45,0.04,53.64,89.22,43.62,3557.51,0.89,0.86,-22.85,-21.07
507,28.02,26.54,1.48,28.02,26.30,24.36,1.94,0.03,55.30,90.00,43.00,3470.23,0.90,0.85,-25.06,-21.38
508,26.25,26.40,0.14,26.40,25.08,24.75,0.33,0.03,53.97,90.00,44.12,3602.80,0.87,0.83,-23.09,-20.83
509,26.74,28.49,1.75,28.49,24.22,25.85,1.63,0.06,54.68,84.26,37.78,2958.01,0.83,0.87,-21.27,-24.29
510,26.70,24.08,2.62,26.70,24.91,23.26,1.66,0.08,58.04,90.00,40.67,3195.96,0.89,0.82,-24.15,-18.78
511,25.59,26.03,0.44,26.03,22.30,22.51,0.22,0.05,62.22,90.00,37.11,2778.22,0.85,0.86,-21.42,-21.74
512,25.28,25.97,0.69,25.97,22.38,23.09,0.70,0.03,54.21,90.00,43.92,3578.59,0.85,0.86,-20.12,-21.11
513,29.51,29.44,0.07,29.51,24.63,24.37,0.26,0.03,54.60,87.31,40.90,3271.04,0.84,0.82,-24.50,-22.51
514,26.16,27.27,1.11,27.27,22.90,23.79,0.89,0.05,56.60,88.57,40.46,3196.72,0.84,0.83,-21.83,-22.40
515,27.48,28.67,1.19,28.67,27.10,28.51,1.41,0.08,54.92,90.00,43.32,3507.66,0.86,0.87,-23.32,-24.01
516,26.96,25.81,1.15,26.96,25.55,23.94,1.61,0.05,52.72,90.00,45.19,3727.73,0.89,0.86,-22.93,-19.23
517,29.62,29.48,0.15,29.62,26.95,25.66,1.29,0.05,57.48,83.97,35.11,2648.96,0.88,0.86,-24.99,-24.33
518,29.52,29.87,0.35,29.87,25.80,26.25,0.45,0.12,63.68,90.00,35.88,2632.44,0.84,0.82,-25.21,-24.67
519,30.42,29.32,1.11,30.42,25.63,25.46,0.18,0.05,62.00,90.00,37.30,2799.86,0.83,0.83,-25.43,-24.74
520,28.07,25.91,2.16,28.07,24.96,23.59,1.37,0.06,60.50,90.00,38.58,2950.30,0.87,0.80,-24.20,-19.45
521,23.45,25.66,2.21,25.66,21.48,22.62,1.14,0.07,55.80,90.92,43.49,3511.81,0.79,0.83,-17.79,-21.24
522,27.28,26.30,0.97,27.28,25.89,25.34,0.55,0.03,55.15,90.00,43.12,3484.62,0.88,0.87,-22.61,-21.89
523,30.19,28.96,1.23,30.19,25.86,25.20,0.65,0.02,54.61,90.00,43.58,3538.61,0.83,0.85,-23.23,-24.22
524,23.95,27.96,4.00,27.96,21.08,23.11,2.03,0.05,57.43,90.00,41.19,3257.24,0.84,0.86,-20.25,-23.89
525,28.72,25.54,3.18,28.72,25.27,22.83,2.44,0.02,59.66,90.00,39.29,3034.47,0.88,0.87,-24.83,-21.93
526,25.98,25.89,0.09,25.98,24.40,24.60,0.20,0.08,58.41,100.51,50.86,4210.02,0.86,0.83,-21.28,-19.66
527,28.07,28.94,0.86,28.94,23.33,24.41,1.08,0.08,59.99,90.00,39.01,3001.32,0.81,0.81,-22.31,-22.99
528,28.98,27.83,1.15,28.98,23.29,22.72,0.57,0.03,53.42,84.61,39.20,3119.11,0.80,0.82,-22.43,-22.35
529,28.07,28.34,0.27,28.34,24.20,24.48,0.27,0.04,62.51,90.00,36.86,2748.61,0.87,0.84,-24.55,-23.35
530,27.97,30.52,2.55,30.52,25.24,27.36,2.13,0.05,51.56,90.00,46.17,3844.06,0.82,0.88,-21.99,-26.13
531,28.68,28.31,0.38,28.68,26.29,25.03,1.26,0.03,54.67,90.00,43.53,3532.66,0.85,0.84,-23.60,-23.11
532,27.80,27.17,0.63,27.80,25.97,24.88,1.09,0.08,56.14,90.00,42.28,3386.36,0.89,0.86,-24.75,-22.63
533,25.07,24.14,0.93,25.07,22.80,22.31,0.49,0.02,52.47,89.24,44.64,3677.00,0.87,0.83,-21.02,-18.31
534,26.62,26.42,0.20,26.62,23.16,22.57,0.60,0.04,53.95,90.58,44.73,3663.41,0.84,0.84,-22.22,-21.44
535,25.76,26.48,0.72,26.48,23.34,23.91,0.57,0.04,62.78,90.00,36.64,2722.36,0.84,0.87,-21.20,-23.08
536,27.32,24.91,2.41,27.32,24.57,24.15,0.42,0.07,55.71,90.00,42.65,3429.20,0.88,0.84,-23.92,-19.90
537,26.76,25.93,0.84,26.76,25.65,24.61,1.04,0.07,58.27,90.00,40.47,3173.26,0.90,0.88,-23.84,-22.51
538,28.32,28.14,0.18,28.32,23.98,23.28,0.70,0.02,60.80,90.00,38.32,2920.26,0.85,0.86,-23.53,-23.92
539,29.22,28.89,0.33,29.22,25.59,25.27,0.32,0.10,65.30,90.00,34.50,2470.27,0.84,0.85,-24.82,-25.20
540,29.81,30.09,0.28,30.09,24.51,25.60,1.09,0.01,50.67,81.08,38.01,3041.41,0.81,0.81,-22.22,-23.30
541,27.04,28.30,1.26,28.30,23.94,25.34,1.41,0.03,64.85,90.00,34.88,2515.29,0.89,0.86,-24.85,-24.75
542,23.83,27.17,3.33,27.17,20.61,23.90,3.30,0.04,51.77,90.00,45.99,3822.60,0.84,0.88,-18.83,-23.08
543,29.71,29.49,0.22,29.71,26.05,26.20,0.15,0.01,52.44,90.00,45.43,3756.23,0.86,0.84,-24.32,-23.11
544,30.37,30.29,0.08,30.37,25.20,25.88,0.68,0.07,63.33,90.00,36.17,2666.93,0.82,0.83,-24.60,-25.22
545,28.20,29.14,0.94,29.14,25.54,25.53,0.01,0.07,62.20,90.00,37.13,2780.04,0.87,0.86,-24.60,-25.09
546,26.71,27.85,1.14,27.85,25.36,26.02,0.66,0.04,57.02,90.00,41.53,3298.16,0.87,0.85,-22.96,-22.19
547,28.65,26.64,2.01,28.65,25.72,25.11,0.61,0.04,55.98,88.93,41.35,3295.20,0.89,0.84,-24.62,-21.39
548,24.41,28.29,3.89,28.29,23.23,26.31,3.08,0.04,52.57,90.00,45.32,3743.49,0.88,0.89,-20.82,-24.57
549,24.39,23.71,0.68,24.39,21.51,21.38,0.13,0.03,56.65,87.68,39.53,3102.96,0.87,0.85,-21.42,-20.22
550,28.13,26.72,1.41,28.13,25.00,23.11,1.89,0.06,60.03,90.00,38.97,2996.76,0.82,0.85,-22.56,-22.44
551,28.03,25.77,2.26,28.03,24.17,23.95,0.22,0.09,61.71,90.00,37.54,2828.60,0.88,0.88,-22.44,-22.41
552,31.16,27.93,3.23,31.16,26.89,25.13,1.76,0.09,62.54,90.00,36.84,2746.03,0.84,0.82,-26.83,-22.70
553,25.14,27.37,2.23,27.37,23.18,25.62,2.44,0.08,55.13,90.00,43.14,3487.27,0.84,0.88,-20.45,-24.01
554,28.93,27.82,1.10,28.93,25.43,23.95,1.48,0.06,54.63,91.70,45.27,3707.63,0.84,0.82,-23.92,-21.81
555,27.31,27.30,0.01,27.31,25.26,24.85,0.41,0.07,55.47,96.31,49.16,4084.05,0.83,0.85,-21.39,-22.00
556,28.25,28.23,0.03,28.25,26.23,26.11,0.12,0.05,54.66,90.00,43.54,3533.84,0.87,0.88,-22.46,-22.65
557,29.66,27.48,2.18,29.66,26.29,26.32,0.03,0.08,59.26,90.00,39.63,3074.20,0.85,0.87,-24.38,-24.44
558,28.85,29.38,0.53,29.38,25.29,25.28,0.01,0.02,56.28,90.00,42.16,3371.96,0.87,0.88,-24.61,-25.02
559,28.11,27.74,0.36,28.11,25.18,25.55,0.37,0.07,63.12,90.00,36.34,2687.54,0.92,0.90,-26.01,-24.85
560,26.02,24.93,1.09,26.02,24.40,22.65,1.75,0.11,57.82,90.00,40.86,3218.25,0.84,0.81,-22.09,-19.07
561,26.20,25.14,1.06,26.20,22.90,21.23,1.66,0.04,57.71,90.00,40.95,3229.04,0.84,0.79,-21.63,-18.02
562,27.80,26.79,1.01,27.80,25.32,24.32,1.00,0.03,57.43,90.00,41.18,3256.98,0.85,0.84,-23.00,-21.27
563,29.96,30.49,0.54,30.49,26.85,26.89,0.04,0.04,59.79,89.26,38.44,2947.08,0.85,0.88,-25.64,-26.91
564,28.29,28.64,0.35,28.64,24.92,24.62,0.30,0.06,59.98,90.00,39.02,3002.28,0.83,0.87,-23.08,-24.97
565,27.47,26.83,0.65,27.47,24.29,25.26,0.97,0.08,65.41,90.00,34.40,2458.64,0.87,0.87,-23.77,-23.62
566,27.84,28.16,0.32,28.16,23.54,24.31,0.77,0.04,64.99,90.00,34.76,2500.68,0.83,0.84,-22.67,-23.89
567,26.33,25.15,1.17,26.33,23.24,22.81,0.42,0.06,57.45,90.00,41.17,3255.47,0.87,0.85,-23.15,-20.83
568,29.29,26.37,2.92,29.29,25.48,23.38,2.10,0.04,58.96,89.51,39.39,3054.80,0.83,0.80,-23.95,-20.87
569,25.15,25.71,0.55,25.71,23.36,24.36,1.00,0.04,58.80,90.00,40.02,3119.54,0.87,0.85,-21.58,-21.24
570,24.81,24.58,0.23,24.81,22.38,22.82,0.44,0.09,59.52,90.00,39.41,3047.73,0.82,0.79,-20.37,-19.52
571,25.82,24.02,1.80,25.82,23.27,23.18,0.09,0.02,57.35,86.91,38.17,2956.90,0.87,0.85,-22.17,-20.60
572,26.26,26.08,0.18,26.26,23.59,23.67,0.08,0.06,54.69,90.00,43.51,3531.14,0.89,0.86,-23.03,-21.57
573,24.90,26.81,1.91,26.81,23.56,25.40,1.84,0.12,63.51,90.00,36.02,2648.91,0.85,0.85,-21.10,-22.99
574,26.75,26.67,0.08,26.75,22.77,23.11,0.34,0.05,57.72,99.00,49.94,4128.39,0.80,0.81,-18.61,-19.82
575,26.80,26.53,0.26,26.80,24.72,23.56,1.17,0.03,57.22,90.00,41.36,3278.04,0.85,0.86,-22.83,-22.31
576,27.67,25.22,2.44,27.67,23.70,22.02,1.68,0.02,61.55,87.66,35.34,2610.69,0.88,0.87,-25.14,-22.48
577,27.15,28.39,1.23,28.39,25.68,25.10,0.58,0.10,57.90,90.00,40.79,3210.07,0.86,0.84,-23.44,-23.27
578,30.02,29.70,0.32,30.02,26.44,25.42,1.03,0.05,56.07,88.01,40.35,3193.97,0.83,0.82,-24.59,-24.07
579,28.11,28.96,0.85,28.96,24.34,25.28,0.94,0.03,62.29,87.56,34.62,2527.39,0.86,0.88,-24.34,-26.34
580,26.83,27.67,0.83,27.67,24.89,25.88,0.99,0.04,62.04,90.00,37.27,2796.47,0.86,0.89,-22.94,-25.12
581,27.93,24.56,3.38,27.93,25.43,22.54,2.89,0.05,58.89,90.00,39.94,3110.75,0.89,0.82,-25.34,-19.01
582,28.40,29.19,0.78,29.19,25.13,25.42,0.29,0.10,62.65,90.00,36.75,2735.46,0.87,0.86,-24.85,-24.78
583,27.90,31.53,3.63,31.53,24.73,26.56,1.83,0.11,57.64,90.00,41.00,3235.66,0.78,0.85,-20.14,-26.40
584,27.81,27.55,0.27,27.81,25.51,24.10,1.41,0.06,60.85,90.00,38.28,2915.38,0.85,0.84,-23.68,-22.52
585,24.54,24.60,0.06,24.60,22.30,22.52,0.22,0.10,58.52,88.51,38.77,2998.83,0.89,0.88,-22.85,-21.88
586,24.88,24.17,0.71,24.88,22.00,21.39,0.61,0.05,53.27,91.36,46.09,3809.70,0.86,0.81,-21.06,-17.87
587,30.63,31.92,1.30,31.92,27.59,28.85,1.27,0.04,58.66,86.54,36.67,2787.43,0.82,0.90,-23.86,-29.10
588,29.43,29.95,0.52,29.95,26.58,26.63,0.04,0.04,63.51,90.00,36.02,2649.24,0.89,0.85,-26.53,-25.14
589,27.76,26.82,0.94,27.76,24.72,24.59,0.13,0.07,62.76,90.00,36.65,2723.52,0.89,0.87,-25.09,-23.09
590,27.32,25.74,1.58,27.32,24.31,23.15,1.16,0.07,56.87,83.92,35.58,2704.94,0.88,0.87,-24.93,-22.68
591,27.96,26.45,1.51,27.96,26.76,26.07,0.68,0.07,55.41,90.00,42.90,3459.06,0.91,0.86,-25.37,-20.51
592,25.44,27.27,1.83,27.27,24.12,25.24,1.12,0.04,58.66,90.00,40.14,3133.61,0.84,0.87,-20.29,-23.72
593,28.33,27.74,0.59,28.33,24.79,24.07,0.72,0.05,65.06,90.00,34.70,2493.77,0.83,0.86,-23.41,-24.54
594,27.89,26.40,1.49,27.89,23.33,22.94,0.39,0.03,54.52,90.00,43.65,3547.57,0.85,0.85,-22.05,-22.04
595,22.18,25.77,3.59,25.77,18.84,22.33,3.49,0.02,56.74,96.98,48.76,4024.52,0.81,0.86,-16.26,-21.63
596,25.49,26.73,1.24,26.73,21.71,23.11,1.40,0.05,50.54,90.00,47.04,3946.33,0.81,0.85,-18.29,-21.67
597,27.64,28.60,0.97,28.60,25.05,25.50,0.44,0.04,51.82,90.00,45.95,3817.81,0.84,0.84,-21.84,-22.47
598,28.46,29.49,1.03,29.49,24.97,25.87,0.90,0.05,60.28,90.00,38.76,2971.54,0.86,0.87,-24.41,-25.86
599,28.71,27.80,0.91,28.71,25.05,24.71,0.34,0.03,56.23,87.34,39.55,3111.63,0.84,0.87,-23.58,-24.86
600,25.05,25.73,0.67,25.73,22.53,23.12,0.58,0.06,52.95,87.75,42.73,3479.13,0.86,0.86,-20.74,-21.84
601,27.54,26.18,1.36,27.54,23.92,22.89,1.03,0.04,60.68,90.00,38.42,2932.10,0.82,0.81,-21.93,-20.95
602,24.05,27.70,3.65,27.70,21.79,24.62,2.83,0.05,52.52,84.29,39.65,3177.65,0.83,0.86,-19.01,-23.11
603,23.86,26.16,2.30,26.16,21.83,23.54,1.71,0.03,52.69,90.00,45.21,3731.16,0.83,0.87,-18.02,-21.83
604,27.52,32.51,4.99,32.51,23.96,27.29,3.34,0.07,53.08,87.80,42.68,3471.70,0.81,0.81,-21.68,-25.59
605,27.43,22.99,4.44,27.43,23.46,20.54,2.93,0.01,53.93,84.31,38.47,3037.97,0.85,0.82,-23.20,-17.90
606,25.57,25.69,0.12,25.69,22.48,23.19,0.71,0.01,52.04,85.40,41.17,3336.75,0.91,0.86,-23.53,-20.63
607,28.11,28.15,0.04,28.15,23.87,23.99,0.11,0.03,56.76,90.00,41.76,3324.44,0.82,0.82,-22.28,-21.97
608,26.41,24.85,1.56,26.41,23.50,21.79,1.72,0.02,55.99,90.00,42.41,3400.66,0.82,0.83,-21.20,-19.85
609,28.20,24.51,3.69,28.20,24.71,22.42,2.29,0.04,56.13,90.00,42.29,3386.90,0.86,0.83,-24.01,-19.49
610,28.91,26.16,2.75,28.91,26.21,24.21,1.99,0.07,56.95,90.00,41.59,3305.17,0.85,0.83,-24.96,-20.99
611,28.08,25.06,3.02,28.08,25.48,23.09,2.40,0.07,53.39,90.00,44.62,3661.47,0.85,0.80,-23.38,-18.29
612,29.16,29.25,0.09,29.25,24.47,25.52,1.04,0.01,53.53,84.56,39.05,3102.35,0.84,0.84,-22.98,-24.51
613,23.13,27.24,4.12,27.24,20.67,23.54,2.87,0.04,57.42,90.00,41.19,3257.81,0.83,0.90,-18.26,-24.33
614,28.87,23.81,5.06,28.87,25.44,22.98,2.47,0.05,56.14,90.00,42.28,3386.23,0.89,0.83,-25.25,-19.23
615,26.57,26.99,0.42,26.99,24.58,24.19,0.38,0.08,58.71,90.00,40.10,3129.03,0.85,0.86,-22.77,-22.96
616,25.66,23.96,1.70,25.66,23.48,22.15,1.33,0.02,51.95,90.00,45.84,3805.24,0.90,0.89,-22.88,-21.01
617,27.07,25.11,1.96,27.07,23.21,22.02,1.19,0.06,62.60,90.00,36.79,2740.44,0.87,0.84,-23.82,-21.29
618,25.64,26.36,0.72,26.36,24.17,24.17,0.01,0.05,58.07,90.00,40.64,3193.11,0.83,0.87,-20.07,-22.61
619,26.16,25.16,1.00,26.16,23.35,22.77,0.57,0.02,52.46,81.70,37.10,2923.25,0.85,0.82,-22.19,-19.82
620,25.85,25.82,0.03,25.85,21.30,22.17,0.87,0.02,56.98,96.83,48.40,3984.95,0.85,0.83,-21.01,-20.23
621,27.40,27.47,0.06,27.47,25.25,25.53,0.29,0.07,52.92,92.56,47.58,3963.93,0.82,0.85,-20.70,-22.28
622,26.15,24.66,1.49,26.15,24.50,23.15,1.35,0.04,57.23,90.00,41.36,3277.07,0.89,0.87,-22.96,-21.09
623,23.10,28.63,5.52,28.63,20.95,24.88,3.93,0.06,53.67,90.00,44.38,3633.31,0.79,0.85,-16.35,-23.14
624,28.15,27.70,0.45,28.15,27.05,26.11,0.94,0.07,53.20,90.00,44.78,3680.12,0.87,0.84,-23.98,-21.35
625,26.03,28.87,2.84,28.87,22.89,24.98,2.10,0.09,65.45,90.00,34.37,2455.33,0.85,0.89,-22.28,-25.58
626,25.85,26.89,1.04,26.89,23.16,23.85,0.70,0.05,56.67,90.00,41.83,3332.96,0.81,0.82,-20.60,-21.15
627,26.41,30.61,4.21,30.61,22.46,25.77,3.30,0.08,54.91,90.00,43.32,3508.68,0.80,0.84,-20.51,-24.91
628,27.05,27.10,0.06,27.10,23.80,23.63,0.17,0.01,53.20,82.91,37.70,2971.57,0.84,0.87,-21.98,-23.71
629,25.48,26.77,1.30,26.77,23.83,23.65,0.18,0.06,57.29,88.03,39.33,3073.60,0.83,0.87,-20.36,-22.99
630,26.81,25.62,1.19,26.81,24.89,23.33,1.57,0.08,57.23,90.00,41.36,3277.16,0.85,0.85,-22.04,-21.13
631,26.68,26.76,0.08,26.76,24.41,24.12,0.29,0.04,52.51,90.00,45.37,3749.41,0.84,0.86,-21.65,-22.65
632,27.75,27.22,0.53,27.75,25.25,24.08,1.18,0.05,59.34,90.00,39.57,3066.48,0.85,0.85,-23.49,-23.17
633,21.43,26.31,4.89,26.31,19.35,22.96,3.61,0.02,57.11,90.00,41.46,3289.34,0.83,0.88,-16.91,-23.02
634,27.15,29.87,2.72,29.87,24.51,25.20,0.70,0.06,60.12,90.00,38.90,2988.20,0.84,0.86,-22.84,-25.39
635,25.79,26.56,0.77,26.56,24.57,24.86,0.29,0.05,54.57,90.00,43.61,3542.89,0.88,0.92,-21.88,-24.62
636,26.88,25.23,1.65,26.88,23.30,22.38,0.92,0.06,57.59,90.00,41.05,3241.48,0.83,0.81,-21.82,-20.10
637,27.13,25.70,1.43,27.13,24.81,23.11,1.70,0.06,54.63,90.00,43.56,3536.98,0.85,0.83,-22.39,-20.53
638,25.55,26.39,0.84,26.39,23.50,22.89,0.61,0.07,60.30,90.00,38.75,2970.36,0.83,0.86,-20.30,-21.82
639,30.88,26.80,4.08,30.88,25.94,23.01,2.93,0.07,62.79,90.00,36.63,2720.68,0.84,0.80,-26.99,-21.51
640,25.60,26.33,0.74,26.33,22.12,22.83,0.71,0.02,55.61,90.00,42.73,3438.74,0.84,0.88,-20.42,-23.86
641,28.32,26.93,1.40,28.32,25.21,24.64,0.57,0.03,53.90,90.00,44.19,3610.01,0.86,0.84,-22.64,-21.38
642,23.88,26.82,2.94,26.82,21.92,24.05,2.13,0.04,52.54,90.00,45.34,3745.84,0.81,0.87,-17.87,-23.21
643,25.92,26.53,0.61,26.53,23.84,24.11,0.27,0.07,61.96,90.00,37.33,2804.06,0.86,0.84,-22.66,-21.72
644,23.11,26.21,3.10,26.21,20.35,23.58,3.23,0.02,56.01,90.00,42.39,3398.82,0.80,0.85,-17.32,-22.31
645,25.03,25.86,0.83,25.86,23.30,23.28,0.02,0.06,54.48,90.00,43.69,3552.12,0.85,0.85,-20.34,-21.48
646,27.62,26.44,1.18,27.62,24.46,22.52,1.94,0.06,63.24,89.65,35.89,2640.84,0.86,0.86,-23.54,-23.02
647,27.04,27.13,0.10,27.13,25.29,26.20,0.90,0.05,56.53,90.00,41.95,3347.10,0.89,0.88,-23.75,-23.24
648,27.50,26.97,0.52,27.50,22.88,23.02,0.14,0.03,55.63,88.97,41.68,3333.82,0.83,0.80,-22.42,-20.48
649,29.58,31.80,2.23,31.80,27.08,28.39,1.31,0.07,55.12,90.00,43.14,3487.59,0.87,0.87,-25.08,-26.70
650,27.71,25.71,2.00,27.71,25.05,22.67,2.37,0.09,58.42,86.92,37.27,2850.60,0.84,0.80,-23.65,-19.99
651,25.08,27.33,2.25,27.33,23.16,24.67,1.51,0.07,60.32,90.00,38.73,2968.07,0.83,0.87,-20.97,-24.71
652,27.75,26.46,1.29,27.75,24.10,23.50,0.61,0.03,62.26,90.00,37.08,2774.08,0.89,0.85,-25.53,-21.71
653,23.29,25.53,2.24,25.53,22.61,22.73,0.12,0.08,55.84,90.00,42.54,3416.30,0.86,0.87,-19.57,-21.60
654,28.10,25.35,2.75,28.10,24.45,22.60,1.86,0.04,55.60,86.44,39.18,3083.84,0.84,0.81,-23.62,-19.85
655,26.99,27.25,0.27,27.25,24.59,23.78,0.80,0.04,52.90,90.00,45.03,3709.84,0.81,0.83,-19.99,-20.99
656,26.36,26.93,0.57,26.93,24.07,25.73,1.66,0.07,61.81,90.00,37.46,2819.37,0.83,0.90,-20.97,-25.00
657,21.36,20.41,0.95,21.36,18.80,18.15,0.65,0.02,53.90,90.00,44.18,3609.73,0.85,0.85,-16.94,-16.73
658,29.90,28.55,1.35,29.90,26.32,25.37,0.95,0.06,51.48,90.00,46.24,3852.25,0.84,0.84,-23.48,-22.04
659,26.73,26.57,0.16,26.73,23.06,24.07,1.00,0.03,52.65,86.92,42.16,3426.54,0.85,0.88,-21.89,-23.33
660,28.73,26.20,2.54,28.73,27.52,24.87,2.64,0.11,55.06,90.00,43.20,3493.88,0.89,0.83,-25.25,-19.38
661,25.98,26.70,0.72,26.70,23.60,24.11,0.51,0.06,51.25,90.00,46.43,3874.68,0.88,0.84,-22.62,-20.25
662,23.49,21.17,2.32,23.49,20.33,19.19,1.14,0.09,54.81,94.68,48.09,3986.90,0.90,0.88,-21.60,-18.29
663,29.10,28.44,0.66,29.10,24.57,23.55,1.02,0.10,57.47,81.89,33.04,2441.61,0.83,0.82,-25.18,-23.65
664,26.53,28.15,1.62,28.15,23.55,25.49,1.94,0.03,57.73,90.00,40.93,3226.95,0.84,0.85,-20.89,-24.59
665,27.82,29.33,1.51,29.33,24.24,24.66,0.42,0.11,65.05,88.35,33.06,2330.27,0.84,0.86,-24.04,-26.55
666,26.65,27.74,1.09,27.74,25.35,25.98,0.63,0.04,61.17,90.00,38.01,2883.35,0.87,0.90,-22.68,-25.67
667,27.34,29.56,2.22,29.56,26.52,26.80,0.28,0.08,59.82,90.00,39.15,3017.78,0.84,0.88,-22.88,-25.52
668,24.57,28.53,3.97,28.53,23.01,24.91,1.90,0.11,58.19,90.00,40.54,3180.79,0.84,0.84,-20.29,-23.20
669,26.00,28.65,2.65,28.65,22.69,25.13,2.44,0.02,57.72,90.00,40.94,3227.94,0.81,0.85,-19.95,-25.01
670,26.53,26.63,0.10,26.63,24.72,24.01,0.72,0.07,50.80,90.00,46.82,3919.58,0.83,0.82,-20.87,-20.06
671,21.27,24.69,3.43,24.69,18.57,21.12,2.55,0.01,49.62,80.30,38.12,3068.23,0.82,0.83,-16.53,-19.57
672,24.43,24.60,0.17,24.60,21.06,21.02,0.04,0.05,52.61,90.63,45.92,3802.82,0.85,0.86,-19.75,-20.81
673,28.39,27.80,0.59,28.39,24.95,23.44,1.51,0.08,54.47,84.51,38.20,3003.24,0.84,0.83,-23.43,-22.15
674,24.00,26.79,2.79,26.79,21.78,22.93,1.14,0.07,61.58,90.00,37.65,2841.67,0.84,0.90,-19.62,-24.65
675,23.46,25.05,1.59,25.05,22.37,22.62,0.25,0.05,53.76,90.00,44.30,3623.52,0.83,0.88,-17.52,-21.45
676,28.33,23.78,4.55,28.33,26.22,22.10,4.12,0.05,51.16,90.00,46.51,3884.00,0.87,0.84,-23.61,-18.56
677,24.90,23.77,1.13,24.90,22.74,22.48,0.26,0.02,53.61,91.69,46.12,3808.10,0.87,0.86,-21.33,-19.88
678,27.57,27.31,0.26,27.57,24.78,25.75,0.97,0.04,62.22,90.00,37.12,2778.41,0.88,0.87,-24.62,-24.01
679,26.24,27.28,1.04,27.28,24.88,25.41,0.53,0.08,57.30,90.00,41.29,3269.96,0.86,0.86,-21.80,-22.90
680,25.28,26.32,1.04,26.32,22.90,24.35,1.46,0.03,55.27,90.00,43.02,3473.29,0.87,0.86,-21.23,-22.47
681,21.33,25.78,4.45,25.78,19.89,22.52,2.63,0.09,58.29,90.00,40.45,3170.53,0.81,0.85,-16.45,-21.61
682,29.18,26.86,2.32,29.18,26.71,25.80,0.91,0.06,55.44,90.00,42.87,3455.71,0.88,0.84,-25.10,-21.89
683,25.22,26.98,1.75,26.98,21.91,23.60,1.70,0.03,51.48,90.00,46.25,3852.44,0.85,0.85,-20.27,-21.87
684,29.60,27.86,1.74,29.60,27.61,25.43,2.18,0.07,53.47,90.00,44.55,3652.74,0.86,0.84,-24.00,-21.85
685,26.47,26.09,0.38,26.47,24.84,23.61,1.23,0.06,54.29,89.20,43.05,3490.67,0.86,0.85,-22.15,-21.11
686,26.85,26.76,0.09,26.85,24.24,23.57,0.67,0.06,57.69,90.00,40.97,3231.29,0.87,0.82,-23.25,-20.38
687,27.45,27.18,0.27,27.45,24.63,24.74,0.10,0.06,54.93,90.00,43.31,3507.25,0.84,0.85,-22.20,-22.53
688,27.71,28.15,0.45,28.15,25.27,25.28,0.01,0.05,53.22,90.00,44.76,3677.96,0.86,0.88,-22.94,-23.97
689,27.59,26.78,0.81,27.59,24.17,23.59,0.58,0.02,58.81,86.64,36.65,2782.88,0.90,0.86,-24.62,-22.52
690,27.98,28.31,0.33,28.31,25.42,25.71,0.29,0.08,58.32,90.00,40.43,3168.09,0.87,0.85,-24.27,-23.65
691,28.81,29.13,0.33,29.13,24.09,25.19,1.10,0.07,58.81,90.00,40.01,3118.68,0.84,0.85,-24.00,-25.03
692,25.89,26.13,0.24,26.13,23.32,22.92,0.40,0.06,55.58,100.32,53.08,4474.00,0.87,0.82,-22.23,-18.08
693,24.67,30.66,6.00,30.66,21.72,25.28,3.56,0.13,59.57,90.00,39.37,3043.36,0.80,0.86,-19.14,-26.40
694,26.52,22.25,4.27,26.52,23.17,20.14,3.04,0.04,54.02,90.00,44.08,3597.85,0.91,0.86,-23.92,-17.14
695,28.16,28.88,0.72,28.88,25.51,26.16,0.65,0.06,60.74,90.00,38.37,2926.07,0.87,0.87,-24.84,-24.90
696,29.78,28.80,0.98,29.78,26.00,25.37,0.63,0.02,60.82,88.53,36.83,2770.44,0.88,0.85,-26.59,-24.14
697,26.91,25.85,1.06,26.91,25.51,25.61,0.10,0.07,52.72,90.00,45.19,3728.17,0.88,0.83,-23.10,-19.40
698,26.68,27.56,0.87,27.56,24.72,25.52,0.81,0.07,60.18,90.00,38.84,2981.60,0.87,0.86,-23.06,-23.95
699,24.85,22.65,2.19,24.85,22.28,22.60,0.33,0.03,48.56,90.89,49.62,4233.91,0.85,0.82,-19.33,-16.87
700,28.53,27.53,0.99,28.53,24.46,22.50,1.95,0.05,60.28,90.00,38.76,2972.19,0.87,0.85,-25.05,-23.10
701,28.31,27.14,1.18,28.31,25.02,25.06,0.03,0.08,58.77,90.00,40.05,3123.48,0.86,0.86,-24.39,-23.27
702,28.03,28.14,0.11,28.14,24.58,24.62,0.04,0.07,60.84,87.97,36.25,2712.72,0.88,0.89,-23.58,-22.17
703,27.15,25.17,1.98,27.15,25.29,22.90,2.40,0.04,47.40,90.00,49.71,4259.82,0.85,0.86,-21.25,-20.35
704,28.28,26.99,1.30,28.28,24.80,24.00,0.80,0.06,55.86,90.00,42.52,3413.99,0.85,0.84,-23.78,-22.34
705,26.52,26.23,0.30,26.52,22.87,22.48,0.39,0.04,56.75,91.58,43.34,3482.34,0.78,0.78,-20.04,-19.74
706,25.89,27.27,1.38,27.27,23.70,24.09,0.39,0.04,55.40,90.00,42.91,3459.77,0.85,0.88,-20.47,-23.03
707,22.88,21.19,1.69,22.88,19.47,18.49,0.98,0.04,55.90,90.00,42.49,3410.41,0.87,0.83,-19.52,-16.51
708,28.13,28.80,0.67,28.80,25.36,25.31,0.05,0.10,59.69,90.00,39.27,3031.31,0.85,0.82,-24.51,-23.52
709,29.83,29.04,0.79,29.83,27.15,26.14,1.02,0.04,54.27,90.00,43.87,3572.86,0.87,0.85,-25.76,-23.17
710,25.03,24.73,0.31,25.03,22.93,23.04,0.11,0.03,48.11,90.00,49.11,4189.27,0.90,0.86,-21.60,-18.89
711,24.02,20.42,3.61,24.02,21.21,19.10,2.12,0.07,53.47,94.45,49.00,4098.06,0.87,0.83,-20.84,-15.52
712,23.79,24.65,0.86,24.65,20.98,22.63,1.64,0.06,61.21,108.70,56.67,4749.24,0.81,0.87,-15.64,-20.15
713,27.93,28.95,1.01,28.95,24.14,25.00,0.87,0.05,56.92,90.00,41.62,3308.42,0.83,0.84,-22.72,-23.96
714,28.07,26.27,1.80,28.07,24.56,23.84,0.72,0.07,57.91,90.00,40.78,3209.45,0.85,0.85,-23.69,-22.64
715,26.28,24.95,1.33,26.28,25.36,24.42,0.94,0.10,55.35,90.00,42.95,3464.74,0.85,0.84,-22.18,-20.11
716,28.01,27.70,0.31,28.01,23.80,24.20,0.39,0.04,53.38,85.56,40.19,3217.87,0.81,0.80,-21.85,-20.65
717,30.45,27.70,2.75,30.45,26.46,25.02,1.44,0.05,55.67,85.52,38.20,2985.27,0.87,0.83,-27.41,-22.63
718,29.09,26.74,2.35,29.09,25.41,24.42,0.99,0.05,56.10,90.00,42.32,3390.08,0.86,0.82,-24.27,-20.62
719,26.94,27.76,0.82,27.76,20.72,21.73,1.01,0.02,60.25,98.22,47.01,3797.38,0.79,0.82,-19.03,-21.92
720,28.24,26.67,1.57,28.24,24.36,23.31,1.05,0.04,57.96,90.00,40.73,3204.06,0.86,0.84,-23.28,-21.60
721,24.58,25.39,0.81,25.39,23.03,22.95,0.08,0.07,58.03,90.00,40.67,3196.90,0.86,0.86,-21.10,-21.58
722,29.56,27.23,2.33,29.56,25.80,23.19,2.61,0.02,51.08,86.03,42.61,3494.84,0.87,0.90,-24.53,-24.80
723,28.86,28.81,0.06,28.86,26.54,26.98,0.44,0.05,52.89,90.00,45.04,3711.03,0.84,0.84,-22.15,-21.86
724,25.94,27.62,1.68,27.62,23.70,24.83,1.13,0.09,60.91,90.00,38.23,2909.01,0.84,0.87,-22.00,-24.21
725,27.47,25.44,2.03,27.47,24.24,22.88,1.36,0.01,55.24,90.00,43.04,3475.68,0.87,0.82,-23.79,-19.71
726,27.74,27.68,0.05,27.74,25.37,25.92,0.55,0.10,57.02,90.00,41.54,3298.36,0.86,0.85,-23.43,-22.64
727,26.24,26.08,0.16,26.24,25.39,23.89,1.50,0.03,52.29,90.00,45.55,3770.79,0.87,0.87,-22.11,-21.63
728,26.79,27.13,0.33,27.13,23.38,23.30,0.08,0.08,57.16,90.00,41.42,3284.20,0.84,0.84,-22.05,-22.74
729,26.04,24.47,1.58,26.04,22.40,21.53,0.87,0.02,55.94,90.00,42.45,3406.45,0.86,0.86,-21.63,-20.80
730,23.39,28.04,4.65,28.04,22.56,24.56,2.00,0.09,56.80,90.00,41.72,3319.57,0.79,0.85,-17.35,-23.74
731,27.31,26.40,0.91,27.31,24.75,24.39,0.36,0.03,56.97,86.52,38.10,2955.47,0.88,0.86,-24.10,-22.11
732,24.88,27.40,2.51,27.40,23.65,24.77,1.12,0.05,59.07,89.85,39.65,3078.54,0.89,0.87,-22.08,-23.35
733,25.19,27.63,2.45,27.63,22.82,24.84,2.03,0.04,56.24,90.00,42.20,3376.30,0.85,0.86,-20.81,-23.13
734,26.00,25.72,0.28,26.00,22.81,22.86,0.04,0.10,57.62,88.09,39.12,3047.35,0.84,0.83,-22.25,-21.20
735,26.32,27.47,1.15,27.47,24.39,25.88,1.50,0.07,51.60,90.00,46.14,3840.01,0.84,0.86,-21.08,-22.89
736,27.44,28.70,1.26,28.70,24.04,25.46,1.41,0.05,55.01,88.23,41.47,3322.35,0.85,0.87,-23.02,-24.93
737,24.91,24.48,0.43,24.91,23.55,22.55,0.99,0.06,48.26,90.31,49.29,4205.10,0.87,0.86,-20.43,-19.79
738,27.68,26.60,1.08,27.68,22.81,23.49,0.68,0.06,60.01,90.00,38.99,2998.54,0.90,0.85,-25.68,-21.90
739,25.05,24.04,1.02,25.05,23.86,21.80,2.06,0.05,52.31,90.00,45.53,3768.67,0.84,0.82,-20.34,-17.90
740,22.19,24.05,1.86,24.05,18.56,21.55,2.99,0.02,54.31,87.88,41.72,3357.50,0.86,0.87,-18.39,-21.03
741,30.64,30.64,0.00,30.64,25.39,25.91,0.52,0.03,55.75,86.72,39.34,3097.26,0.83,0.83,-25.21,-24.98
742,24.22,24.82,0.60,24.82,22.67,21.82,0.84,0.07,53.22,92.80,47.56,3957.97,0.86,0.86,-19.59,-20.69
743,27.19,27.19,0.00,27.19,23.62,24.07,0.44,0.05,51.25,87.38,43.81,3612.67,0.86,0.85,-22.61,-22.12
744,29.89,27.70,2.19,29.89,28.01,26.27,1.74,0.04,53.09,90.00,44.87,3690.78,0.87,0.86,-25.02,-23.49
745,26.88,25.36,1.52,26.88,23.67,20.93,2.74,0.06,55.50,90.00,42.82,3449.79,0.85,0.82,-22.89,-19.87
746,27.86,25.62,2.24,27.86,25.38,23.58,1.80,0.06,55.78,91.97,44.55,3618.66,0.86,0.83,-23.53,-20.93
747,27.56,29.29,1.73,29.29,23.16,24.65,1.49,0.05,57.52,90.00,41.11,3247.97,0.83,0.85,-22.99,-24.59
748,27.01,27.82,0.81,27.82,24.53,24.32,0.21,0.02,58.01,90.00,40.69,3199.11,0.90,0.88,-24.06,-22.62
749,24.68,28.51,3.83,28.51,22.61,24.41,1.81,0.04,58.08,90.00,40.63,3191.97,0.84,0.87,-20.09,-24.19
750,28.20,27.00,1.20,28.20,24.52,23.08,1.44,0.03,57.93,90.00,40.76,3207.00,0.85,0.84,-23.50,-21.64
751,27.32,27.28,0.05,27.32,23.18,24.01,0.83,0.03,54.73,88.96,42.44,3423.11,0.84,0.85,-21.92,-22.94
752,28.68,31.26,2.58,31.26,27.21,27.79,0.58,0.06,58.38,90.00,40.38,3161.89,0.85,0.85,-24.63,-25.77
753,27.40,25.05,2.35,27.40,23.30,21.61,1.69,0.03,52.39,86.94,42.41,3454.82,0.85,0.83,-22.11,-19.80
754,27.08,29.07,1.99,29.07,26.93,27.25,0.32,0.10,50.98,90.70,47.37,3972.01,0.85,0.87,-21.88,-24.08
755,28.33,25.04,3.29,28.33,23.35,22.00,1.35,0.02,54.58,91.86,45.46,3727.69,0.82,0.80,-22.27,-18.50
756,26.76,25.95,0.81,26.76,23.11,22.98,0.13,0.17,57.52,86.24,37.35,2872.49,0.84,0.85,-22.66,-22.43
757,26.25,26.61,0.37,26.61,23.70,23.24,0.46,0.03,49.70,84.69,42.45,3499.59,0.82,0.80,-20.73,-20.05
758,25.40,25.35,0.04,25.40,22.66,22.57,0.09,0.07,55.28,90.00,43.01,3471.62,0.86,0.84,-21.18,-20.16
759,26.87,27.38,0.51,27.38,22.42,22.40,0.02,0.01,54.83,89.80,43.19,3496.62,0.86,0.87,-22.59,-23.56
760,29.45,27.67,1.78,29.45,24.53,23.42,1.11,0.04,58.16,90.00,40.57,3184.14,0.82,0.78,-23.05,-20.04
761,28.28,26.70,1.58,28.28,24.81,22.47,2.33,0.04,56.04,90.00,42.37,3396.49,0.85,0.84,-23.64,-21.34
762,27.18,27.52,0.34,27.52,23.23,23.90,0.67,0.00,49.58,83.58,41.44,3399.85,0.84,0.85,-22.18,-22.71
763,26.78,22.50,4.28,26.78,24.26,22.83,1.42,0.09,52.54,91.95,47.29,3940.51,0.84,0.76,-22.03,-14.89
764,26.28,27.14,0.86,27.14,22.40,24.28,1.89,0.06,57.60,90.00,41.04,3239.78,0.85,0.86,-21.99,-23.44
765,26.14,27.69,1.55,27.69,23.84,23.69,0.14,0.06,63.42,90.00,36.10,2658.26,0.84,0.84,-21.98,-23.55
766,26.57,27.27,0.71,27.27,23.70,24.17,0.46,0.03,55.88,90.00,42.50,3412.22,0.87,0.87,-22.42,-23.31
767,29.14,28.40,0.74,29.14,24.62,25.01,0.39,0.03,57.26,90.00,41.33,3273.91,0.84,0.84,-23.92,-23.48
768,28.20,25.32,2.88,28.20,22.63,22.87,0.24,0.06,55.42,90.23,43.13,3481.45,0.85,0.81,-23.84,-19.35
769,29.16,29.92,0.76,29.92,25.37,25.86,0.49,0.03,60.22,90.00,38.81,2978.01,0.80,0.86,-22.50,-26.24
770,24.05,23.43,0.63,24.05,20.45,20.77,0.32,0.03,51.81,92.96,48.92,4114.90,0.85,0.83,-19.59,-18.86
771,22.07,23.82,1.75,23.82,21.94,21.89,0.04,0.04,55.89,90.00,42.49,3410.79,0.89,0.90,-19.72,-21.46
772,25.62,26.96,1.34,26.96,23.46,24.65,1.19,0.06,53.91,92.13,46.31,3822.00,0.85,0.87,-20.72,-23.14
773,28.05,27.65,0.40,28.05,25.45,24.94,0.51,0.05,61.93,90.00,37.36,2806.73,0.81,0.83,-21.60,-22.37
774,26.46,25.33,1.13,26.46,24.49,22.28,2.22,0.05,51.83,90.00,45.95,3817.10,0.88,0.88,-22.82,-21.46
775,24.88,26.60,1.71,26.60,23.24,23.34,0.10,0.08,56.17,90.00,42.25,3382.73,0.84,0.89,-20.10,-24.10
776,29.26,28.38,0.88,29.26,25.33,23.89,1.44,0.07,58.77,90.00,40.04,3122.79,0.82,0.81,-23.13,-22.58
777,27.71,29.64,1.93,29.64,23.84,26.05,2.21,0.05,60.24,90.00,38.80,2975.95,0.85,0.86,-23.13,-25.09
778,29.69,27.71,1.98,29.69,26.63,25.80,0.83,0.06,58.92,90.00,39.92,3108.30,0.87,0.82,-25.83,-21.48
779,25.85,24.80,1.04,25.85,22.30,21.24,1.06,0.02,55.97,90.00,42.43,3403.26,0.87,0.85,-22.44,-21.42
780,26.41,25.68,0.73,26.41,22.83,21.99,0.84,0.08,61.15,90.00,38.02,2884.77,0.82,0.84,-21.20,-21.89
781,27.46,26.87,0.58,27.46,25.21,25.69,0.48,0.08,59.17,90.00,39.70,3082.65,0.89,0.90,-23.98,-24.30
782,24.38,24.88,0.50,24.88,21.18,21.64,0.46,0.01,50.92,82.92,39.64,3199.95,0.85,0.86,-20.15,-21.35
783,28.18,30.47,2.28,30.47,26.24,27.02,0.77,0.08,57.10,90.00,41.46,3289.82,0.87,0.89,-24.30,-26.95
784,28.51,27.93,0.57,28.51,25.33,24.28,1.05,0.04,61.64,90.00,37.61,2836.42,0.84,0.84,-23.21,-23.21
785,28.72,28.34,0.37,28.72,25.12,25.00,0.13,0.05,59.48,90.00,39.44,3052.14,0.88,0.87,-24.92,-24.50
786,28.92,28.92,0.00,28.92,25.48,24.54,0.95,0.05,56.26,90.00,42.18,3373.54,0.82,0.83,-22.94,-23.09
787,28.49,28.10,0.39,28.49,22.93,22.72,0.22,0.06,66.72,89.96,33.25,2324.09,0.85,0.84,-25.07,-24.01
788,24.63,24.77,0.14,24.77,22.16,22.78,0.62,0.04,53.40,90.00,44.61,3660.21,0.83,0.86,-19.14,-21.19
789,24.60,24.24,0.37,24.60,21.65,21.26,0.39,0.02,51.73,91.36,47.39,3962.71,0.84,0.90,-19.40,-22.70
790,26.86,27.03,0.17,27.03,23.28,23.55,0.27,0.07,57.23,90.00,41.35,3276.58,0.84,0.82,-22.62,-22.09
791,29.23,29.69,0.46,29.69,24.65,23.49,1.16,0.05,59.60,90.00,39.34,3039.76,0.84,0.85,-24.83,-24.91
792,26.70,27.45,0.75,27.45,24.94,25.27,0.32,0.08,59.95,90.00,39.04,3004.96,0.88,0.88,-23.91,-24.84
793,30.72,27.81,2.91,30.72,25.21,23.51,1.70,0.06,59.28,95.00,44.61,3571.54,0.85,0.83,-25.83,-22.32
794,27.97,29.88,1.91,29.88,24.42,26.17,1.75,0.08,61.46,90.00,37.76,2853.97,0.86,0.86,-23.75,-25.31
795,26.42,27.22,0.79,27.22,24.01,23.11,0.90,0.02,56.21,87.66,39.88,3144.66,0.83,0.88,-21.40,-23.89
796,28.27,26.69,1.58,28.27,24.74,23.88,0.86,0.03,57.18,90.00,41.40,3281.81,0.86,0.85,-24.32,-22.47
797,25.89,28.09,2.20,28.09,22.75,24.67,1.93,0.07,57.23,90.00,41.36,3277.40,0.81,0.83,-19.42,-22.28
798,28.73,26.40,2.33,28.73,25.12,23.54,1.57,0.03,59.28,90.00,39.62,3072.46,0.88,0.85,-25.37,-22.54
799,27.76,27.47,0.29,27.76,24.02,23.21,0.81,0.01,56.91,88.69,40.32,3178.26,0.83,0.87,-22.16,-23.95
800,22.55,24.69,2.14,24.69,21.05,22.69,1.64,0.05,57.54,90.00,41.09,3246.46,0.79,0.86,-16.48,-21.25
801,30.56,30.39,0.17,30.56,25.99,24.65,1.34,0.05,57.45,90.00,41.17,3255.37,0.81,0.80,-24.25,-23.59
802,25.24,28.74,3.50,28.74,22.85,25.54,2.69,0.07,54.14,90.00,43.98,3585.63,0.84,0.89,-19.61,-24.82
803,29.19,27.20,1.99,29.19,25.94,24.61,1.33,0.05,55.58,88.56,41.32,3297.87,0.87,0.87,-23.50,-23.56
804,24.64,24.73,0.09,24.73,21.53,21.51,0.02,0.03,55.41,87.57,40.47,3215.95,0.87,0.87,-21.16,-21.44
805,25.34,27.54,2.20,27.54,21.88,24.26,2.37,0.04,51.86,91.31,47.23,3945.18,0.80,0.84,-18.32,-21.91
806,26.36,26.19,0.17,26.36,22.71,23.27,0.57,0.05,59.07,88.50,38.29,2943.20,0.81,0.85,-19.96,-22.48
807,22.55,25.16,2.61,25.16,18.86,21.75,2.89,0.02,50.00,90.00,47.50,4000.13,0.84,0.85,-17.30,-20.29
808,25.62,25.01,0.61,25.62,22.55,22.28,0.27,0.03,55.01,87.79,41.03,3277.54,0.85,0.83,-21.16,-19.72
809,26.97,27.52,0.55,27.52,24.90,25.24,0.35,0.06,59.18,90.00,39.70,3081.81,0.86,0.83,-22.90,-21.60
810,27.53,27.31,0.23,27.53,24.34,23.12,1.21,0.04,61.94,89.32,36.68,2738.55,0.88,0.88,-24.42,-24.25
811,24.20,25.22,1.02,25.22,21.65,22.93,1.28,0.04,54.44,90.00,43.73,3556.03,0.85,0.89,-19.59,-22.40
812,30.47,28.72,1.75,30.47,25.90,24.87,1.04,0.02,56.17,89.56,41.82,3339.14,0.86,0.83,-25.51,-22.99
813,25.46,25.51,0.04,25.51,22.71,22.30,0.41,0.04,51.01,83.74,40.38,3273.24,0.82,0.84,-20.26,-21.21
814,19.46,20.89,1.43,20.89,18.62,20.09,1.47,0.06,49.58,91.05,48.91,4146.84,0.80,0.86,-12.32,-17.94
815,28.51,28.64,0.13,28.64,24.82,24.98,0.16,0.05,60.21,90.00,38.82,2979.12,0.82,0.82,-23.14,-22.98
816,24.86,27.91,3.05,27.91,23.21,25.83,2.63,0.06,58.76,90.00,40.06,3124.15,0.81,0.85,-19.29,-23.95
817,28.67,26.82,1.85,28.67,27.15,24.49,2.65,0.06,59.77,90.00,39.19,3022.69,0.89,0.88,-25.08,-23.10
818,26.86,25.20,1.66,26.86,23.71,22.74,0.98,0.04,49.81,90.00,47.66,4018.63,0.80,0.81,-19.12,-18.51
819,30.31,28.70,1.61,30.31,23.19,23.96,0.76,0.05,49.47,74.13,32.08,2465.95,0.86,0.85,-26.95,-25.05
820,27.83,26.98,0.85,27.83,26.39,26.25,0.14,0.06,57.47,90.00,41.15,3253.31,0.88,0.84,-24.16,-21.27
821,25.74,26.76,1.02,26.76,23.81,24.81,1.00,0.08,55.47,90.00,42.85,3453.03,0.85,0.87,-21.21,-23.19
822,31.30,30.52,0.78,31.30,26.75,26.46,0.29,0.09,59.86,90.00,39.12,3013.69,0.86,0.82,-27.66,-24.53
823,27.20,27.24,0.04,27.24,24.27,24.98,0.71,0.08,58.01,90.00,40.70,3199.43,0.88,0.87,-24.38,-23.35
824,26.21,25.16,1.05,26.21,23.18,22.23,0.95,0.02,61.03,90.00,38.12,2896.80,0.85,0.85,-22.07,-21.84
825,28.53,28.92,0.39,28.92,24.71,25.39,0.67,0.02,59.34,84.47,34.03,2512.89,0.86,0.84,-24.47,-24.24
826,26.28,26.93,0.64,26.93,23.43,24.23,0.80,0.02,56.83,90.00,41.69,3316.63,0.87,0.87,-22.26,-22.87
827,27.41,28.44,1.03,28.44,25.27,26.30,1.03,0.05,59.75,90.00,39.21,3024.94,0.81,0.90,-20.58,-25.97
828,26.08,26.16,0.08,26.16,25.12,24.46,0.66,0.04,54.00,90.00,44.10,3599.65,0.88,0.89,-22.33,-22.58
829,29.33,29.26,0.07,29.33,26.14,26.87,0.74,0.08,55.83,92.46,45.01,3663.14,0.86,0.84,-24.36,-23.02
830,22.99,22.86,0.13,22.99,22.31,21.43,0.89,0.05,48.49,90.64,49.42,4214.91,0.87,0.85,-19.28,-17.89
831,28.82,27.14,1.69,28.82,26.20,25.03,1.17,0.05,55.44,90.00,42.88,3456.04,0.86,0.84,-24.05,-22.51
832,24.45,25.98,1.53,25.98,22.36,22.80,0.44,0.04,55.83,88.49,41.03,3266.05,0.86,0.88,-20.39,-22.95
833,25.93,25.33,0.59,25.93,22.93,21.85,1.09,0.03,55.39,89.20,42.12,3380.97,0.86,0.82,-21.87,-19.20
834,23.53,25.53,2.00,25.53,22.53,22.98,0.45,0.09,58.32,90.00,40.43,3168.49,0.80,0.85,-17.79,-21.49
835,26.39,29.54,3.16,29.54,22.66,24.71,2.06,0.04,58.89,84.27,34.20,2537.04,0.85,0.84,-22.61,-24.82
836,25.19,24.43,0.77,25.19,22.92,22.23,0.69,0.01,51.59,83.16,39.31,3156.62,0.86,0.86,-20.84,-20.51
837,25.73,25.93,0.20,25.93,23.16,22.89,0.27,0.05,57.84,90.00,40.84,3216.23,0.86,0.88,-21.38,-22.59
838,27.30,28.53,1.23,28.53,24.26,24.11,0.16,0.08,58.78,90.00,40.04,3122.38,0.82,0.83,-22.34,-23.15
839,24.51,27.34,2.83,27.34,23.63,25.31,1.68,0.05,60.50,90.00,38.58,2950.14,0.86,0.88,-20.47,-22.78
840,29.73,25.44,4.29,29.73,24.99,22.13,2.86,0.06,55.50,90.14,42.97,3464.13,0.86,0.80,-26.19,-19.62
841,28.70,28.83,0.14,28.83,24.29,25.49,1.20,0.07,54.92,85.88,39.20,3096.62,0.86,0.86,-24.83,-25.27
842,26.41,26.89,0.48,26.89,24.58,24.65,0.07,0.10,60.70,90.00,38.41,2930.16,0.82,0.85,-21.25,-22.89
843,27.61,29.07,1.46,29.07,26.15,26.69,0.54,0.07,61.26,90.00,37.93,2874.43,0.88,0.87,-24.36,-24.97
844,24.32,24.38,0.06,24.38,23.11,22.48,0.63,0.05,51.71,90.00,46.05,3829.26,0.86,0.87,-20.14,-20.30
845,25.66,28.54,2.88,28.54,22.63,25.75,3.12,0.10,56.09,90.00,42.32,3390.88,0.81,0.84,-19.83,-23.54
846,27.07,26.20,0.87,27.07,25.02,24.48,0.54,0.10,62.07,90.00,37.24,2793.05,0.85,0.88,-23.02,-23.44
847,25.69,28.56,2.87,28.56,22.89,25.01,2.12,0.10,60.71,90.00,38.39,2928.54,0.76,0.85,-18.73,-23.75
848,27.58,28.44,0.86,28.44,23.71,24.27,0.56,0.04,59.85,94.22,43.34,3436.68,0.79,0.82,-20.34,-23.14
849,24.60,26.96,2.36,26.96,23.44,25.05,1.61,0.06,55.35,90.00,42.95,3464.76,0.83,0.88,-19.69,-24.09
850,28.38,27.93,0.45,28.38,25.78,24.66,1.12,0.05,55.33,89.70,42.67,3436.56,0.83,0.79,-22.85,-19.97
851,27.25,28.25,0.99,28.25,26.39,26.15,0.23,0.05,56.28,90.00,42.17,3372.36,0.86,0.86,-22.70,-23.60
852,27.16,26.48,0.67,27.16,23.32,23.59,0.26,0.02,55.59,85.66,38.42,3007.77,0.87,0.83,-23.33,-21.26
853,25.09,25.95,0.86,25.95,23.94,24.75,0.80,0.08,55.74,90.00,42.62,3425.83,0.86,0.87,-21.65,-22.74
854,25.89,29.40,3.50,29.40,22.38,24.53,2.15,0.07,62.02,90.00,37.28,2797.56,0.80,0.85,-20.08,-24.81
855,23.06,23.56,0.50,23.56,21.50,21.05,0.46,0.05,50.11,90.00,47.40,3988.78,0.83,0.83,-18.09,-18.03
856,27.60,28.57,0.97,28.57,24.44,24.86,0.42,0.03,59.17,90.00,39.70,3082.83,0.85,0.87,-23.01,-25.03
857,25.37,26.29,0.91,26.29,24.19,25.48,1.29,0.05,53.19,90.00,44.79,3681.03,0.86,0.84,-20.67,-21.21
858,28.27,28.83,0.56,28.83,24.01,24.30,0.29,0.08,55.42,88.28,41.17,3285.65,0.82,0.81,-23.05,-22.58
859,27.86,28.80,0.95,28.80,26.18,25.94,0.24,0.08,58.69,90.00,40.11,3131.15,0.84,0.87,-23.00,-25.19
860,28.56,25.63,2.93,28.56,25.59,23.69,1.90,0.07,58.20,90.00,40.53,3180.24,0.88,0.87,-25.55,-22.07
861,26.75,27.27,0.52,27.27,24.17,24.76,0.59,0.03,55.55,90.00,42.78,3445.22,0.85,0.87,-21.61,-23.17
862,29.63,30.37,0.74,30.37,28.40,27.57,0.84,0.05,55.87,90.00,42.51,3412.97,0.84,0.87,-23.62,-25.06
863,27.51,27.24,0.27,27.51,24.25,23.97,0.28,0.02,59.26,90.00,39.62,3073.51,0.88,0.89,-24.18,-24.22
864,26.12,25.97,0.15,26.12,24.59,23.93,0.67,0.03,51.62,90.00,46.12,3837.51,0.83,0.83,-19.86,-20.40
865,30.01,24.87,5.15,30.01,26.30,22.86,3.44,0.07,56.42,90.00,42.04,3358.19,0.87,0.85,-25.27,-21.03
866,26.53,30.86,4.33,30.86,22.86,26.91,4.05,0.06,58.47,90.00,40.30,3153.43,0.82,0.84,-20.66,-25.18
867,25.27,25.66,0.38,25.66,22.10,23.11,1.01,0.05,57.14,90.00,41.43,3285.59,0.81,0.83,-19.56,-21.15
868,27.57,28.39,0.82,28.39,23.65,23.83,0.19,0.03,49.78,87.52,45.20,3773.49,0.84,0.81,-21.58,-21.10
869,28.12,26.90,1.22,28.12,25.73,23.79,1.94,0.04,55.51,85.96,38.78,3044.93,0.87,0.85,-24.49,-22.19
870,26.17,27.00,0.83,27.00,23.57,24.40,0.83,0.05,55.63,90.00,42.71,3436.98,0.84,0.86,-20.22,-22.33
871,30.07,30.18,0.11,30.18,26.70,26.38,0.32,0.09,57.07,90.00,41.49,3292.64,0.84,0.85,-25.23,-25.45
872,26.54,26.67,0.12,26.67,24.19,24.74,0.55,0.03,57.41,90.00,41.20,3259.08,0.85,0.86,-21.63,-22.73
873,26.75,26.41,0.34,26.75,25.49,24.87,0.61,0.09,56.99,90.00,41.56,3301.31,0.85,0.85,-22.37,-21.11
874,30.11,28.38,1.74,30.11,26.04,25.53,0.51,0.07,59.61,90.00,39.33,3039.12,0.88,0.84,-26.80,-23.18
875,27.81,25.36,2.45,27.81,24.21,22.43,1.78,0.04,56.60,90.42,42.31,3382.16,0.84,0.82,-22.77,-20.16
876,25.57,25.98,0.42,25.98,22.97,22.99,0.02,0.04,47.78,92.46,51.85,4467.80,0.81,0.85,-18.14,-20.44
877,27.61,27.30,0.31,27.61,23.91,23.77,0.14,0.04,57.36,90.00,41.24,3263.52,0.83,0.86,-22.45,-23.36
878,27.96,25.75,2.21,27.96,26.30,24.63,1.67,0.05,59.51,90.00,39.42,3049.35,0.90,0.86,-25.12,-21.35
879,26.53,29.88,3.35,29.88,23.67,25.78,2.11,0.04,55.19,91.00,44.09,3580.79,0.84,0.85,-21.81,-23.90
880,26.61,27.36,0.75,27.36,25.79,25.63,0.16,0.09,55.51,90.00,42.82,3448.84,0.82,0.82,-20.87,-21.32
881,25.91,28.18,2.27,28.18,22.86,24.63,1.77,0.07,58.07,90.00,40.64,3193.03,0.81,0.86,-19.77,-24.54
882,28.33,26.91,1.42,28.33,25.13,24.77,0.36,0.02,59.54,90.00,39.39,3045.76,0.88,0.86,-25.24,-22.68
883,24.79,26.68,1.90,26.68,23.45,25.45,2.00,0.13,58.24,90.00,40.50,3176.40,0.85,0.84,-21.05,-22.10
884,28.77,27.95,0.82,28.77,24.30,22.90,1.40,0.04,60.84,88.96,37.24,2811.67,0.83,0.80,-24.30,-22.10
885,28.37,29.58,1.21,29.58,24.93,25.18,0.25,0.04,55.85,90.00,42.53,3414.88,0.84,0.85,-23.50,-25.10
886,29.03,30.19,1.16,30.19,24.71,25.46,0.75,0.02,54.29,90.00,43.85,3570.91,0.82,0.87,-21.70,-25.58
887,29.07,29.26,0.19,29.26,23.45,23.18,0.27,0.02,59.84,95.69,44.82,3584.61,0.81,0.82,-22.35,-22.64
888,27.68,27.36,0.32,27.68,23.63,23.49,0.14,0.05,54.68,93.67,47.19,3898.88,0.83,0.82,-21.66,-21.04
889,26.53,28.24,1.70,28.24,24.08,23.88,0.19,0.04,65.91,90.00,33.98,2409.17,0.85,0.86,-22.66,-24.64
890,26.46,28.61,2.16,28.61,22.26,23.30,1.04,0.05,57.27,90.00,41.32,3272.76,0.81,0.85,-21.26,-24.23
891,27.67,32.01,4.34,32.01,23.23,27.13,3.91,0.09,58.73,90.00,40.08,3127.34,0.80,0.83,-21.74,-26.30
892,24.05,24.10,0.05,24.10,21.01,20.37,0.64,0.05,55.02,90.00,43.23,3497.56,0.85,0.81,-20.30,-18.27
893,26.43,24.28,2.16,26.43,22.92,21.02,1.90,0.03,54.57,90.00,43.62,3543.03,0.86,0.83,-22.51,-19.44
894,26.10,26.70,0.60,26.70,23.62,22.76,0.87,0.05,56.06,90.00,42.35,3394.05,0.85,0.85,-21.47,-21.87
895,31.17,28.37,2.79,31.17,25.18,23.67,1.52,0.07,57.21,86.78,38.15,2956.83,0.83,0.81,-25.78,-22.46
896,30.42,26.47,3.95,30.42,25.80,23.60,2.19,0.03,61.27,90.00,37.92,2873.39,0.86,0.82,-26.03,-20.68
897,26.25,24.27,1.98,26.25,22.28,20.92,1.36,0.03,57.05,89.75,41.26,3269.96,0.83,0.83,-21.30,-20.28
898,26.91,25.93,0.98,26.91,24.32,22.68,1.65,0.03,57.37,90.00,41.24,3263.48,0.84,0.86,-21.93,-21.83
899,28.78,24.67,4.11,28.78,23.70,20.67,3.02,0.04,52.51,91.31,46.68,3880.44,0.87,0.82,-24.39,-18.89
900,27.14,27.38,0.23,27.38,23.24,24.21,0.97,0.06,57.80,90.00,40.87,3220.43,0.85,0.85,-23.01,-23.41
901,22.87,26.12,3.25,26.12,20.09,23.33,3.24,0.08,62.23,90.00,37.10,2776.88,0.81,0.88,-18.15,-23.49
902,28.97,27.61,1.36,28.97,25.82,25.40,0.43,0.05,53.42,90.00,44.60,3658.34,0.85,0.81,-23.59,-21.33
903,30.01,28.50,1.52,30.01,25.86,25.66,0.20,0.09,61.45,90.00,37.77,2855.27,0.83,0.82,-24.49,-23.52
904,28.14,27.79,0.36,28.14,24.49,24.95,0.45,0.06,57.01,87.71,39.25,3070.00,0.85,0.85,-23.67,-23.32
905,26.18,26.58,0.39,26.58,24.93,23.59,1.34,0.08,51.69,90.13,46.19,3843.86,0.86,0.87,-22.47,-22.97
906,27.63,27.75,0.12,27.75,25.30,24.24,1.05,0.09,62.15,90.00,37.17,2785.16,0.83,0.84,-22.49,-23.46
907,27.69,27.84,0.15,27.84,24.13,24.97,0.84,0.09,55.37,90.00,42.94,3463.22,0.83,0.85,-22.24,-23.35
908,27.58,27.56,0.02,27.58,24.69,24.26,0.43,0.04,58.16,90.00,40.56,3184.08,0.87,0.84,-24.09,-22.97
909,26.10,27.02,0.92,27.02,24.17,24.12,0.05,0.07,54.21,88.85,42.77,3464.04,0.83,0.85,-21.07,-22.14
910,27.70,26.17,1.53,27.70,25.06,23.65,1.41,0.04,55.63,90.00,42.71,3436.72,0.84,0.84,-21.96,-21.56
911,27.61,27.15,0.46,27.61,24.86,25.13,0.27,0.03,57.90,90.00,40.79,3210.15,0.87,0.85,-23.77,-22.21
912,24.82,26.27,1.46,26.27,21.92,23.45,1.53,0.05,56.82,99.41,51.11,4258.98,0.88,0.85,-21.21,-20.99
913,25.78,25.81,0.03,25.81,22.10,22.82,0.72,0.02,52.75,89.74,44.90,3699.07,0.81,0.86,-18.37,-21.68
914,27.84,27.10,0.74,27.84,22.77,22.68,0.09,0.01,57.28,90.00,41.31,3271.99,0.82,0.83,-21.86,-22.45
915,24.83,26.27,1.43,26.27,23.70,24.44,0.74,0.06,51.46,90.00,46.26,3853.59,0.86,0.86,-20.59,-21.13
916,26.63,25.50,1.13,26.63,23.78,23.03,0.75,0.03,55.80,90.00,42.57,3420.42,0.89,0.87,-23.38,-21.97
917,25.45,26.37,0.92,26.37,24.27,23.26,1.01,0.05,58.82,90.00,40.01,3118.38,0.86,0.86,-22.07,-21.91
918,27.45,25.19,2.26,27.45,24.81,22.55,2.26,0.03,56.94,90.00,41.60,3305.66,0.87,0.83,-23.72,-19.62
919,31.67,29.05,2.62,31.67,27.28,24.89,2.39,0.11,52.83,85.08,40.17,3224.82,0.83,0.86,-25.96,-25.17
920,27.45,27.15,0.31,27.45,23.62,23.83,0.21,0.01,52.15,80.26,35.93,2810.92,0.89,0.92,-22.97,-24.79
921,26.65,28.18,1.53,28.18,24.33,25.29,0.96,0.03,50.36,90.82,48.02,4046.63,0.83,0.82,-20.51,-21.17
922,24.17,26.50,2.33,26.50,23.02,24.73,1.71,0.06,50.63,90.00,46.97,3937.07,0.83,0.83,-18.85,-21.01
923,27.75,28.02,0.27,28.02,25.09,25.41,0.32,0.07,57.45,84.87,36.04,2742.27,0.86,0.86,-24.03,-23.98
924,24.43,23.67,0.76,24.43,21.25,19.96,1.29,0.07,54.38,89.31,43.08,3492.81,0.82,0.81,-20.00,-18.69
925,28.34,26.59,1.75,28.34,25.11,23.97,1.14,0.05,63.84,90.00,35.73,2615.86,0.88,0.84,-25.77,-22.41
926,26.77,28.34,1.58,28.34,23.59,24.68,1.09,0.07,55.58,90.00,42.76,3441.78,0.83,0.84,-21.78,-22.38
927,27.18,28.67,1.49,28.67,24.08,24.81,0.72,0.08,61.31,90.00,37.88,2868.80,0.85,0.85,-23.81,-24.08
928,27.06,26.17,0.90,27.06,23.98,22.87,1.11,0.01,55.76,90.00,42.61,3424.18,0.86,0.82,-21.91,-19.77
929,26.89,27.14,0.25,27.14,25.48,25.07,0.41,0.06,57.38,90.00,41.23,3262.11,0.88,0.89,-22.85,-24.06
930,25.24,25.25,0.01,25.25,22.49,21.81,0.68,0.04,62.01,90.00,37.29,2799.32,0.90,0.84,-23.51,-19.88
931,27.48,26.27,1.21,27.48,24.53,23.98,0.55,0.01,56.88,90.00,41.65,3312.07,0.85,0.86,-22.17,-22.68
932,28.51,29.57,1.05,29.57,24.56,25.95,1.39,0.01,49.97,78.38,35.90,2840.58,0.85,0.89,-23.77,-26.83
933,26.51,27.93,1.42,27.93,25.28,25.78,0.49,0.08,55.48,90.00,42.85,3452.41,0.88,0.86,-23.39,-23.15
934,25.48,27.81,2.33,27.81,23.82,25.46,1.65,0.03,55.51,90.00,42.82,3449.47,0.88,0.91,-22.01,-24.45
935,27.58,26.26,1.33,27.58,24.57,23.35,1.22,0.02,59.85,90.00,39.13,3015.02,0.87,0.83,-23.44,-20.55
936,30.28,28.58,1.70,30.28,26.83,25.44,1.40,0.07,60.51,90.00,38.56,2948.65,0.83,0.79,-24.97,-21.30
937,29.08,28.24,0.84,29.08,24.84,24.70,0.14,0.06,53.75,90.00,44.31,3624.86,0.83,0.84,-23.83,-23.09
938,25.21,27.07,1.86,27.07,23.58,25.12,1.54,0.04,52.53,90.00,45.35,3747.28,0.88,0.90,-21.70,-23.91
939,27.97,25.55,2.42,27.97,25.06,24.33,0.73,0.09,61.98,90.00,37.31,2801.56,0.91,0.83,-26.18,-19.63
940,28.76,29.29,0.53,29.29,26.47,26.19,0.28,0.03,58.71,90.00,40.10,3129.30,0.90,0.92,-25.09,-26.69
941,26.67,25.62,1.05,26.67,25.09,23.88,1.21,0.08,58.79,90.00,40.03,3121.04,0.90,0.86,-24.57,-21.79
942,28.87,28.53,0.34,28.87,24.15,23.23,0.92,0.03,59.09,90.00,39.77,3091.02,0.85,0.83,-24.26,-22.90
943,27.08,25.14,1.94,27.08,23.99,21.99,1.99,0.03,57.72,89.20,40.14,3147.93,0.86,0.83,-22.98,-20.09
944,23.85,28.67,4.82,28.67,21.88,24.67,2.79,0.07,61.06,90.00,38.10,2893.63,0.81,0.86,-18.88,-25.47
945,25.45,27.88,2.43,27.88,21.58,24.11,2.54,0.02,53.77,86.62,40.91,3284.83,0.83,0.86,-19.93,-24.27
946,30.20,29.98,0.22,30.20,24.95,23.96,0.99,0.05,61.70,90.00,37.56,2830.33,0.80,0.83,-23.95,-24.65
947,26.15,25.92,0.23,26.15,23.53,23.50,0.03,0.02,54.81,90.00,43.41,3519.13,0.88,0.86,-22.56,-22.23
948,27.72,25.98,1.74,27.72,24.42,24.33,0.09,0.08,56.26,90.00,42.18,3373.77,0.85,0.84,-23.09,-21.13
949,26.33,25.86,0.47,26.33,24.01,24.13,0.13,0.04,50.51,90.00,47.07,3949.29,0.85,0.85,-20.55,-20.43
950,28.15,28.49,0.34,28.49,24.18,24.73,0.55,0.04,52.61,86.35,41.63,3373.70,0.84,0.82,-23.23,-22.04
951,26.71,26.53,0.18,26.71,23.58,23.68,0.11,0.05,58.14,90.00,40.58,3185.93,0.87,0.84,-23.14,-21.36
952,23.80,26.13,2.33,26.13,23.06,25.57,2.50,0.05,51.59,90.00,46.15,3841.34,0.89,0.88,-20.90,-22.00
953,27.48,28.42,0.94,28.42,24.52,24.65,0.13,0.04,58.00,90.00,40.70,3200.11,0.84,0.83,-22.03,-23.00
954,27.99,27.31,0.69,27.99,24.08,24.63,0.55,0.07,54.71,90.00,43.50,3529.29,0.81,0.81,-21.85,-21.46
955,29.69,30.02,0.33,30.02,25.01,25.61,0.60,0.04,52.06,80.74,36.49,2868.43,0.91,0.85,-27.84,-25.29
956,26.17,26.77,0.59,26.77,23.23,23.54,0.31,0.07,57.65,90.00,41.00,3234.99,0.77,0.84,-19.00,-22.40
957,30.60,27.25,3.35,30.60,27.10,24.10,2.99,0.04,58.30,90.00,40.44,3169.86,0.85,0.84,-25.64,-22.14
958,27.41,27.04,0.37,27.41,23.19,23.95,0.75,0.06,54.85,90.00,43.38,3515.13,0.85,0.82,-22.70,-21.67
959,23.43,25.68,2.26,25.68,21.54,22.59,1.06,0.05,56.18,90.00,42.25,3381.85,0.82,0.87,-18.54,-22.65
960,29.20,27.08,2.12,29.20,25.68,23.52,2.16,0.04,59.99,89.04,38.05,2905.46,0.82,0.83,-23.52,-22.66
961,28.44,29.12,0.68,29.12,25.50,25.84,0.34,0.03,53.78,90.00,44.29,3621.94,0.88,0.87,-24.39,-24.33
962,26.36,27.95,1.59,27.95,23.24,25.88,2.64,0.03,54.88,90.00,43.35,3511.53,0.85,0.87,-21.27,-23.90
963,28.72,28.21,0.51,28.72,25.64,26.19,0.55,0.03,61.98,90.00,37.32,2801.81,0.89,0.89,-26.04,-25.66
964,26.51,27.31,0.80,27.31,24.56,25.13,0.57,0.04,56.70,90.00,41.80,3329.69,0.87,0.84,-23.21,-21.96
965,27.39,28.53,1.14,28.53,23.26,24.40,1.14,0.00,51.39,89.37,45.69,3798.02,0.83,0.86,-20.55,-23.96
966,25.60,26.83,1.23,26.83,23.20,23.18,0.02,0.06,57.61,90.00,41.03,3239.10,0.85,0.87,-21.75,-22.47
967,28.05,27.26,0.79,28.05,24.27,24.40,0.12,0.01,61.40,90.00,37.81,2859.75,0.88,0.87,-24.21,-23.34
968,20.85,24.62,3.77,24.62,19.20,22.62,3.42,0.08,51.21,90.00,46.47,3879.13,0.82,0.86,-15.44,-21.56
969,26.83,26.80,0.02,26.83,23.72,23.50,0.23,0.00,58.65,90.00,40.15,3135.28,0.84,0.86,-21.70,-22.60
970,29.15,31.89,2.75,31.89,24.72,26.04,1.32,0.05,54.97,85.03,38.30,3005.75,0.82,0.86,-23.94,-27.15
971,30.73,30.03,0.70,30.73,26.09,25.56,0.53,0.04,59.51,90.00,39.42,3049.06,0.80,0.82,-23.95,-24.59
972,26.24,26.74,0.50,26.74,24.33,25.62,1.29,0.07,56.12,90.00,42.30,3388.15,0.86,0.90,-21.76,-24.60
973,28.38,29.32,0.94,29.32,24.15,25.04,0.89,0.00,53.79,86.23,40.50,3243.40,0.84,0.87,-22.69,-25.94
974,25.52,27.04,1.52,27.04,23.80,24.16,0.36,0.04,55.69,86.11,38.77,3041.85,0.82,0.84,-20.24,-22.90
975,25.02,25.45,0.43,25.45,22.29,22.96,0.67,0.03,56.50,90.00,41.97,3349.90,0.89,0.89,-21.95,-22.26
976,27.56,26.61,0.95,27.56,24.48,24.34,0.14,0.02,51.64,90.00,46.10,3835.74,0.84,0.80,-22.31,-19.20
977,26.80,26.54,0.26,26.80,23.83,23.77,0.07,0.04,51.75,90.00,46.02,3825.29,0.87,0.89,-21.93,-22.97
978,27.47,27.64,0.17,27.64,25.04,25.05,0.01,0.05,53.53,90.00,44.50,3646.65,0.84,0.88,-21.48,-23.63
979,25.68,26.70,1.02,26.70,23.17,24.42,1.25,0.05,55.17,90.00,43.11,3483.47,0.83,0.82,-20.27,-21.08
980,26.32,26.63,0.31,26.63,23.88,23.80,0.09,0.04,58.79,90.00,40.03,3121.22,0.88,0.87,-22.57,-21.26
981,25.73,26.64,0.92,26.64,22.83,22.70,0.13,0.08,53.88,90.00,44.20,3612.28,0.83,0.82,-20.79,-20.29
982,22.70,21.66,1.04,22.70,20.77,21.19,0.42,0.05,58.12,90.00,40.60,3188.48,0.85,0.82,-19.74,-17.78
983,26.52,26.41,0.11,26.52,24.78,25.85,1.07,0.08,57.18,90.00,41.40,3282.00,0.83,0.88,-20.26,-23.15
984,25.10,26.13,1.03,26.13,22.49,22.15,0.34,0.02,54.11,90.00,44.01,3588.91,0.80,0.87,-17.91,-22.48
985,26.28,27.05,0.77,27.05,23.69,24.09,0.40,0.07,53.32,86.86,41.54,3354.02,0.83,0.86,-21.27,-23.39
986,27.18,29.27,2.09,29.27,23.19,24.90,1.72,0.08,63.55,90.00,35.99,2645.40,0.84,0.86,-22.29,-24.98
987,24.12,25.76,1.65,25.76,21.78,23.14,1.36,0.09,54.89,88.76,42.10,3387.12,0.83,0.87,-19.64,-22.90
988,29.60,30.27,0.66,30.27,27.62,27.29,0.33,0.10,55.15,90.00,43.12,3484.58,0.83,0.83,-23.40,-24.63
989,28.10,28.27,0.17,28.27,24.06,24.16,0.09,0.10,59.76,90.00,39.21,3024.17,0.82,0.82,-22.39,-22.83
990,26.75,27.46,0.71,27.46,23.42,23.69,0.27,0.08,59.37,90.00,39.54,3063.05,0.84,0.84,-22.41,-23.01
991,28.08,24.46,3.62,28.08,24.10,21.39,2.72,0.03,60.31,90.00,38.74,2968.98,0.88,0.84,-24.69,-19.65
992,27.16,27.53,0.37,27.53,24.54,25.60,1.06,0.05,58.20,90.00,40.53,3179.75,0.89,0.87,-23.44,-22.70
993,27.83,27.88,0.05,27.88,23.64,23.06,0.58,0.02,52.86,86.45,41.53,3359.70,0.79,0.82,-20.97,-22.09
994,25.41,26.76,1.35,26.76,23.37,23.44,0.07,0.03,54.05,90.00,44.05,3594.69,0.83,0.83,-20.08,-21.31
995,25.95,27.78,1.82,27.78,23.98,25.23,1.25,0.05,60.35,90.00,38.71,2965.47,0.87,0.90,-21.56,-24.81
996,29.99,29.56,0.43,29.99,26.69,26.78,0.08,0.04,52.87,90.00,45.06,3713.41,0.86,0.83,-24.66,-23.20
997,26.96,24.80,2.16,26.96,25.03,23.04,1.98,0.06,55.05,90.00,43.21,3494.77,0.86,0.84,-22.84,-20.54
998,29.41,30.68,1.27,30.68,25.23,25.48,0.25,0.05,56.59,87.41,39.31,3081.95,0.80,0.88,-22.90,-27.28
999,25.94,25.92,0.02,25.94,22.69,22.94,0.25,0.01,52.40,78.79,34.25,2639.20,0.87,0.86,-22.98,-23.11
