Loss,PredLoss,Set
495.9046378391313,481.905473087894,Train
425.0950207900829,372.0656234788282,Train
207.07482515663042,284.7578205158662,Train
259.0440509387739,260.1139659260954,Train
302.4026981365132,277.03530378894203,Train
521.9507667498485,436.374939274654,Train
330.03825677877956,330.78302404187775,Train
328.66516822330664,322.0880925360875,Train
326.73150108342975,375.775832491314,Train
309.8872553591486,295.97926209009955,Train
472.73243105046333,447.8012743880292,Train
285.36702815737414,305.2740568431658,Train
393.54104667988076,391.64844419172573,Train
297.10448661798324,280.13072022381186,Train
329.6073479716817,357.56323747355657,Train
377.9996307409761,365.3649652891479,Train
479.73133492586635,454.57499431030755,Train
178.7524605263526,181.88932730255166,Train
286.7130075424347,302.95951799766044,Train
396.5629759741126,386.7754516133401,Train
360.25236582138655,401.60131636522567,Train
184.0811770842563,237.15340573585317,Train
446.5994097627221,420.8567014061025,Train
232.55706385678366,301.87507446814453,Train
310.20413936644127,312.475142747291,Train
363.1406362916947,298.2565262055573,Train
296.8665546325441,267.8131903989695,Train
483.7818943889893,411.5368582126042,Train
250.18005225756053,385.015722381024,Train
137.70044859764437,252.96441237284014,Train
119.5316618504976,231.24059874780068,Train
12.973692016119927,156.6435007808592,Train
83.67653909451145,213.91644178753407,Train
212.64020308567217,333.3734962573614,Train
331.6146839896023,351.90143761179047,Train
135.0499818063014,270.49952118338297,Train
92.9960965357697,255.7318359849367,Train
12.253028178007327,119.577411369495,Train
253.3207767330141,326.73544528147636,Train
45.49934220079005,176.5950632370515,Train
210.23872458133525,330.2605581701995,Train
117.88892387464966,218.78782868269747,Train
121.9499400807332,254.28299777612492,Train
125.12177319958612,275.6652586857691,Train
166.2544232312079,324.2495394606281,Train
113.74789017559925,198.3777737209711,Train
100.60217403275959,239.34664820145554,Train
323.1672748026892,353.1197270181944,Train
258.19319248538795,368.19000108733997,Train
23.279927080855956,131.9052949400594,Train
75.87747858909326,192.72420838397136,Train
100.63584701009958,247.54044875736167,Train
141.30503234387513,269.711747814735,Train
129.63503459042,208.60155653935357,Train
23.625853749733977,138.2527723611626,Train
157.87748982181716,237.1205887284688,Train
531.0570506385027,503.97725797165356,Train
392.92088866524665,369.49051919637486,Train
251.13303183126357,262.16293780764886,Train
246.74348013655353,291.6565911614435,Train
239.05223358111647,259.700524840129,Train
426.8592921649525,425.5472940935969,Train
295.3146558880613,293.2988302188205,Train
312.71832475044334,333.29944807367286,Train
317.02029875209826,371.93079660059897,Train
210.57057789302627,250.2193018387727,Train
299.26916217322724,336.39257324147314,Train
410.2160515927012,355.68574643607036,Train
333.06124615144824,358.6476194195508,Train
229.85474584946826,276.9210149891133,Train
342.09655068676113,332.03526808297494,Train
280.2366606633272,333.37522011443923,Train
460.07507577916624,449.728159429509,Train
188.61179603427826,251.14250650083116,Train
230.5968214286633,269.4684153598635,Train
388.2801519623213,391.4920377779942,Train
399.86178763525237,388.5490831701247,Train
150.54172844745642,197.35146650342645,Train
517.7699743989335,454.9125696355554,Train
247.14652548968354,300.1289230561601,Train
289.97138171970664,299.40015994266514,Train
220.99454308900266,268.48526938929336,Train
218.7160095975717,259.92332902484617,Train
306.58578124541384,354.4115441433521,Train
510.9507847980793,453.5084082982277,Train
497.4635645336438,424.14357342694376,Train
423.19245985274097,329.79388614203714,Train
385.4374707553708,312.6516813636163,Train
363.54859724153334,317.0060578098941,Train
486.3258393112285,456.41060078566454,Train
418.81919696445647,391.830041519832,Train
435.07867020121705,374.7455292146738,Train
560.3042590215102,481.33284839883,Train
361.8959634253363,288.23522257534586,Train
525.5037834126948,461.6667768837845,Train
454.3777189835862,372.09220134144647,Train
521.9677701380102,433.5651828300423,Train
391.5739368759669,328.48377742918325,Train
393.5962191974563,376.6236786618413,Train
419.53461710247825,356.49860091327497,Train
561.7891305910331,450.36248972024987,Train
366.75975966312046,302.55867829943634,Train
352.4465043187406,300.2613031456887,Train
483.84936455789347,422.03598833381034,Train
501.96834038057904,411.8010907226579,Train
380.9034317867971,292.6473196408257,Train
537.1546387765479,456.10110029590874,Train
429.97196134983153,340.70010538443887,Train
474.4553995066477,397.82520651865,Train
483.35495324699673,387.6000300143285,Train
362.17062257087827,337.85286467969064,Train
406.30240747829254,374.1556988224183,Train
454.1586525297236,470.0138540034096,Train
362.16764520494127,369.9172358276482,Train
331.8586641622367,273.6087287330832,Train
278.53170940160993,272.18813941763847,Train
279.8867809230607,271.95662466484947,Train
324.0238787265894,361.33350593995294,Train
284.5930028121958,305.4608034406499,Train
343.24415317987985,329.068186194429,Train
491.92732982964174,426.72956624598936,Train
211.2425327614813,246.0108402033064,Train
432.8897619753985,416.39826309022817,Train
336.4690174713936,337.974847153545,Train
397.9802992494664,348.83589381544033,Train
248.17360730961678,277.4460301600515,Train
324.89894165184495,330.2386048182678,Train
374.406302276151,314.5649799676853,Train
414.1956891825347,397.1582956286952,Train
284.3171023709961,265.4114510141627,Train
259.5205418415353,293.6178200315543,Train
405.9560075941521,379.4282397299275,Train
487.37349962884673,413.9845695512664,Train
257.723017945619,212.78263211939884,Train
374.6545625444691,377.83950827061466,Train
346.768133425397,289.4108125849486,Train
295.8637305884025,291.8533880332431,Train
349.6913540334858,283.44791469434114,Train
259.7510037606467,248.56092379959296,Train
362.0426797698855,356.2454753744228,Train
606.8927473449087,534.2895971008063,Train
498.23472795921043,421.12294811809613,Train
450.97287706282395,388.02822121862454,Train
379.3571946557495,341.01885422057137,Train
381.387680737987,350.967389900899,Train
420.66433530953634,434.73855589936335,Train
422.6371583703976,326.7838903566903,Train
408.3061499205709,338.08211693405997,Train
547.421309960056,484.69003196786775,Train
313.58263848885315,277.51335567705183,Train
479.2401355069621,443.500092206283,Train
399.34380101438313,365.0118850434719,Train
492.493635011116,428.67439500485466,Train
340.4396374971608,330.65089077408703,Train
501.43180847251756,379.3858849822276,Train
454.3201479371862,379.6377157005146,Train
571.5046558911669,470.55295227540165,Train
358.0853323344594,306.47478345037393,Train
374.7621772670638,357.9510081953877,Train
463.6851906889802,406.42955173058596,Train
663.7043726002087,564.9278013237349,Train
251.01972300074885,248.0905505245776,Train
594.131241890601,534.4466033199868,Train
526.8389292697651,442.6432528580768,Train
381.29278513824124,333.89530110999357,Train
347.5428094960292,322.91424221847603,Train
282.08900234312915,275.89664736850193,Train
381.28136367954085,357.657247412887,Train
387.03686056185654,439.4193364174702,Train
273.1090770288171,364.3287513429919,Train
193.4330310654263,279.0252968714565,Train
128.4087226716838,250.54100969453827,Train
211.38615184758976,275.50727931920716,Train
347.8653185931442,375.8817260976382,Train
362.14622290834694,328.9509011506025,Train
261.22886479319834,298.16808303731904,Train
274.013244247698,329.854924046322,Train
153.7493612718461,221.16486033345384,Train
319.3872158656427,372.25822166546385,Train
177.32680802908772,277.58221866703917,Train
343.91813776218123,379.08549772657165,Train
139.81120506492312,226.9177565806362,Train
249.6060099373134,343.84776433199255,Train
227.75255237935224,268.4991310814348,Train
291.2508323910393,392.4102728148417,Train
178.30084997237498,238.49707352863058,Train
243.80260512335914,320.03367344130623,Train
327.10609784399156,347.33832866586897,Train
394.6113281342725,412.7360814513881,Train
113.11829599420186,184.28104834826485,Train
256.82700142377985,337.161090351046,Train
233.53744442300604,267.46265780911534,Train
218.24962499188072,270.1921576177023,Train
181.9135431304038,264.95083172655075,Train
201.52919883857533,247.01834324290598,Train
298.7965921163954,332.983971588042,Train
398.41022405416055,460.3764388850933,Train
297.64976564658593,367.26112065780717,Train
320.9178342237941,291.033754813548,Train
248.76442978578496,257.5824877559085,Train
212.43955233255883,258.1901870151016,Train
258.84320186411543,366.18902387953244,Train
257.7753783804548,298.50304957587025,Train
277.4860818815771,331.7263398154738,Train
288.2253123674821,333.55422144675697,Train
197.24306983817,248.2351025959638,Train
270.1893542936407,349.6743741612166,Train
249.46416573389416,332.0674865942205,Train
267.7175041589304,352.68332899386655,Train
239.1993695687495,242.99706017437944,Train
266.8097619633514,305.28795964330664,Train
350.54868134273624,329.6246116835615,Train
323.1161277069036,340.44712712165745,Train
274.812101055854,263.3232586596436,Train
263.73660138958724,264.4594473468576,Train
303.53962870810324,375.5456376796983,Train
280.471183011402,358.78676599745563,Train
239.68126429948364,199.8265999213059,Train
314.1698725723481,362.42266732412844,Train
215.8870078299953,265.4671441302318,Train
227.28267007242533,285.97213021174076,Train
213.95685929963827,271.97782066175404,Train
294.9095755116338,290.55715529068146,Train
340.64081870841227,358.3101053067536,Train
493.9104165096162,478.76222664672895,Train
436.4173903710341,433.4415562890901,Train
247.67012461676774,255.37606643876165,Train
270.668619246817,291.25347966241566,Train
284.56287426118183,309.0856425919155,Train
446.8528896598624,388.5855808229086,Train
363.08866544285866,373.8919966794386,Train
352.12020161017045,335.7350832241056,Train
395.747498161798,407.9360740903935,Train
234.97055509774117,220.7569655671082,Train
392.689372418,394.2850609196759,Train
319.75395012257445,303.57464837424186,Train
425.6642882114646,414.05050522913643,Train
247.37038668467034,293.9025203527221,Train
362.72224554219173,335.2887249833808,Train
282.06986478402877,309.4022639133083,Train
374.3132444101815,387.06771872481454,Train
236.2523844206499,243.03829775396895,Train
274.5872848154339,272.15888544216807,Train
451.8679455945336,424.12786372348035,Train
550.0443667579489,547.4263571250241,Train
154.36654830567983,194.33709550409526,Train
467.0844902377265,405.28945490410104,Train
370.2981925540887,328.78567944625803,Train
357.50765525476663,313.3770499835827,Train
267.7128783397602,273.8132110244345,Train
265.41386180906954,224.25637657583695,Train
380.3606056626943,357.83232533757615,Train
471.48252955392417,453.2730627093972,Train
410.0472905643651,418.68827346344887,Train
307.26594176768276,261.75593471049285,Train
285.9884831638772,253.55294907302377,Train
300.3649147529485,275.0701661985613,Train
413.74523653489655,371.26848078570794,Train
327.5794485097214,352.93559968748747,Train
344.2675506774229,317.5359016767072,Train
373.1595430380013,365.2876316894801,Train
215.45542559145645,201.9483515611764,Train
394.05519833778845,400.64195184446976,Train
385.7088612769971,282.07912084681135,Train
407.7664144090826,389.15320985669285,Train
265.97785773404485,246.80506370621296,Train
374.7431912518839,349.30281599622083,Train
335.7624149625998,310.85870929299716,Train
487.13552886619243,436.1240461549726,Train
248.91253296266183,210.66149363628946,Train
304.6434272520079,296.38431226670014,Train
405.12821173423083,390.389611946224,Train
476.8668864093306,427.8546874103184,Train
185.259451277307,193.1147728319005,Train
502.60590633816037,393.33261354342585,Train
306.80625159189043,322.71591238844303,Train
331.1104870384973,254.65292753609629,Train
243.36861267798093,273.2665492067458,Train
281.5806285103413,232.4874370882038,Train
298.74653453557846,331.7908896580773,Train
379.3476969122595,411.5800020215787,Train
194.3704174975261,304.54441272397935,Train
231.82722315991174,279.811633951549,Train
313.21811389941644,284.3052632134112,Train
231.3430897160399,267.59452742957126,Train
302.25215060978246,343.6546658478392,Train
269.04529658064394,319.72253112506763,Train
251.4225276286245,292.78776441556107,Train
365.5838437537239,390.40936828432,Train
173.6792449559423,263.8622854550397,Train
279.45873123527963,372.0381085593271,Train
219.52230259173598,271.5050657849038,Train
282.9699590253112,332.76240411424334,Train
249.3017005360056,293.8389765213675,Train
293.8675271238187,355.39980218372796,Train
308.1674387887509,331.0360795529688,Train
282.75143553080215,315.5894288537098,Train
265.2195173499723,324.83148368101115,Train
191.52168424626137,272.5182907037113,Train
377.7079362196695,407.9558143806349,Train
232.6282732701965,329.22940626762033,Train
165.08269539784249,247.5955838762843,Train
270.2712026026075,316.04418012475173,Train
255.2437948844913,310.3935058322885,Train
253.70047224349423,277.0184713308562,Train
199.49123467961613,279.9352944800399,Train
253.61608219285694,310.85106917778467,Train
290.77501478321665,365.0527997420893,Train
432.4282971223244,472.656382405966,Train
329.16969327154095,367.7352053481237,Train
207.86756458262118,269.82338888636906,Train
195.57191105556518,236.58781951758644,Train
243.282732690373,249.26472381909932,Train
390.9000294870445,383.0499748715,Train
298.5738014455799,304.1590131506735,Train
328.9040485659789,329.51692812455343,Train
332.09077084824173,344.3650900334409,Train
197.18396829236826,228.75714912683458,Train
405.43364089835865,362.7866940400567,Train
264.5397886662127,297.28436504413577,Train
362.8524115959307,400.02622203456184,Train
186.9215096875122,269.0721887952765,Train
335.9470829409575,323.32781188366863,Train
334.9791313562667,333.7294375309177,Train
326.11765493343955,336.96271998830326,Train
215.56265367247616,249.18799526734347,Train
259.51412757337664,250.07534062119348,Train
315.1720766361408,395.313249348966,Train
359.0865008607687,393.5143575185783,Train
159.55740024726035,180.13464854498648,Train
284.63477479561584,339.34389049217606,Train
233.81862450583506,309.57229507981947,Train
272.75894937791793,300.6925067379833,Train
262.50574941186477,288.42399245367875,Train
269.5590246076752,277.1923402337587,Train
390.1687749653495,364.38695564256363,Train
564.7809840599256,547.987378652548,Train
438.0694206404981,405.9357147770448,Train
395.08789882860174,300.1714139660304,Train
337.48641862423665,292.9852994519466,Train
350.6649800274024,301.1641327519276,Train
368.47358303809943,400.3490086641595,Train
339.11222765632766,330.88278423810294,Train
394.1809138820869,383.34820837922905,Train
580.9296417153773,468.84432578018857,Train
283.00841115619875,272.23779619697655,Train
540.6172222045514,480.1614288176928,Train
399.65607486043507,377.4130907871563,Train
510.07496912385,474.3422622188045,Train
264.27390499479594,277.52299534794207,Train
413.352882473273,393.9626096181081,Train
415.5119015592813,360.07042201159675,Train
484.60096225282064,472.4304401765785,Train
356.370064553891,298.18623245638497,Train
351.0692084624925,341.2401053295064,Train
436.49839397862524,443.15547746720154,Train
540.5576211022891,469.38210282425365,Train
319.89688983348384,279.722446927586,Train
403.81620017220996,419.95020822865035,Train
377.5655521184671,342.30604782304533,Train
359.0949456722553,325.52491551531864,Train
371.85438083357474,324.9548004787867,Train
289.84385760242526,299.86710066357193,Train
425.26337597880683,396.6565305176752,Train
441.4108756064102,437.83186735197694,Train
341.8662249030554,377.671853623463,Train
222.63266913047963,263.23280827212346,Train
166.3102082886829,242.59328818328152,Train
215.94884237766516,237.08136440429973,Train
428.24857139742636,403.5533252163577,Train
309.35939534796654,327.95673714479943,Train
272.28131422928584,327.747549816328,Train
334.8643280413841,359.3715425709867,Train
173.00843678426128,243.28828994568528,Train
419.1636404579175,388.3260759278178,Train
287.22993906235286,311.04526347025325,Train
403.00733259756703,403.11218299799884,Train
155.04582106356023,251.6318496066625,Train
235.9954044603324,300.3961322296035,Train
241.2560827878837,304.72621237028943,Train
352.827856046214,405.67145624917146,Train
193.76072423532315,222.41576619921872,Train
284.1546873552114,311.1080689987343,Train
416.80974540587863,393.6438833214306,Train
489.5258983873248,432.6781242672307,Train
133.75314629955017,189.37647123273564,Train
364.1414891425544,392.3063126390195,Train
266.1409269163376,292.89847914351435,Train
282.15145962089986,298.578652604776,Train
193.07308725624108,270.96965300258597,Train
159.9058098223613,204.5674395563688,Train
334.5496273192606,366.6393693474567,Train
380.80463545546104,452.4495990047027,Train
323.6349723204905,382.33658048904266,Train
297.25404477079803,324.2229132539619,Train
243.5618528063839,284.9626407860366,Train
250.05839642724817,266.0823995602177,Train
335.6436756333906,368.38184684582274,Train
279.4676904248114,328.82375085266574,Train
292.9304408015105,326.080356151172,Train
302.5319267634877,359.5939455652841,Train
154.97214831074336,231.490339811968,Train
422.50110544327725,450.7340160855475,Train
238.86879816108944,286.4034658697806,Train
365.3252264641799,415.42028221023594,Train
227.17039035254868,266.98616434926146,Train
299.0042898261956,334.7326698850095,Train
369.076924885121,328.0290469677379,Train
419.8882955293246,407.6364111042509,Train
270.1384017588066,277.342787886943,Train
297.82724357356665,302.8639578853691,Train
311.8548209736051,357.9855481483824,Train
367.1711339589218,373.30427413481675,Train
190.77618252951683,190.51160673649943,Train
440.66996668539025,422.3887655306663,Train
343.35248642654165,335.1740507847661,Train
250.92374175297158,290.94609690372494,Train
259.9837326646797,249.35724751036298,Train
185.0324591616661,218.49328527499827,Train
280.8699212439309,316.6772223078702,Train
588.5967275073598,529.4995593002188,Train
498.3117774316424,414.9988048240012,Train
495.5374308206056,385.14599625410915,Train
493.4736876742497,404.77060867167313,Train
529.5705479925745,399.98035979872225,Train
495.3280117755801,414.57407716728835,Train
481.74607902326636,399.6566098438893,Train
523.5640239126811,485.69457553950883,Train
477.46390155440974,342.56612129008084,Train
505.924382660819,376.0516800506659,Train
490.995467231909,408.73643444085883,Train
527.8771552676798,422.5767449111566,Train
544.0283930843498,471.93030629231885,Train
514.2912092133571,471.24373715681935,Train
334.8839344108761,327.07311336736984,Train
314.15656867690683,307.7719832096628,Train
337.3091120114493,297.46175247214524,Train
485.1915644145035,459.9128049129182,Train
422.5039258860693,359.6525265874138,Train
392.496196426147,375.30174262133545,Train
432.96837603473625,438.80175186265274,Train
314.3204647118373,266.5792153530603,Train
497.15246245744993,422.8645407433701,Train
358.1143692715745,322.27999398899254,Train
474.0061851542105,383.5703561031663,Train
261.3779101053584,283.4083631349106,Train
355.829544125018,340.74981059252156,Train
378.66108721318926,373.15710602790506,Train
463.2225393698723,465.8567742654893,Train
309.913900595067,282.65146873941177,Train
406.6351708887734,351.3849840475405,Train
504.18635025099155,460.44075388408856,Train
582.6174386817214,483.061415818634,Train
274.7784361809629,263.57027022197593,Train
419.96934274871614,426.2766753735103,Train
303.14015838498113,331.86224020676104,Train
386.2908830897578,355.54074407079406,Train
353.7215168630462,380.8941277848645,Train
327.93205970484644,305.9511987760891,Train
404.82251161515813,398.8586216468909,Train
2087.3137131839276,1980.0257128747585,Train
2030.6416674017366,1915.243320047386,Train
2023.6086727858135,1842.1206241033647,Train
2041.3647293361576,1950.3116704030087,Train
2048.90983705277,1886.4130939322868,Train
2065.4939959356493,1970.8132733607079,Train
2045.6172059847966,1921.758349722621,Train
1987.5294672002115,1872.5929409623127,Train
2083.0307795818944,2006.0902223672817,Train
255.3318662799457,326.87644961275225,Train
146.65643317484395,301.551822871486,Train
137.35826169821968,213.631879891167,Train
257.88735185007283,276.30881754141404,Train
100.1437036304035,181.60295298478306,Train
246.52731703921177,329.39272453544754,Train
112.1881920764974,186.71126271832756,Train
196.9263287422607,226.43921079510312,Train
204.6417270365015,279.94227555232686,Train
67.08438695921978,132.88562997195515,Train
221.75430851041563,268.7648551577995,Train
90.10149169008885,128.4459411247959,Train
146.3759364982397,230.32767152829268,Train
145.22764293486796,235.65377305213937,Train
190.25661099997387,225.7011575895095,Train
295.81284069355735,280.44772527043716,Train
180.1463320156182,244.27332238455028,Train
167.35708496615663,195.9933959007331,Train
134.2450995451726,228.46833989564044,Train
207.510375752666,289.511613023911,Train
135.85291358863694,187.07383230183137,Train
148.17271305308554,167.61790802917602,Train
224.51977414601163,263.90097539892685,Train
179.04409686741502,209.0400175456578,Train
153.84568121729598,209.01599445130825,Train
135.62452719565454,195.98082107681125,Train
141.8806348024906,131.45160214017997,Train
211.11400403780425,293.3797098957206,Train
403.7360624744663,448.12086519582334,Train
359.89151488914615,326.12380811633227,Train
305.5757016293804,298.59992318337237,Train
298.53862269516895,267.11546678661193,Train
280.6802780865121,309.3625934060554,Train
412.3006678034097,415.68627353212196,Train
322.3997918458616,313.591030890741,Train
329.12765021386804,323.6904748280309,Train
349.18424290742894,395.1625980730877,Train
256.2195699265442,257.8574019517302,Train
416.3336312712139,433.0191354308023,Train
282.826426941438,284.8288186709554,Train
418.1479569372167,408.06701733056025,Train
292.04822125854963,289.72831756447687,Train
364.0772199054371,363.97802434057826,Train
325.18495287787886,335.705610420327,Train
392.02142017587533,417.80046257332697,Train
319.936621799426,287.00908384070794,Train
308.43055774853127,353.47450763031446,Train
406.15322802319076,371.2998957006203,Train
337.6546326234048,382.6917137060918,Train
277.58477154917324,300.0518665250871,Train
408.6436448004962,398.8738628092757,Train
276.53125237737356,262.1377094605813,Train
315.94759427980534,305.9364225071079,Train
246.54267050779146,274.4940695927676,Train
253.81648106133213,265.8956780595172,Train
358.76902594042724,381.3666419699312,Train
470.1668487570175,488.59143178846205,Train
392.83524468267825,385.9837352850491,Train
382.0945401387372,344.79886021225127,Train
357.44473512519437,299.38246425011437,Train
338.13582964204954,319.71889881625316,Train
472.56782368930294,409.67863410756485,Train
351.94071726695444,343.91258933116563,Train
364.4045103750041,366.48996245211094,Train
385.00920301345195,420.7330753418301,Train
309.10479518229783,277.5579854928317,Train
479.69128688154194,480.041087175566,Train
290.5686781111841,305.2174760053833,Train
436.4869688712246,422.66261131834653,Train
325.59615916166314,311.5023245372787,Train
391.89624898249974,379.93562142200994,Train
387.2372383337346,351.1888830661589,Train
473.31912721536753,466.8129742328709,Train
314.4919156273986,272.6004077013111,Train
371.7056035698279,312.4306977016176,Train
459.4601910426553,425.68803516404006,Train
462.95567804588086,404.303596454468,Train
373.4420645795045,312.1023131285614,Train
456.5693506435263,441.0632142435346,Train
312.9875362379463,292.20510758508306,Train
376.3466213627644,367.5231041493177,Train
292.4466060179807,287.7314021394552,Train
246.7874902035951,293.15448736685033,Train
397.9192739196076,362.8884770204254,Train
510.04616872343644,462.28048877069085,Train
452.18099544168786,426.1342606022129,Train
342.60244352451105,267.61925424157795,Train
273.01051297190577,281.5084200309337,Train
308.8552037838722,321.132551180426,Train
491.43651596041013,487.66845573767927,Train
371.70444950151966,357.50855706395885,Train
380.859004407201,342.0500157832286,Train
362.10018067745375,367.4708063009308,Train
329.0779783122781,265.38983000446564,Train
505.79239731167434,401.6184605973167,Train
308.793437675642,312.63900115232366,Train
417.78109940418136,371.17930751893505,Train
296.55538249729216,302.5085162591479,Train
350.4162869549746,322.2327352351409,Train
412.4138127772289,359.504645409882,Train
450.34795996405467,384.03471815397796,Train
316.16872851545196,310.12556475909,Train
383.3261184314211,291.25185780967644,Train
481.7201297119617,440.5552997830188,Train
551.5007623570738,432.03637786143247,Train
279.7680163667577,319.2815869725796,Train
298.27189174101323,340.8017634493523,Train
307.4123884798403,335.8429374154175,Train
341.839506583239,324.49682632147915,Train
418.0032460512093,337.2157530352101,Train
318.9036068837512,270.88470344298685,Train
475.74058908086465,378.75254581674506,Train
606.0684313595741,512.6587242019245,Train
617.3990036730535,493.81271076512115,Train
420.0321132204026,332.88801215392965,Train
372.3677600016216,292.59485097484674,Train
410.35594401671045,333.72143706391375,Train
643.196665265669,495.02686427811364,Train
429.68992374849756,374.8179425482591,Train
455.48571946519587,379.65860758510854,Train
462.98405241576404,422.70494034850924,Train
439.934922600202,309.49389519639146,Train
604.7383300185098,493.8618732564624,Train
415.59427467068747,365.041003066596,Train
583.7027565567349,444.762796003894,Train
388.7637756766523,315.64798834966825,Train
427.8773320304394,346.3631559973077,Train
486.49342561809647,353.6722408360763,Train
562.8620564396232,489.8260973325856,Train
387.1332244950199,263.00275767478405,Train
436.0069297842863,364.6416583568514,Train
495.9831723074226,477.1954029394635,Train
656.3119520644287,526.5009788971597,Train
367.84326905530475,261.8641338589182,Train
489.1271232800505,461.86851131390523,Train
391.21351473866616,336.06036125202775,Train
457.0024434311515,376.02398738460283,Train
462.84390935750696,317.1475543637967,Train
391.237912517732,301.6129433920758,Train
486.83445291182704,379.8813474672485,Train
615.7726671803216,515.9184456004774,Train
452.99841620960467,411.36628753665474,Train
409.09105317756564,339.0603111861219,Train
362.60057808420464,305.17233295631183,Train
329.2769909295218,314.3019761343334,Train
372.120291713517,373.0027249044846,Train
341.6804804361904,330.62482379841174,Train
378.6575570975417,350.5337212989268,Train
569.8515216975712,441.63492249843415,Train
268.81237423627874,261.0792213755492,Train
472.69011471366446,464.3483864485534,Train
426.1847431297281,348.0232041543018,Train
472.29625948446983,439.05012599650155,Train
304.77466377788977,263.35078677812027,Train
389.11995600998773,354.6295400093825,Train
416.9821361807638,377.64103434261534,Train
495.11120429021787,425.96625299291594,Train
306.05716033835006,278.58719070759867,Train
324.77000432516036,300.3791869052373,Train
449.04973625064883,393.86103848768636,Train
564.7963561148152,453.3940556488876,Train
341.25986391765986,267.36186630388596,Train
385.3402596591824,383.12270285368857,Train
432.0875433393831,364.22296667477474,Train
358.6517149582619,347.5328896159967,Train
418.4327745158187,331.48481142176837,Train
296.4307220120537,261.4698501045178,Train
396.54555744696677,342.9362715132112,Train
456.19223992140087,509.18679891712486,Train
412.4137838911425,388.0978798011966,Train
303.4198870877957,294.7594225944899,Train
287.0605495113606,268.363074218035,Train
303.48577116183696,287.2612341480286,Train
487.79555203922496,461.031385872469,Train
360.8398921435246,334.6249336695702,Train
415.7687914747358,396.4253102360504,Train
412.83225003285855,435.1400478691165,Train
298.1302678178929,319.00310268162013,Train
454.5628448298389,418.5955493910467,Train
416.6299810686965,326.39982969085594,Train
503.88167653446556,440.63688175429826,Train
300.5179312271463,304.01258893078847,Train
419.3887451467386,360.57785587697714,Train
379.2441182932425,340.3440256726725,Train
467.784050666658,415.87586604210617,Train
324.5085422669851,304.35588403432797,Train
296.61759309422393,306.1236276568449,Train
408.261203148374,438.528474533289,Train
451.88937242943587,428.19420221711647,Train
232.20210093740934,235.60277190729252,Train
500.2993886722945,467.0762124523441,Train
341.63123563409107,354.8073709223501,Train
336.4976418227993,315.43904528970296,Train
302.8986072384191,321.3290730394049,Train
307.3341318809505,298.167178972893,Train
407.9042157503934,364.6341365936348,Train
441.92197957486184,462.5087643115163,Train
389.9964925115962,341.9088174567455,Train
298.63114425774404,283.08145217942086,Train
207.02593481330513,255.10100090536736,Train
278.9808641782796,298.48379154833,Train
384.9959323526676,398.4426521164079,Train
282.5211393364688,317.1974264885993,Train
325.75648512968354,320.61186577201164,Train
476.90196973231144,385.4434293333921,Train
215.50759314435288,250.5399563789906,Train
461.0233553658077,463.9491917301032,Train
329.3492563966758,312.2625542571702,Train
367.8852962369573,376.5454255186076,Train
229.78147488665218,273.2756782709657,Train
291.98779234576034,342.35893818200407,Train
319.65424861428215,322.198480296428,Train
392.5808436922171,393.01123286127245,Train
279.06757757956535,256.3232702517543,Train
280.1144502763272,305.9025830725041,Train
414.27146178250234,367.2043422856831,Train
468.73861209809087,443.2343819539901,Train
191.51590122309267,262.21867663307216,Train
302.55332915750796,377.31980192726996,Train
381.50089590133655,305.72521358241124,Train
301.3086014545785,331.4241150303692,Train
297.87644581723396,286.8091850284795,Train
217.20442898930273,255.4941750412987,Train
321.4425509707849,337.05221967614597,Train
611.7760133975486,527.8252226877719,Train
637.3068103645415,528.5586936527586,Train
571.6113775700937,495.5819894199667,Train
558.8897150142055,461.42548335452204,Train
463.34182269687676,359.1205075841256,Train
697.9677006181073,598.9041677565017,Train
538.6173487778973,429.43835036456574,Train
662.5407671762468,571.5103374279706,Train
600.0379558131556,525.2610681650024,Train
470.458914688624,461.37732788673856,Train
590.2036438026519,540.838004034971,Train
669.472143155239,608.6009924173462,Train
724.0144127463857,612.1603851922613,Train
593.180452576092,516.9449520913079,Train
516.0202626443574,488.31869985899027,Train
577.9338429511823,539.233728514177,Train
688.2711934965669,613.2009697481908,Train
486.53231428051066,387.2609218746294,Train
520.117205303014,486.5556348736483,Train
626.2758665640766,537.8896474059144,Train
623.0082980636989,593.3029813826353,Train
501.9144998018804,400.9646489261079,Train
684.3944717786217,603.4687283492433,Train
602.748213993922,474.193724379053,Train
562.875726447782,458.15497340989225,Train
599.0770091402012,555.3139741969114,Train
504.85206207118006,428.13026500830847,Train
523.1008852407184,479.497038311102,Train
424.4711109659956,427.36042606455806,Train
372.3102577717283,376.1234276385374,Train
339.0542534377757,312.33191094046407,Train
361.45309796413784,322.74943398200264,Train
342.2067913508148,298.04654485441483,Train
427.6153335978065,414.3859584667567,Train
333.478724705113,364.7694285110814,Train
339.0969646727343,329.90695478371237,Train
372.0200535006703,389.1016900116534,Train
285.2479911889212,269.10298459663875,Train
353.1807777374867,368.14305729700556,Train
277.26841314636704,294.66697218238113,Train
372.51089741556217,401.9006730580881,Train
336.15823054507206,287.42380750419903,Train
373.6604125348967,351.31763963014254,Train
422.01744338503613,384.6395169881448,Train
383.57932309549034,370.7325590346299,Train
343.74605166625923,291.95794414624567,Train
398.06762909734294,364.6314509362103,Train
419.84405538874154,411.3002807992643,Train
396.4753305404547,421.6081618686578,Train
281.06145455248287,253.4838252566218,Train
487.65242742482565,450.42019002808706,Train
340.74824915748326,309.2871026130394,Train
338.04891975045564,332.95855149346596,Train
293.3544392037427,328.9539751242502,Train
248.66480751734474,315.12213784471265,Train
351.3300246912613,377.4835927883549,Train
485.5441156830332,492.40579346000686,Train
371.472193295312,371.2967298516287,Train
312.44494256659345,300.52003851293796,Train
278.36236349687744,258.6135315367616,Train
277.6244560861638,305.5191027861554,Train
352.58122033445295,363.3384699660147,Train
290.78265624174475,327.48936458567266,Train
319.02876380803883,308.6365087120145,Train
450.26954303333565,437.7633562713683,Train
183.65499391763507,200.54186123549582,Train
445.28511646093705,394.6604970092366,Train
319.9099106632416,330.20987730050126,Train
407.07937652454876,413.4830335821127,Train
209.0935140448584,262.75365966568876,Train
351.0523232241707,388.7192870048678,Train
358.0058040624855,325.2272131484893,Train
408.80395655980294,427.3335012045891,Train
266.4967807161229,269.5713733837948,Train
314.6842765314454,294.20100454535554,Train
405.6664440057706,372.372495960369,Train
520.1932831390982,483.23240855738976,Train
160.9147939314285,188.13334956424637,Train
397.7809763827614,391.9746473472371,Train
353.69183049309686,326.4246471212361,Train
267.6973562624348,283.46054495521435,Train
258.7975536907754,292.23653342274076,Train
239.4924227781185,246.58801328737175,Train
366.5819635244642,360.93770006009134,Train
472.88605130748886,464.3255897231709,Train
344.415645876046,384.42431146236726,Train
149.10893896336378,227.16946909701778,Train
158.91593056944225,233.67562491994087,Train
276.18662069428126,288.0499779002731,Train
527.1710093378807,463.7589016665235,Train
359.5690965002409,343.3870584172113,Train
289.6308821813616,326.1524381445103,Train
353.0563663812429,383.1502912583681,Train
246.04554909988468,268.19793014684046,Train
364.0984303372872,372.40017462493256,Train
265.16501009345023,287.45848255030666,Train
388.49528836837396,388.2780498490391,Train
268.5892651620582,278.14528128744655,Train
310.74694047450305,360.22419583448476,Train
337.16831430570846,342.67459245734534,Train
552.6033866556745,507.85621159008457,Train
188.45215752440106,269.3676823693128,Train
308.7146269118881,285.48217588003075,Train
402.0407948181358,392.786804297141,Train
266.13066124314423,358.6771798475965,Train
184.13422618691308,225.21488544810146,Train
547.7014896494426,442.92037881638043,Train
248.38245163073265,322.8804006346081,Train
250.0771121307833,318.3291213038581,Train
300.4354711495946,287.1601304570819,Train
234.95752868716636,291.1459176749584,Train
442.1432847434987,350.4261087258385,Train
297.9963695551765,358.55870291259265,Train
213.92400820845677,293.1756114861636,Train
126.85443574817371,243.91895785145763,Train
116.93765217432771,236.34285187483994,Train
133.07365748691848,243.48035126167804,Train
206.76245168594608,299.8551574680092,Train
158.8040347714105,281.37567744548585,Train
198.8484067433118,259.5219452744111,Train
314.64556760165004,359.71533763729917,Train
77.09551734642504,178.99643591319304,Train
242.54825597763693,298.75278777019395,Train
139.00378349528566,241.7616801611096,Train
249.4620998993713,309.1776992405903,Train
72.02320518989373,162.70614633896247,Train
193.28709936685306,266.7940722215148,Train
166.30378243024916,301.2230246663764,Train
224.1732543800822,292.8196437625099,Train
129.245515216352,218.1698642661521,Train
159.77056493905877,227.81267462998537,Train
253.4484035482023,331.63396237973575,Train
289.52903104378277,341.13433901628275,Train
12.862447425800141,134.52162154713253,Train
202.5486526942542,290.18929646839086,Train
220.53764684914523,243.42513632475632,Train
144.1794298904731,253.68647469401353,Train
99.47400181823782,231.47863117439218,Train
107.42136263243937,215.3754678794296,Train
225.42151233307777,283.3886801977152,Train
600.034488114409,523.2380627913581,Train
427.2751474086492,419.7077680393076,Train
265.8087495386425,293.5716476409617,Train
309.88529450438875,320.3702634404296,Train
320.4547823058881,309.2198116862804,Train
579.9672129431407,530.7591615349698,Train
447.92258641614626,399.2279789509654,Train
412.9209027249049,399.25009629803526,Train
398.6621618694167,394.9306273123889,Train
288.9463638496816,303.5292302887581,Train
383.72350866569946,355.72959717099627,Train
325.6435963174705,331.6098965660886,Train
405.20662680499464,434.35104657202197,Train
357.1126001282719,337.4272217356227,Train
345.1615162873022,349.5962179059541,Train
381.9533752820855,324.79311504499975,Train
553.5881771126219,499.95234184820225,Train
261.2159217789116,268.7944792975375,Train
403.9866092809542,332.4785492326639,Train
438.70023961874995,441.65812138417095,Train
314.2568127922988,373.6492227710611,Train
207.40632880160072,214.45343411965078,Train
550.3987876466557,448.2902959512421,Train
362.53418932746376,354.2679973833751,Train
350.81253384402504,337.62766730678345,Train
342.3338211963393,305.12922653913216,Train
316.09805138440663,310.6576172899763,Train
478.25522440822715,384.31678178420674,Train
534.3455702913889,507.2014379354019,Train
472.4258901554299,419.95165318040443,Train
334.59435144577867,294.82683096039807,Train
319.65095416243463,289.10366578075656,Train
329.24569830539815,322.46564569494114,Train
469.0785838746691,429.0381195657698,Train
410.1496108702475,351.79223136445097,Train
424.75877929213334,355.70307396858806,Train
421.2060891403267,390.19369584751485,Train
296.5915404148274,271.50643185894705,Train
456.5651331156357,422.3867103664828,Train
415.3268672427513,380.92353887959536,Train
434.3267427961744,417.3568701536448,Train
337.864759775905,344.6297434264365,Train
471.39091818194294,445.20477485612633,Train
404.7552180142884,384.23702272900357,Train
491.1076592729413,421.4579311447296,Train
275.44824195790164,259.3191341529103,Train
380.07696606916943,303.759216817004,Train
530.2438316067446,491.7196951177568,Train
416.8988385706274,380.4248981204604,Train
295.54198696081755,293.56769814490684,Train
510.9232767773151,488.71642297083355,Train
367.24270802012006,290.2200849609234,Train
404.20028068923256,348.71872179045226,Train
346.3459947846524,336.9589586974243,Train
316.1798503063798,289.59187592048283,Train
338.2018472544146,354.8230132848361,Train
567.4440268856047,538.1182082146784,Train
523.4226102914246,434.18865978247845,Train
309.4565001239248,283.46433727740316,Train
317.89569638310553,287.34783760020434,Train
346.0901990689667,327.041751423737,Train
534.3900081815083,476.74157460972486,Train
366.5451237207305,323.53911274452065,Train
395.9055456866331,364.18713099893625,Train
417.72127407921624,381.98973542981895,Train
329.79230889847986,308.5980591370016,Train
538.8186501444239,461.64211565128466,Train
349.3502978170485,317.3028551959303,Train
501.2872519163536,410.75054697764335,Train
400.3295124423392,329.14152489143066,Train
432.1770793950052,358.37349912947934,Train
452.62995277435175,370.899211430913,Train
533.7881325803788,448.840134396603,Train
273.85161881308625,258.47037559290396,Train
382.62041147247413,320.4529336041671,Train
441.8445105585426,450.34474745210457,Train
557.9239160712916,503.22913478240037,Train
253.10862801072105,244.21288369871658,Train
489.8986463768309,470.69024942941354,Train
280.5939711696212,288.97321841961065,Train
341.99460238909217,324.58759103578717,Train
319.20054003524353,237.6090254052127,Train
296.2117841080754,272.7837339691198,Train
433.3283346075877,376.1577750313949,Train
474.2647450068882,464.7864076361707,Train
428.5100266255256,378.0534963833841,Train
210.18555131265026,261.89708271024216,Train
230.19131906826203,243.50835195314076,Train
268.7273298923613,261.5118728628802,Train
444.09358378494767,379.95388558433643,Train
303.74008074602136,368.121485959938,Train
326.81682077558236,300.20787356693205,Train
383.12380387363066,322.9260210357094,Train
246.2110300401662,224.2657282697018,Train
438.27849927518895,404.9605235433771,Train
304.12621157869904,280.54922776396603,Train
446.10416695069637,361.41511907290726,Train
225.812365391181,249.79294545721885,Train
338.00080690015295,342.4366807113412,Train
339.91949147761204,351.08787085954856,Train
398.1684191235585,428.6659163294203,Train
211.04758983799212,231.93475460033392,Train
279.40700362091314,291.6361114750932,Train
324.99666047232137,361.8165027711478,Train
503.216560392217,455.9790831051219,Train
158.51670338059978,165.13631842090405,Train
396.54708943746977,436.33943031634135,Train
234.85771856282707,302.5861309212628,Train
295.39859075667175,297.63459908974113,Train
257.9197060190037,272.799503939672,Train
244.92106434982276,237.20383040542174,Train
388.00266574912916,368.2766531382309,Train
447.3350874910907,442.45932925449256,Train
320.8828018666788,363.5003374477589,Train
363.2307117803828,320.4975731653805,Train
347.92881723220245,298.11745093328534,Train
355.47711822213796,295.432046829794,Train
406.8756147501892,375.6875684679637,Train
358.97430681635626,298.51253634390656,Train
318.173194420639,319.6781857298436,Train
350.62227756303764,314.1609707880134,Train
268.7215562435519,279.25318926080206,Train
404.271030462182,402.51881350388203,Train
312.07070021892787,296.45620608646084,Train
420.52056551378945,384.38205429872204,Train
278.47062634676684,284.44954980299576,Train
389.92088271785997,383.45406795094016,Train
389.82133462706895,356.4858720988907,Train
427.2719820743937,388.473382658353,Train
355.6228250598341,312.3284710706282,Train
356.87386358339035,340.21290910847614,Train
371.1750976450623,376.0128536763217,Train
416.02652724485006,391.8738735785623,Train
351.07815238275356,245.8725667912628,Train
496.2299730587729,460.69898068222597,Train
296.8342010251588,289.87354553955225,Train
263.7866083155253,280.6372190082975,Train
290.33921114400783,249.66338117660007,Train
298.0920095106059,322.5574990633641,Train
469.2920998461278,469.72318574899776,Train
334.6255802388265,333.852529256587,Train
168.63226306974582,245.66251439303403,Train
172.9121483388858,241.48548593177426,Train
236.51523604624617,267.79540315231947,Train
465.84152619182714,380.94126792700933,Train
333.09101877562875,330.417552997849,Train
298.8637137976509,312.9488755803426,Train
285.10961125789356,290.10564301720456,Train
180.52871115635685,194.14144476437426,Train
313.07101349304065,364.28302054542047,Train
247.33651826794497,218.94289619182328,Train
323.52522548106987,292.5620757107278,Train
267.23713513241535,267.7454338663573,Train
301.77224722198133,273.0647308675253,Train
299.38056174976793,296.72768669089885,Train
426.3120787157751,399.74866829092326,Train
130.2667981200028,190.34406497755478,Train
283.0947199624511,287.8243483654575,Train
352.44584424311995,334.1217895244472,Train
277.07017096200923,281.0300042480201,Train
121.01770011911914,166.88192165421273,Train
525.4884317144497,448.8963720434618,Train
246.5823657480007,260.314054381991,Train
230.34950221977232,259.40007446736877,Train
266.43984112976455,292.2790827817833,Train
193.85338247797733,205.92908762493445,Train
369.2401262644105,341.7364373103675,Train
301.7931690492707,380.6637967509055,Train
100.52300216036677,181.08396799539497,Train
143.85173430182834,210.6857330790404,Train
153.87936547365524,213.34002712393072,Train
176.80589567584772,234.57187109650658,Train
248.33132490840552,323.50395428580487,Train
144.8056531713289,200.7210821561223,Train
175.27888046461777,289.28303770363834,Train
233.0010067882719,263.90021187136915,Train
92.57203214229163,169.6781203381613,Train
219.8419565266766,293.029155384924,Train
151.7607799414273,259.0530304672903,Train
180.5785023865431,286.9855280567863,Train
171.19512386202456,226.35011532976355,Train
212.1606443678715,307.5954034125646,Train
273.7250639040838,333.3206033952406,Train
171.43838247066162,255.75059920587958,Train
147.85060006760477,184.3912867950795,Train
109.16171669491345,239.7642065066922,Train
225.82173235258767,340.3905191048809,Train
168.83064704062713,246.8487831576591,Train
128.93846075903213,155.92806200382637,Train
214.29517350780264,299.3339995240995,Train
131.6007852869385,243.7761891330087,Train
94.70529609643982,179.40961595898273,Train
138.25870593630668,241.36829321689385,Train
150.2610148065388,185.38896546103643,Train
235.7122227071365,323.75068551777224,Train
515.9172506142265,503.02369542856695,Train
448.3003226048056,404.3777728962048,Train
380.7841149511688,309.4270469044759,Train
405.06862765331607,314.79194826679424,Train
368.2038607112474,300.4390347974441,Train
462.3398141249628,397.91003981699265,Train
395.2264878944623,351.4121888942519,Train
403.4638820197459,343.35416141865386,Train
441.90199650081354,369.9067469656705,Train
312.44083133766526,301.13337842914177,Train
484.78038653030114,370.66954625434255,Train
391.92066207872097,347.24228889901076,Train
488.1616579829249,421.849221618403,Train
343.353374242913,303.46017354049394,Train
482.84581085868507,406.1690340958032,Train
418.7389678302413,352.632392446003,Train
583.9828451575816,524.1194010410326,Train
320.5774428407059,285.77453708527565,Train
360.02276087961434,288.82837523040126,Train
460.1187992743068,411.67070300314435,Train
524.9655580247834,464.41209898052216,Train
263.713037131044,204.08360293732687,Train
576.5612365930889,513.9710081010415,Train
440.4601564109177,330.1844440664257,Train
376.55979658453055,340.6460678261351,Train
361.41015711392754,280.2546680039099,Train
342.5112379991086,288.1116139582728,Train
418.2130392400737,349.007174074507,Train
539.3748625324773,503.0872086466643,Train
452.3459008651709,366.22622886856385,Train
238.17779680160993,299.75547402774157,Train
272.77055034179426,266.94562713352775,Train
290.12416148572385,298.84973922525796,Train
533.1386302333989,450.2571920275424,Train
362.3639565848192,329.49652023066386,Train
345.15014053998476,306.89439795915115,Train
376.8471820988957,314.88832760881735,Train
298.555081261552,265.0463169581213,Train
341.6238380279535,368.9513605602577,Train
450.40345239810046,366.20580822675475,Train
402.6439243719926,366.8663922078047,Train
323.99525394963024,296.727333466497,Train
365.307441131013,337.4204535714933,Train
319.0304859161412,351.914213155878,Train
569.4643883050146,505.0074217458507,Train
198.2091482976335,204.84119980203968,Train
270.6647658939976,296.8473591217255,Train
443.4812410941071,377.7081782889288,Train
503.8585738979617,434.4658435612411,Train
139.94676430556194,146.3077786989531,Train
561.3458123169073,511.45274214115454,Train
302.6057179319981,314.93286341728634,Train
306.2764811508341,322.6456870770068,Train
323.8581019734155,301.07784404473546,Train
292.35058039974217,256.36479747233585,Train
416.5039164298143,363.77429082522065,Train
554.5456076030171,513.3562852109104,Train
472.58065580289764,434.25634825355917,Train
391.1591970587627,305.7836677814084,Train
310.6312313706121,298.25026325391997,Train
327.596758738446,299.15019461411174,Train
468.6557791622642,390.05273182155884,Train
412.8582926420669,341.3958585913978,Train
441.25429917785397,379.80866494315615,Train
409.2937987696255,373.5462180236557,Train
259.57679141738146,273.77827622000103,Train
460.0532771211218,395.8061742417563,Train
456.3232558808466,336.6288167263795,Train
424.4367276965557,433.4932374734471,Train
315.04369256824936,292.18429702602685,Train
462.3941504959274,403.3623801731976,Train
428.28810147958984,390.55314537599617,Train
524.5755455192366,504.8621347327368,Train
297.306482614868,248.91862703115444,Train
344.6309127664837,312.4904437679629,Train
466.69883597408364,438.83552293649865,Train
408.71025223766827,406.16080382898303,Train
275.31516155723716,211.99851941538122,Train
564.9135639327905,456.49066102080474,Train
348.95545936432836,304.25046308305093,Train
441.89084785185054,338.91195096674875,Train
328.1697293953571,330.25796341664477,Train
382.29210399484816,313.83509557386003,Train
362.7579716503236,345.9515259945173,Train
534.8246115148565,477.76707279081376,Train
444.25495887308534,392.80614276801583,Train
353.38953387422504,276.32730636997417,Train
396.27833651827575,300.50588485980177,Train
339.12136680523736,271.2551700350385,Train
381.06862473511,399.06106116148663,Train
334.17011030789365,321.0215131317723,Train
369.92582352358824,334.735372789806,Train
404.6857643821939,384.5644813555213,Train
224.59993288371038,255.1860171776225,Train
440.06832902813795,402.1731495390325,Train
336.7409528154764,314.2013707421483,Train
436.46780424572603,399.00781283489914,Train
295.4488833188864,268.73651491812706,Train
383.38419003495795,377.1026315126605,Train
377.57372439394044,317.45016359026994,Train
531.0674863958337,488.35877798374725,Train
305.56547604063826,278.08167593236044,Train
329.6676933283536,313.2869333196049,Train
422.77413825898003,390.80233479404,Train
560.0348108325173,502.1345060224857,Train
241.99971104896562,238.8073114938366,Train
533.718838908325,447.03857553343096,Train
493.69219441059533,390.12192462066764,Train
336.46977755577655,307.90579021070437,Train
329.80158834386884,320.84936890835894,Train
337.18762677487206,285.1674843869599,Train
340.77789284878634,336.01067663605534,Train
248.541572440221,360.018242272,Train
145.6077181325819,306.2221634677204,Train
136.83165004281125,263.5691364847799,Train
209.2633681709092,257.0377386315713,Train
145.20287251687532,208.8784159671526,Train
192.45016308071013,340.83796014123755,Train
144.15523986241317,278.35023106257734,Train
150.46810286198485,248.26064167048662,Train
236.58875207942486,330.9540798556691,Train
99.41718751473336,204.66697920740614,Train
232.45340916791022,330.2673261348253,Train
120.4974170389555,221.55662716518134,Train
134.19921112786943,280.35019029945926,Train
116.05879143465157,215.46378642042342,Train
180.8761579593023,310.39344277035804,Train
287.35131070182143,353.235108224367,Train
201.68424966220908,293.8700294538427,Train
157.6749748404651,215.58072980285309,Train
144.8234862365895,252.6580142646296,Train
201.62978385058244,337.33662517184865,Train
183.54386768244382,297.53652244520396,Train
136.4157377321735,221.9103352354413,Train
199.1953939997718,351.04664249073136,Train
135.98283648523847,231.89506909592555,Train
141.02806518857352,234.8429026328338,Train
142.58108010977725,210.13632594997767,Train
147.64188124884913,265.0697251677496,Train
197.5104686057896,293.0314466376591,Train
401.94993262508615,409.32077993654303,Train
272.67336832561074,283.20135550068846,Train
340.3757202433247,301.0272982916428,Train
285.50698837822785,261.1475724530865,Train
248.06717273032035,248.65906755721758,Train
341.45627329960206,350.00075366664356,Train
291.9742900860731,282.28852946543924,Train
277.77122308973355,294.9946589459549,Train
278.1970723105831,278.09120092811673,Train
181.2518377486221,184.3146901586751,Train
399.9355194038504,325.96761381911773,Train
261.89811727626795,269.4995568845332,Train
338.68963136587473,317.29517558766287,Train
231.31006167267094,251.145093244629,Train
310.75940819665635,288.7035568335975,Train
308.9376709378311,304.66490028954587,Train
386.4948498961951,360.8712228456493,Train
255.38094507174844,223.3311625466161,Train
272.945956464491,249.9248274225378,Train
325.08988407442297,306.94086119350123,Train
378.9127279015442,351.0748383059448,Train
242.26448794585474,198.35243457870982,Train
414.5951642073545,369.62842928005637,Train
364.9547566860436,263.8509796265532,Train
299.84326538192204,312.0000003228299,Train
196.16069029498965,225.9017794641776,Train
179.90703142524666,170.06436489717984,Train
286.082288772693,326.32878809325086,Train
321.11884793545534,380.870805650658,Train
177.04051576780446,273.0098305983232,Train
166.34089743076856,250.30327187510093,Train
273.61999292434774,294.69623924907495,Train
176.87780224854197,240.7420295056492,Train
228.9143254033512,346.3631701241307,Train
169.67956238877548,242.5155798042196,Train
192.72351320481476,283.0923568851009,Train
243.09617785146924,352.4118389689929,Train
103.09755632873855,203.17530793473495,Train
215.82764863662305,331.9542587987986,Train
185.4364547751225,266.8943501265971,Train
163.473974744237,326.66255649112605,Train
98.49020854396657,224.36980462259126,Train
184.73515617431121,324.65564455947884,Train
296.2088176352708,321.27214728484495,Train
219.7611929268454,329.5645476504448,Train
193.3922820490352,237.30822593274192,Train
147.45208500184,263.091301019994,Train
244.69060178525973,339.01338474812746,Train
249.90783239929462,354.9249295424602,Train
193.55377684394443,198.31903410512336,Train
240.47843511920925,381.684920439695,Train
172.28180722508927,265.93123512255164,Train
146.46389316158422,277.52276054404757,Train
197.67469292869433,272.9956857792591,Train
171.91420652641932,254.56289818098782,Train
247.6824339547594,324.7016725990224,Train
403.2413781403919,427.41848671110665,Train
291.16276104668043,308.8479270250412,Train
243.35211362961837,245.005228660347,Train
304.9594358892056,284.99927173181396,Train
224.33472782544214,259.33184800090527,Train
379.47798943832805,392.52437865883456,Train
285.98922072786337,298.2812447585656,Train
264.818421694048,298.5956307777972,Train
371.965592336882,350.8626253227058,Train
227.68073265636536,219.471951205269,Train
266.66384265249815,344.1259575903629,Train
236.56492232528007,278.6543500836306,Train
319.3839716747115,339.74063982290005,Train
316.3209907007923,292.15873109884274,Train
319.4259794035224,290.0874678637015,Train
328.69893778290185,312.3513881773572,Train
329.08986583893056,386.9141025369569,Train
212.44876357160877,203.477582114061,Train
212.22563098093622,259.2411855252434,Train
397.02046806691305,390.2740481371513,Train
365.7332748295393,366.16956855949354,Train
191.86405126881485,198.77334784046,Train
345.8127973847398,362.1200302430077,Train
300.12951317731404,279.60828506746316,Train
280.21419864653757,306.166431508424,Train
221.66685379241056,295.50627026103894,Train
218.98747861493283,237.8424172263812,Train
306.82607311410453,327.0296375351781,Train
524.7901158656708,508.3338265471379,Train
375.7067159451729,396.8634036670761,Train
290.1596902796233,311.6532943245881,Train
291.94903886902165,290.46084660127985,Train
300.9247617133682,333.15585823844884,Train
396.8868588126629,408.51241857206264,Train
279.88533016690576,323.53595406328003,Train
323.3701757760967,365.0528435270188,Train
425.4913956402356,420.19808256480945,Train
226.79898975932286,225.62826906318307,Train
381.79295813335807,367.2330737178699,Train
347.2733007623415,281.9248550513197,Train
414.090017646273,364.00626515371914,Train
230.1431087851526,246.54444172620322,Train
363.4825741789804,312.1810237488053,Train
337.75841382775627,317.5740464884848,Train
470.0706277314803,432.48346039483,Train
237.51921589015234,233.32301633071773,Train
245.6041783037727,289.05480942596876,Train
394.925514972341,409.93551766678655,Train
534.2832258958574,535.3907315497855,Train
168.77731107432203,249.0527629362358,Train
464.25777050773485,410.814206534296,Train
432.32460419609566,324.7257066622038,Train
261.97781213940465,273.75710311323274,Train
245.8173943376617,279.2711229630121,Train
261.3433507908669,263.344320678448,Train
351.25568149902017,351.28243925827127,Train
504.33133412989974,456.9263015649863,Train
395.6792744680798,407.1816593748647,Train
247.66937382726374,251.74771751019045,Train
250.00163220745154,235.2232446316526,Train
268.27604960864335,262.07219044020337,Train
407.49262603083884,369.9464114115241,Train
361.7513614740384,307.4150228693939,Train
327.0522559382419,312.8424335272405,Train
329.29530942344917,324.3455751396751,Train
235.48052192966043,206.59377950352967,Train
352.2078934568756,348.60468275857585,Train
361.6774240050946,304.4430101541627,Train
346.48911357431757,348.11390062313546,Train
287.0429621645446,247.97171976646405,Train
321.93896977577526,295.5061699171521,Train
276.52713640800994,285.9210371955678,Train
458.80746206124854,424.60603352188724,Train
196.42994673549106,225.31262101444094,Train
325.5445904307373,273.1103353516437,Train
434.5513931469877,354.0920624885528,Train
355.80035488424187,360.63820415247903,Train
186.59147564249992,192.76392382799534,Train
515.274755421762,472.7384124845724,Train
303.40019422202784,275.4980656670456,Train
377.31779204329774,300.7488437564028,Train
251.57754888557145,279.98642581019,Train
248.1794647488491,219.04448720878943,Train
321.6235396331306,331.92628213466236,Train
391.4961104067361,451.1029994571597,Train
282.33994289226064,334.23516300110555,Train
220.3805841018617,324.5245117474045,Train
152.76803403553924,221.7451035350133,Train
200.95229269329303,290.76669977434796,Train
355.8333600751232,365.0673078046922,Train
305.21123618102996,354.0219260506958,Train
250.335921011013,309.8894079227222,Train
286.7574145650725,329.9849023082675,Train
205.5257168432084,222.2559178981454,Train
333.54082784542067,370.85905224057575,Train
206.00274757170928,290.7717693612436,Train
284.56147602207443,350.1142539835471,Train
176.167013196516,229.10972192010368,Train
241.66935909503388,271.7888524327104,Train
206.66851371762817,267.7423532466437,Train
289.56447706429896,370.5321147043209,Train
173.607249135046,199.5029924318205,Train
264.79682992986955,289.21935817459075,Train
361.1832194487694,330.66097683472606,Train
452.26641769174586,416.95342891756326,Train
107.19642465879852,143.98750380118952,Train
242.97324034992755,283.56572826357643,Train
277.8968647651332,305.8885365913345,Train
203.2172979044152,221.3589823146802,Train
212.48453976777358,272.62818028559536,Train
190.19859035520838,198.73809544830897,Train
278.10944966671957,314.08947735398056,Train
517.6654404589333,482.7095040563929,Train
404.91243883324,394.55188773151605,Train
409.78952150555733,339.25723900394735,Train
409.79668847588533,339.1829513313144,Train
316.0339397442241,294.3076641809151,Train
414.45127531057346,403.3441972382033,Train
388.64869517493355,348.168754872156,Train
345.37619933730434,334.7752954811001,Train
448.4337877976859,378.950372910762,Train
249.121460556078,296.1420509277862,Train
408.58921761248087,415.65678549706087,Train
362.98705896689444,328.90089662091333,Train
445.5149846193187,401.63398806591437,Train
323.67299456975354,290.7109912884616,Train
391.2110888181992,380.27574136887216,Train
431.12926736465545,406.9533502324046,Train
472.12753020912254,433.88951481853417,Train
333.2558773516002,264.54310411734366,Train
317.2643087920885,285.973676971126,Train
474.9028245305876,412.2411239726811,Train
428.87142456709734,443.5342521156006,Train
370.9701089016177,237.16363049054988,Train
529.0488775341488,500.4153376074231,Train
480.1975478143736,476.75770256110053,Train
381.57375617105475,393.5556636608538,Train
236.9674020016331,278.0304003879002,Train
272.4784853061088,263.6737899476773,Train
277.4070060844817,268.80789325026365,Train
452.3029643367519,442.53065344384055,Train
339.0163600629194,333.30747726494735,Train
315.547193262984,369.6675630069359,Train
344.0954639369461,352.05594381717526,Train
233.56117208480532,244.6617217225229,Train
322.3943177065619,389.02728382419787,Train
366.2949008022157,313.37249995669856,Train
359.31292137176683,372.1505690180648,Train
329.09837941521516,291.68165576682213,Train
335.8512749325607,351.6842233597705,Train
267.57160792380364,333.4046983768478,Train
483.0093783889438,451.79259531491783,Train
125.01458632798122,205.8460836140365,Train
300.6372317409158,298.4251276334098,Train
472.9773146277479,474.24205639175005,Train
399.4848349884771,428.4401703419988,Train
109.90979282310361,217.1959396629508,Train
574.8021881316273,502.6502768731963,Train
282.5120209140483,293.2772402095244,Train
283.3892911703666,286.5547165076506,Train
263.13399890058224,293.8576593188725,Train
249.74614410469502,252.1219411232097,Train
347.5257267827051,339.242830855149,Train
414.4299653914292,398.16045239245506,Train
364.7824788539617,370.2867523198415,Train
225.65963853977715,239.06838732874124,Train
215.11144444887543,260.11961057239074,Train
215.88789658125654,261.90394649390896,Train
444.28899493692063,424.6058960483622,Train
271.36473951586754,299.5178555739123,Train
291.76513031809736,297.52986522544046,Train
297.24016734361,332.3062495103712,Train
214.98985059240567,223.31919593247036,Train
279.86418006448406,346.5898238095357,Train
360.9631557598454,313.628324914928,Train
325.6367776784895,342.93089881209545,Train
254.38504582041668,263.75214757528903,Train
384.50796018562676,316.76906553010514,Train
312.45552077411963,355.41496455399056,Train
434.7777275858953,433.0247405444294,Train
173.27458062095394,246.28575560843038,Train
242.29607987929558,292.59150035954656,Train
318.7922253609199,361.0573408276564,Train
371.2630170658272,382.5249975734303,Train
118.30845499401737,206.59037543012937,Train
468.52853914549047,455.512008455018,Train
256.0732695202464,254.55274748698076,Train
265.64264611828526,279.3280599257443,Train
194.8366689396068,253.43404497817093,Train
211.65533798421149,273.06081924512574,Train
383.298653252099,350.1004562001419,Train
354.5530109029851,411.017629714177,Train
259.3372186391207,303.51453136315706,Train
188.56454881691707,240.91959022045216,Train
151.33500143637406,230.47068021880054,Train
231.99857649749163,258.26296716175216,Train
310.5052740002699,354.46637286692334,Train
224.1050939447088,245.69157425225697,Train
264.69803633080835,290.92686016297245,Train
334.28410115856855,338.2464726562345,Train
162.31328842798936,215.08262788885338,Train
422.5355981390709,394.48888817232177,Train
211.95103029181297,267.6527187896638,Train
319.10958488621577,336.27778165053513,Train
131.51126192227915,184.12704542213095,Train
258.85606140000317,293.0221010190119,Train
268.5439833193879,299.04757419073655,Train
280.9750276804333,313.8560212850306,Train
210.39919448313918,286.2257141803948,Train
212.56648372750587,267.86638985689825,Train
333.67689541353303,347.8052870568707,Train
339.23042954122104,390.4943945569347,Train
89.22708611056952,206.03702344941922,Train
204.21686512157873,306.28638183740475,Train
235.1497665742486,300.1283048651358,Train
237.32579046857907,278.23926502364606,Train
204.44493680457015,245.92976077353308,Train
210.00720558222196,291.2407586478307,Train
326.1125968015343,289.0432292438226,Train
375.8580027662211,422.03916130357936,Train
309.6653694754004,357.6775953164686,Train
247.2234049260892,262.3717286465362,Train
171.73210911828747,262.9381927433407,Train
194.4914820519955,253.35815077964835,Train
307.10152372721313,343.7036181658906,Train
229.56223414394026,294.9061230778012,Train
252.723613302177,294.493452097136,Train
298.5356612019232,312.16388047503335,Train
172.04837784317914,236.13433928820461,Train
314.61176322594457,350.12686970252224,Train
243.22581735021964,283.3289021036125,Train
281.6405402160044,365.2079829109289,Train
196.40593182329872,256.47092924671216,Train
302.1719921721025,322.9822501747633,Train
288.4887212624159,334.4639527389347,Train
268.05611909423885,364.7569900739148,Train
181.3741856675714,234.08120459002777,Train
228.29292098241365,247.3444512098886,Train
392.0123250387654,389.07448821002345,Train
237.83239783662677,303.1149821858693,Train
143.05313937599772,217.58309281215264,Train
325.0245496568782,358.27518958883496,Train
280.7966286792683,283.1150258877376,Train
239.969376443168,246.50405371586473,Train
181.54279294857713,261.5516679664275,Train
168.51687819549613,244.78827283755902,Train
242.54163218392452,303.8464057571551,Train
606.555261730266,529.3175429412252,Train
473.2429876154007,447.73711021507967,Train
497.89719699666523,382.23051988182317,Train
506.2178898740598,471.47747023356436,Train
391.1050662475843,357.15945980846095,Train
435.70872611723877,405.9812726779242,Train
411.4788694830232,388.9853764701706,Train
468.5654963449375,378.66029878939565,Train
600.6686067029818,503.82238955416,Train
347.88820055715615,275.13524559300055,Train
594.3242779074603,477.33600225472287,Train
523.4268387538946,359.2170110232507,Train
529.2958830964587,436.1483647887796,Train
352.5814109351528,290.89954227459856,Train
483.9834222699768,405.9281372351266,Train
495.4519171009309,416.0255104631376,Train
567.2368954280148,476.1496901167692,Train
394.83835725122873,321.398373099545,Train
442.3563025705726,348.9951693504008,Train
543.5407313860463,437.53064358834035,Train
621.7416436976503,560.1710183646231,Train
401.509039505384,298.2245402166513,Train
525.7929188092476,441.82255118274935,Train
445.79328160924126,344.6478855381956,Train
425.4101279053649,348.71328596790346,Train
388.75956777051545,363.440769164764,Train
449.8129981387764,441.1229316126409,Train
310.88461790869025,344.1262538060767,Train
275.90871362019305,274.6959525013458,Train
281.5352852732847,284.56523877037455,Train
266.1643328679653,297.80832223454445,Train
363.84585640423484,369.08318205857597,Train
298.0798558820933,317.1141444100192,Train
280.61633130154075,331.15960060390057,Train
313.90528266257706,351.7886465459759,Train
265.6467099652024,259.6219392149674,Train
248.89061320941653,367.68744097060875,Train
263.9869923952196,285.57821737824617,Train
359.2358475226117,343.57318812166113,Train
319.73717859159274,290.14439382222315,Train
338.69098560216264,330.7981940543634,Train
273.64726855432144,320.74597010795975,Train
382.20602744806934,384.55545484975767,Train
258.71726228340606,267.22651154796426,Train
265.43097306033167,286.1305784997907,Train
298.3971597788463,328.35322636536495,Train
288.6658224389499,332.5672075786273,Train
239.0369610406422,283.85689387410673,Train
350.41057558392356,383.0160131644036,Train
356.1652324952531,325.29220922766393,Train
242.31578742416448,291.36523218389203,Train
640.1535908698828,516.8754170689695,Train
495.7956901727516,441.66157755708946,Train
339.06706798871227,316.5907967588004,Train
439.11772431776484,364.34761031800133,Train
430.8976591599092,342.4341644881623,Train
660.9068725151454,594.3438473719025,Train
508.59536438347334,429.00646154601833,Train
449.26313476489327,377.1495192653707,Train
496.9101836594049,449.1881537831913,Train
424.73651106700834,354.8527031391883,Train
616.3421169877037,506.77600293459585,Train
464.47700142149074,405.92914422873866,Train
572.8911643683698,487.5413373022675,Train
407.1346058283406,363.67054088010633,Train
460.00732580140334,430.3849093445901,Train
513.8093242875577,422.119698755922,Train
539.1406012868039,498.30019152300594,Train
394.2511567991421,308.88796266193754,Train
453.2909908245721,350.22127065753887,Train
498.2101033630939,470.94577844571785,Train
504.8584944147074,478.81084412303704,Train
375.93616397941287,367.98156451342817,Train
574.49311205721,520.4051519858708,Train
411.3793386480993,342.6928575940159,Train
438.8948437520802,385.8033580294225,Train
500.93962736915296,435.15708921856213,Train
443.5136894993175,386.52666948118826,Train
607.1670301425739,505.04785816796164,Train
500.81683916823795,510.41322671976025,Train
344.0340217242132,386.43037263015657,Train
238.67428644352384,290.01953697077147,Train
275.03763332616995,287.5365155189021,Train
358.27406237215143,401.4008621597268,Train
551.3835735814683,516.6304101319814,Train
404.96616695412064,409.3068597164938,Train
325.37184249010835,310.68729793228556,Train
385.0506001894316,354.7799795848644,Train
265.8524400520901,276.8113143470993,Train
443.077362078084,381.3041782081188,Train
290.5753662674135,321.4766884959073,Train
456.8964526200782,411.6074826129561,Train
277.39062113607844,275.4410418617513,Train
333.05787181541405,311.9407691985664,Train
407.5982046580851,311.59555345949275,Train
501.0116196640915,447.10162814143064,Train
209.04811683343343,189.0906553447106,Train
359.45769616611057,315.06093089400747,Train
363.5403576621233,363.6995785103529,Train
336.0961013214714,366.3015733118473,Train
202.92492714415482,216.80380046402038,Train
510.0268351301738,372.15406797996377,Train
275.3018252795281,262.0050210418055,Train
324.3998975922178,285.4268427319155,Train
366.12105206824305,297.24018637918647,Train
284.96528870760346,264.63496934817584,Train
522.6326075102996,437.7363689612823,Train
330.2194796736741,419.80187038905314,Train
158.58869773679152,255.3740053944726,Train
165.99917336771927,214.05249984644465,Train
215.9509065664575,280.44629175120264,Train
139.74389733300626,242.97727655904498,Train
245.37814566736557,363.1357038686414,Train
175.15365156953538,227.05426115740852,Train
174.0704150395156,259.37818623629653,Train
275.72843607730624,368.63450787771086,Train
128.3777146829073,209.5890633628696,Train
233.56825085631903,315.28223928327395,Train
148.2000445975412,210.09262249102008,Train
157.8730959065737,267.57486051543714,Train
144.98740478341676,184.00139519431195,Train
208.94297122807035,310.7529413272052,Train
256.63979524053434,328.3088214036875,Train
199.52787682080879,290.05807346636135,Train
173.4072159688938,225.42726989519286,Train
147.47781268478914,249.85523758040466,Train
241.08966696849512,360.8654096280538,Train
186.49277882001152,285.67637065277574,Train
154.4871482393384,220.83204813087534,Train
206.3227752264757,325.86959769189065,Train
186.59965978142355,265.7795423670947,Train
128.91780190418189,270.7247020920111,Train
158.57720159475065,255.76774169959288,Train
153.07785885312995,246.27168512791084,Train
236.3197736793196,331.30188639835694,Train
360.3866555610306,374.8381250200344,Val
637.1808381486676,333.45886845550666,Val
350.9644421519006,812.1765000783953,Val
167.08746757072942,281.875613841011,Val
348.0499144051543,449.34866561157344,Val
204.701782655175,327.6553896912696,Val
167.33994280666963,387.47240541121437,Val
329.56321270429123,259.1996119663412,Val
133.19729951468202,351.4546500481468,Val
48.29220323784206,1362.07476790191,Val
149.51446142246962,328.52279183885054,Val
371.553858032529,418.9750815347638,Val
628.1702399589171,325.3380747966022,Val
315.53492702457817,383.14024072177267,Val
107.04791922951232,325.33988502851685,Val
379.3092165737195,317.8782797981081,Val
167.01881905719955,304.3604005443959,Val
712.7003079692395,415.9669488849861,Val
630.0143240437192,329.55921835403495,Val
244.84070294327648,274.4208803185806,Val
344.8530657683543,392.8294330710891,Val
314.0815441769647,288.8556964064583,Val
523.3198935052648,464.5837478493804,Val
664.1045918203004,309.3324769282624,Val
427.73545862464806,372.86401528356447,Val
231.9050699735625,419.2788708436468,Val
281.2157229638638,388.0656339899251,Val
364.0365913809807,342.09642311634167,Val
241.35919736774602,888.4060411469567,Val
279.00962205022205,446.4104289226575,Val
223.3874407459326,324.2293948105391,Val
319.3005888899736,377.2597677094178,Val
239.28888605631778,321.0149124539128,Val
184.65106134335446,348.25028254033026,Val
360.55310990063487,337.105963187748,Val
618.641374522891,546.0847538122215,Val
452.1753995294628,382.3012239605366,Val
125.40518492035044,309.7121442530789,Val
311.73073069555335,345.7434326672993,Val
152.60203685507224,329.5875565649089,Val
331.9663307536924,357.8693035891016,Val
634.6400171646832,398.82869964389545,Val
311.46759376855067,331.41194271014535,Val
143.299060565295,310.38368431479296,Val
366.6180324506954,369.05952798457037,Val
491.64513519529316,514.4165096830038,Val
237.10632301700986,454.2280525441503,Val
229.15159591584552,312.0068700390681,Val
229.43095389180013,373.26382110576,Val
339.44439694487374,319.8067335948636,Val
322.9850004848874,377.21873306067516,Val
494.6577011662891,761.8167806873399,Val
297.58687700955466,342.03561709149386,Val
333.364654181677,321.4335278770269,Val
235.1132555105338,308.7628495548691,Val
582.8129359627196,408.0487585434791,Val
642.4425375541634,344.8913615290734,Val
437.20218075313835,351.594734298762,Val
186.89186555964454,324.5252643914499,Val
321.66159197368177,372.09047121181646,Val
254.91135999525005,302.70033120030575,Val
277.4045397469388,407.2629184005159,Val
561.770547105396,561.9871003669027,Val
301.44764939463226,338.0475280557601,Val
130.63584661464756,1265.2658346149335,Val
333.1851387654419,362.33193498186205,Val
234.29552584701514,378.00236783949777,Val
271.3461189114738,359.3323780915633,Val
498.76105216429517,642.0015961179907,Val
283.76472100239465,352.27003401440015,Val
141.55712542577254,1302.7833948957746,Val
340.2382654344286,333.1137374721145,Val
244.55814102836302,329.97025356655877,Val
683.326235036594,296.0230342020512,Val
322.3938862366667,328.5534108795449,Val
367.74287259398164,349.1758752806874,Val
608.343142641317,296.66590338584155,Val
452.1733217571639,394.816313949986,Val
204.96252739386392,264.59712405118296,Val
81.27768151461001,262.25399538489813,Val
140.43977464153483,285.05137403900403,Val
234.73671364771354,314.05040994983574,Val
438.90030514507663,389.53754199933655,Val
628.9603186752806,247.14231560802534,Val
278.99906653103903,457.6478408177647,Val
197.86654871235174,264.4957576744531,Val
320.1127652192189,367.4369655463811,Val
508.1919571660183,374.1891577723792,Val
573.7555399428271,303.2991714412925,Val
369.56002225003414,783.9608673292026,Val
243.1554040876394,351.1436428912807,Val
496.9416854556425,355.1934055097242,Val
363.368866354044,352.425112843035,Val
355.46419264254996,392.93753352036936,Val
405.58353053979187,386.5636351896061,Val
651.4851454016265,461.1644868859581,Val
599.7772808205577,374.63237912437404,Val
629.975892132827,550.7171160298283,Val
459.4913913837743,352.51037012554286,Val
193.3237785733997,298.5461837727328,Val
252.08921676868465,290.39685622023,Val
424.0088588467482,406.5812223509187,Val
554.7980611700142,332.6782781565711,Val
392.89081176168037,328.6152519627726,Val
533.0492113619893,187.210150677157,Val
300.56774977171136,388.8821843590024,Val
237.98419785735842,289.5328407292679,Val
844.2234786488161,417.66030678657785,Val
739.5198422954732,324.41748503253945,Val
463.2515546668012,450.12141786458767,Val
382.9500907254928,354.160839809694,Val
609.175005620039,332.23265609665066,Val
300.6047693748999,425.04410239742657,Val
330.4893819900758,285.2512263217724,Val
306.12884346556626,380.5952913792807,Val
333.22315380137155,260.73324408965266,Val
424.1161759298125,326.4998259000053,Val
551.0450599941634,375.98344167731193,Val
318.61861571751683,391.8883100421242,Val
109.73684309987279,411.58953853942165,Val
282.44974214123147,298.2914637127382,Val
210.95731284159254,382.60838461509957,Val
650.4058924124455,298.10195228143255,Val
117.77329415643435,296.9897278652569,Val
220.79548997546564,298.42881452971295,Val
227.02445092015307,385.5127710469126,Val
436.33017839366516,323.10538273261284,Val
159.98869475361414,404.829795405932,Val
0.0,336.8915710522692,Val
195.4140941328227,333.6218565459178,Val
98.38097715208228,329.75948039392966,Val
487.9053402678006,345.1744121325959,Val
669.8483989631274,305.42602344060055,Val
449.734400494207,394.63539722387725,Val
174.0633448610398,318.1148183519232,Val
400.0352320636257,410.4152686955127,Val
242.1500621019647,291.3956159253095,Val
489.41198562875684,422.3910300978527,Val
665.5102654294066,321.7721620240908,Val
275.4847988950799,261.57973848851844,Val
402.2501915337805,390.00595118625733,Val
631.0273548866538,335.02834195620665,Val
456.05982466620765,446.3000678636533,Val
251.6390725649519,270.556898934608,Val
337.1645102169229,379.7272423128803,Val
590.4565977532039,449.87683394000186,Val
420.9289283579721,781.9737967901532,Val
287.96431877297033,336.90650046487065,Val
197.12737858320037,295.9530379328675,Val
379.7950034153198,439.8488089702763,Val
587.5981928581494,242.0538981659032,Val
296.051577839095,367.28269623508214,Val
175.05515835815618,290.25352350609546,Val
273.9129060106259,330.98566225781445,Val
372.60007248906436,307.97796907884316,Val
546.5832211519387,254.62396222111516,Val
152.3691257923493,346.42853142254467,Val
134.39784018564197,322.45292398122444,Val
216.11232963809965,359.7875696549895,Val
303.9113355994282,309.4395701989294,Val
96.60924059112233,363.3418400466604,Val
85.60604461318174,314.0727880110416,Val
95.90174766560663,280.203244673173,Val
279.74634974839705,225.70406179923856,Val
655.6688027893562,415.0822823150296,Val
374.6727650976736,472.9110860339631,Val
457.61811006363166,399.21482127613496,Val
703.7431613011943,304.47476281728234,Val
354.42907014250227,332.74730264114567,Val
132.77583658755555,332.02392307624586,Val
299.1834606363542,358.8471171081704,Val
219.80194228889803,316.6547103572828,Val
518.7673323617835,358.3188069053267,Val
697.3701861292277,297.20448013702975,Val
378.1165329526564,377.5784942192324,Val
539.3723865656115,356.8848126971736,Val
623.9211079253477,345.1183046713156,Val
328.0740569279948,358.08598440020006,Val
258.38123357355295,317.5224270123745,Val
298.99263786202215,375.71986313352926,Val
238.85826979340217,321.27943858863273,Val
154.2868421805984,348.88240987811037,Val
201.0210019732758,226.82306151159423,Val
148.01294798382156,418.3873127491962,Val
76.46268021223584,272.20331426914186,Val
189.93550332266966,318.7408551483767,Val
344.9364623373286,277.79263348251027,Val
494.7195521191534,302.186335472516,Val
268.5315581181675,327.6124050063683,Val
137.8224803343711,345.1276092014655,Val
308.0423187677638,312.27222299425904,Val
140.44107341834587,309.7576766175144,Val
188.95503030328473,312.1521417891932,Val
146.50939922346993,391.55878008478913,Val
133.84248197427019,319.5334346025427,Val
213.94478896771582,297.49628927265485,Val
406.78263728992556,364.88791930576946,Val
564.7071711423959,251.59376288058016,Val
218.84967467151557,318.39053134382254,Val
190.3101478772846,333.84715986625434,Val
224.9885907597029,281.91143337450217,Val
421.05438646212167,372.896324950856,Val
595.6894656801712,335.8906418054752,Val
307.8109191531689,293.7397734604489,Val
98.5187468811147,358.7557017836041,Val
384.6629488640087,324.64429200215164,Val
184.49352510185074,414.2894330058178,Val
388.959773538416,337.6315047206932,Val
636.0381664647053,260.88759307823335,Val
239.6587184119987,325.7891689546239,Val
117.17142938029582,289.05341429409543,Val
457.9262993695969,334.83925605935974,Val
226.97332837990183,285.43583237839215,Val
463.57159446197113,232.71822288723027,Val
297.9158770854216,310.0371284721045,Val
217.85758874139123,276.19325512719223,Val
554.1532595875601,434.9107526222665,Val
614.0926183061661,279.78607558157006,Val
284.51206132278264,309.74735771816603,Val
188.76158863741,306.6695136335643,Val
384.94120025004804,369.8864140598802,Val
213.65089616069673,317.6126291152569,Val
402.1227469346126,416.7792494508657,Val
636.8372045604171,439.9716206370733,Val
264.16909966011923,396.61963278262965,Val
399.7352022812147,341.3140561185352,Val
183.4694098026085,336.6244932235364,Val
597.1092224577226,268.78285742626434,Val
328.47647639545863,369.3418243900425,Val
147.4683765564776,242.56744087364032,Val
236.43492294077964,422.25781466052365,Val
144.22611554836436,360.2406618119977,Val
302.1611104625074,356.12010064506,Val
451.4027465651411,291.48548845800383,Val
269.8375051094355,361.3072874770799,Val
99.41538609539037,298.074222597234,Val
345.1670549138626,381.8901581741284,Val
533.0931463853102,263.07503238883294,Val
241.41990659826746,475.8753055162205,Val
153.34733555273414,341.995615444306,Val
287.0754332487105,354.00826888471,Val
197.0541996861965,325.4190711721669,Val
702.7423480511588,356.813594972141,Val
669.9916118279322,307.105008850279,Val
274.78958986986885,1431.1113592151492,Val
507.09520375138334,228.66292087578745,Val
181.434523844958,247.6839598199538,Val
274.28289780412854,385.63149343954007,Val
273.3337477048882,312.0972329693773,Val
475.6496492989222,390.11348566313274,Val
600.6364916056976,218.52847128014017,Val
397.2230568983999,313.5578016760282,Val
186.43270435443765,275.02045972172397,Val
214.4029460733199,362.4515590493085,Val
285.4273760351305,315.39430874685894,Val
164.69821132742538,316.70931231128424,Val
108.49181588393733,284.5842501845457,Test
168.4299872581742,319.7878287536866,Test
148.47672667995272,337.9782635063276,Test
322.2829394419789,297.64698854133326,Test
308.2761381691077,273.5721637309393,Test
435.58684774478354,270.4270789365693,Test
216.2311477327331,372.5221622454594,Test
246.3790339985939,215.77280941284747,Test
217.93231998606512,373.14247693798006,Test
158.26699701129172,350.1374176044149,Test
217.1191033989066,455.21563372874454,Test
163.16680211278873,327.9595414905224,Test
262.3919250750663,274.95088785845445,Test
175.16833200125433,231.8083767860571,Test
251.9411696243495,328.1241258326376,Test
166.11700785936728,582.163004704485,Test
415.29958480249854,377.80740211036067,Test
161.1167522075757,490.1213268811575,Test
230.96409897206672,315.30978763317336,Test
509.65696861886613,212.42006480335735,Test
253.34312890566878,299.1874462292612,Test
475.8228533640743,295.089892727166,Test
114.46091428236983,218.17449953817504,Test
177.9123765455035,364.74779304099917,Test
323.3738206931472,263.18744335046296,Test
282.0369467828434,312.22790180376825,Test
299.49592674204126,277.40240145763516,Test
286.62486266866495,296.32831342386845,Test
451.4981164839007,291.7903104893439,Test
210.57226777434417,389.09871368093866,Test
223.87220671868184,257.1132681463656,Test
131.5932915047342,290.3864711387345,Test
295.16252396152333,258.19510633530155,Test
359.25821410715037,325.1496461859765,Test
408.2723129974916,298.8413016241705,Test
329.32632105392645,269.2843092083899,Test
171.7595552009564,257.05771222509776,Test
187.9564692193225,298.33682076758015,Test
225.42713566312216,334.3333483070029,Test
367.62247986953923,318.7324774328786,Test
41.40064905777871,320.70638154472925,Test
163.77310984991183,260.4993177553747,Test
259.0078349760568,291.8372196314964,Test
405.4585506859019,317.25341368699793,Test
321.9237858272669,318.9896754620428,Test
165.0706814619178,332.39769799998345,Test
314.2170731440343,265.8175483670173,Test
235.39700103961906,198.29647147528325,Test
145.38985086155282,259.7362109737584,Test
163.2322510050741,251.46014752255155,Test
268.09581788878387,285.66143030372854,Test
304.7033819760217,429.51490426631545,Test
291.5312815451873,382.27449853961747,Test
362.8214784052219,348.430047871251,Test
225.13685080621536,310.2250920055395,Test
367.4506629095661,447.8186196331212,Test
243.5281293676934,627.8314610462077,Test
317.9022165848955,299.30539135241435,Test
101.95859420468919,269.39484255492476,Test
202.71874428611727,225.38318679525432,Test
239.7253313710779,298.3865542842489,Test
169.9119512836216,282.00572996794637,Test
314.24938555448784,252.76915544989583,Test
265.9317374668542,269.0474437324933,Test
136.06047559464093,267.3414443170234,Test
221.86380034237925,348.83739058125104,Test
199.91251641121062,272.06480077789485,Test
313.7438634635235,242.32473254676793,Test
181.4961091214372,263.67796854169654,Test
232.93143822555965,744.0075476678185,Test
359.14067636935613,378.15711453151476,Test
395.1105408760262,366.6749056490974,Test
235.5210547978994,420.34648687668124,Test
278.6901372670878,344.54719476639565,Test
193.89195437923195,274.23977855585395,Test
335.38243943338256,287.4239392850555,Test
155.85776370321923,351.7140850157281,Test
249.38363486519205,281.65629577758926,Test
229.16373878569723,333.07499005429526,Test
232.48707354723672,301.0489026273306,Test
299.4001397025629,249.69876622524353,Test
142.91838936134116,327.7917936552187,Test
