,CVaR0,CVaR1,$|CVaR_2 - CVaR_1|$,Max CVaR,VaR0,VaR1,$|VaR_2 - VaR_1|$,Max VaR,SemiVar0,SemiVar1,Max SemiVar,Required Capital,Payout CVaR,Average Cost,Payout Cost,a_1,a_2,b_1,b_2,p1,p2,seed
0,0.7098622001262168,0.759084782160837,0.049222582034620155,0.759084782160837,0.6813077634955859,0.7152939037580304,0.03398614026244451,0.7152939037580304,0.02099883682189006,0.02640529641881485,0.02640529641881485,0.3436278082737323,0.67341749652329,0.38133385949061754,36.27686570745135,0.98,0.71,0.33,0.23,0.20656722769174085,0.14813649616393013,0
1,0.8671090338333266,0.8406521832650861,0.026456850568240542,0.8671090338333266,0.7240089666834539,0.7107763889212069,0.013232577762247066,0.7240089666834539,0.029925555363118108,0.026568332063081727,0.029925555363118108,0.0,0.0,0.0,0.0,0.0,0.0,0.0,0.0,0.0,0.0,1
2,0.5848864482032211,0.5966445501670874,0.011758101963866285,0.5966445501670874,0.6135007785274472,0.6031242452136512,0.010376533313796066,0.6135007785274472,0.03640185883131129,0.01470404289595316,0.03640185883131129,0.3681450824339638,1.0,0.6870766799311308,69.50404093226396,1.03,0.99,0.2,0.24,0.3677755306461877,0.31419680129321514,2
3,0.569801772643145,0.6336562613880765,0.06385448874493149,0.6336562613880765,0.5999026226276689,0.621630096580268,0.021727473952599108,0.621630096580268,0.03008999884027646,0.015198724345813274,0.03008999884027646,0.4122030123315378,1.0031265179833215,0.6527539575015144,65.00158562169622,0.98,0.96,0.21,0.21,0.31739373892889633,0.31291470619971895,3
4,0.6104932272521512,0.6577668204695363,0.04727359321738511,0.6577668204695363,0.633488295661672,0.6638755990912584,0.0303873034295864,0.6638755990912584,0.02120259653578715,0.007139748161432817,0.02120259653578715,0.38846186745427236,1.0040597377140537,0.6738671503779221,67.71576572857593,1.0,0.98,0.18,0.22,0.35928032213977124,0.3327739958089225,4
5,0.7234724732731102,0.6550326828276023,0.06843979044550785,0.7234724732731102,0.6763623501571148,0.6834407281228624,0.007078377965747618,0.6834407281228624,0.011733134380498398,0.01926162891306496,0.01926162891306496,0.33385398961437024,0.7449530674697558,0.46117717629754107,45.22089856409239,0.82,0.87,0.23,0.24,0.20771623241159423,0.23599531076526784,5
6,0.5878999623027229,0.5656101117350469,0.02228985056767596,0.5878999623027229,0.5990636991686331,0.6025948231630209,0.003531123994387819,0.6025948231630209,0.009392490224109132,0.00804382451352626,0.009392490224109132,0.4046924416909827,0.8261410769108425,0.4821525014735072,46.359349874184566,0.92,0.93,0.25,0.26,0.24333965407072744,0.2553029920887356,6
7,0.5765942532789036,0.5695734679251002,0.007020785353803349,0.5765942532789036,0.597990902870564,0.5786978724547714,0.019293030415792556,0.597990902870564,0.020466284330431815,0.011610328255900559,0.020466284330431815,0.37998194414097297,0.9614036931108284,0.6384190405910014,63.956392386684094,0.98,0.94,0.19,0.19,0.34168487453943,0.314313604711759,7
8,0.8593577257195093,0.804693359768851,0.05466436595065827,0.8593577257195093,0.7024285959152001,0.7051013794695834,0.0026727835543832734,0.7051013794695834,0.042004939640684094,0.02539661966260704,0.042004939640684094,0.0,0.0,0.0,0.0,0.0,0.0,0.0,0.0,0.0,0.0,8
9,0.6891019980926946,0.6888123357739583,0.00028966231873628345,0.6891019980926946,0.6543490710835526,0.6927404569523427,0.038391385868790096,0.6927404569523427,0.0073467751204308795,0.02229078341951244,0.02229078341951244,0.3890913355594121,0.8596622355375267,0.5289346003120264,51.76279899759261,0.82,0.91,0.17,0.26,0.27127582044017867,0.25628312650936624,9
10,0.8277798812543297,0.8360697911860673,0.008289909931737616,0.8360697911860673,0.7408410278194006,0.7779276825115619,0.037086654692161214,0.7779276825115619,0.020650609524843936,0.01915094888315864,0.020650609524843936,0.1331477487219628,0.280485810587868,0.1673102241741996,16.20718680524957,1.13,1.31,0.54,0.56,0.07868112239658721,0.09397292828438086,10
11,0.5865771532675056,0.5920133347856789,0.0054361815181732664,0.5920133347856789,0.6318330366899199,0.5934556161501059,0.03837742053981397,0.6318330366899199,0.009382033346505758,0.010508352080242369,0.010508352080242369,0.2897628429572775,0.7692480450977669,0.522949628584081,52.74337223545383,0.93,0.81,0.24,0.19,0.2779525623820888,0.23759133598502782,11
12,0.7014743771203601,0.6872082678468201,0.014266109273539995,0.7014743771203601,0.6893528019815102,0.6949013724728437,0.005548570491333504,0.6949013724728437,0.02058554836287079,0.01877312130915456,0.02058554836287079,0.27477152440865543,0.674459178476368,0.4409033827290109,43.96564194744838,0.83,0.9,0.21,0.26,0.2138360669072421,0.22430828338246372,12
13,0.7225488916219036,0.7121072882066941,0.0104416034152095,0.7225488916219036,0.7164949071828227,0.6872436619849825,0.02925124519784017,0.7164949071828227,0.02377639242384692,0.025838292151504898,0.025838292151504898,0.2514551140857052,0.6292020844091326,0.41546523743628316,41.552166735577025,0.89,0.9,0.24,0.28,0.22676371589080074,0.19701696248155465,13
14,0.6063068960918646,0.6594636216784768,0.05315672558661222,0.6594636216784768,0.6331631508047729,0.66028151466249,0.027118363857717043,0.66028151466249,0.017529693266047728,0.0228551068280269,0.0228551068280269,0.3232264328410531,0.8382016670688162,0.563459199153921,56.647275765053934,0.91,0.94,0.22,0.22,0.27656204196679923,0.2855032922394119,14
15,0.6490679824547926,0.6432934872742998,0.005774495180492778,0.6490679824547926,0.6662829645144255,0.6856002213539407,0.01931725683951524,0.6856002213539407,0.01949544928315128,0.01412500352945266,0.01949544928315128,0.27499817087900635,0.777708435383794,0.5439599901366385,55.29812909552663,0.92,0.92,0.22,0.2,0.26609801430911206,0.2882976920174513,15
16,0.8032408316587287,0.7627807130422215,0.040460118616507224,0.8032408316587287,0.5991309598325087,0.5889834054680132,0.010147554364495548,0.5991309598325087,0.0755954382543129,0.05930611557170318,0.0755954382543129,0.0,0.0,0.0,0.0,0.0,0.0,0.0,0.0,0.0,0.0,16
17,0.7305869993893144,0.8132089657673581,0.08262196637804375,0.8132089657673581,0.6485213442287341,0.6556546983266114,0.007133354097877298,0.6556546983266114,0.01633555476876049,0.04376103206181492,0.04376103206181492,0.0,0.0,0.0,0.0,0.0,0.0,0.0,0.0,0.0,0.0,17
18,0.6498182478145021,0.5822641859192571,0.06755406189524504,0.6498182478145021,0.6154504003668262,0.6070524752956127,0.008397925071213508,0.6154504003668262,0.028103208019319568,0.014551495869339504,0.028103208019319568,0.25493853289003054,0.5040368289854176,0.28733907602889164,27.40081257049257,0.8,0.85,0.28,0.31,0.1397108895474492,0.14835811973706542,18
19,0.6476217951822902,0.5926083809571382,0.055013414225152046,0.6476217951822902,0.5922714840961264,0.5326877493955559,0.059583734700570545,0.5922714840961264,0.010141584820524822,0.011426258171911481,0.011426258171911481,0.344155796552533,0.6955035777872517,0.40297115071759865,38.648255935819066,0.83,0.67,0.27,0.16,0.19813651692267678,0.18827169600912186,19
20,0.6278088641509544,0.6811595056590868,0.0533506415081324,0.6811595056590868,0.6392687111160064,0.6355184072036197,0.003750303912386621,0.6392687111160064,0.018062084013032203,0.02811515571767072,0.02811515571767072,0.2859498611042407,0.646095968112856,0.40303858617425137,39.616071770947684,0.88,0.76,0.27,0.2,0.21370303532064697,0.19043845932612857,20
21,0.5954102449036724,0.5776742373120509,0.017736007591621528,0.5954102449036724,0.6443154651837507,0.631724515949788,0.012590949233962756,0.6443154651837507,0.01604282695373357,0.013981991274933735,0.01604282695373357,0.24819669191349059,0.7115910953908672,0.5006239072644002,50.97338438251145,0.95,0.94,0.29,0.23,0.24096420170071325,0.26544363405855176,21
22,0.7014621463409878,0.6193542904808232,0.08210785586016456,0.7014621463409878,0.70310680470688,0.6882383640649724,0.014868440641907621,0.70310680470688,0.03089212878354313,0.014483542533927106,0.03089212878354313,0.440712625936237,0.9223584272410863,0.5477526951952848,52.98103814353341,0.82,0.95,0.21,0.25,0.24042308013932676,0.2711901775187036,22
23,0.6352907070621633,0.6994986235567798,0.06420791649461655,0.6994986235567798,0.6576128778603395,0.688116164949302,0.03050328708896244,0.688116164949302,0.01974278925566086,0.02007095188408704,0.02007095188408704,0.2832434294257062,0.6796644487941121,0.4389075337822619,43.60631213052466,0.94,0.81,0.26,0.22,0.25731485703486134,0.2237494270560965,23
24,0.6259435528160769,0.6312704520698221,0.005326899253745188,0.6312704520698221,0.6755966258369849,0.6317865722454317,0.04381005359155321,0.6755966258369849,0.019553724679059574,0.010043664816215932,0.019553724679059574,0.3584963403665522,0.8249735309387215,0.5202516416271521,51.31249096293861,0.96,0.82,0.26,0.18,0.29140747661461464,0.25978207865851854,24
25,0.8487812969919339,0.8994663523986521,0.050685055406718194,0.8994663523986521,0.6970533747539679,0.761184099429093,0.06413072467512515,0.761184099429093,0.03807118479382302,0.03206866465672423,0.03807118479382302,0.04232387462039709,0.08940368861636303,0.05342839518902549,5.178779539556253,0.3,0.41,0.12,0.19,0.02565240390417351,0.024935703548158567,25
26,0.6116616490693351,0.5983063589719383,0.013355290097396777,0.6116616490693351,0.6141418154017203,0.5856916162479682,0.02845019915375213,0.6141418154017203,0.006550904249802486,0.010629054891153648,0.010629054891153648,0.3706254081500847,0.8495860461450877,0.5345544492175157,52.68567017945033,0.92,0.82,0.23,0.19,0.2784497665349628,0.25549960618048995,26
27,0.5728076562199597,0.6110156340179411,0.03820797779798146,0.6110156340179411,0.6096096048037056,0.5942299383313021,0.01537966647240352,0.6096096048037056,0.006044145209745797,0.008185697135813356,0.008185697135813356,0.35228600337922067,0.9168748627573082,0.6174317598849707,62.10477453158964,0.97,0.88,0.21,0.17,0.3284983656467214,0.2982514293519516,27
28,0.6377905313726359,0.6071790809977997,0.030611450374836147,0.6377905313726359,0.6240332826606931,0.6122853882626486,0.011747894398044578,0.6240332826606931,0.01066618585469288,0.008525965504745468,0.01066618585469288,0.27796585141498537,0.715819762580826,0.47954878887808844,48.163930228242464,0.85,0.95,0.24,0.26,0.2232897266790756,0.25398472153796764,28
29,0.6198445331499672,0.6618715241344693,0.04202699098450202,0.6618715241344693,0.6446505966627609,0.6387132124090998,0.005937384253661082,0.6446505966627609,0.011000037424184494,0.05258664217765893,0.05258664217765893,0.3294444621119085,0.8848805697013449,0.6048527769062226,61.097971834837985,0.95,0.93,0.2,0.22,0.32370694446157267,0.2959648335363702,29
30,0.6722694407569858,0.6747788722010168,0.0025094314440310406,0.6747788722010168,0.6862692605760286,0.6205454018353567,0.06572385874067188,0.6862692605760286,0.036718765443104005,0.03934017180874067,0.03934017180874067,0.3019763126578534,0.6214919151484584,0.36481204938928297,35.14671627396654,0.99,0.67,0.34,0.21,0.20052976870080824,0.15951520463419905,30
31,0.6071566166963911,0.6791389483377226,0.0719823316413315,0.6791389483377226,0.5919416326889,0.6312874878568225,0.03934585516792255,0.6312874878568225,0.14896883548315953,0.02490429892434685,0.14896883548315953,0.42348938699106564,1.0687245178803078,0.708758538937902,70.97586439781668,0.98,0.85,0.17,0.14,0.37275666126511864,0.31923491839418866,31
32,0.6177598723837366,0.6279859430505251,0.01022607066678849,0.6279859430505251,0.6644868056088449,0.6145140514565752,0.04997275415226965,0.6644868056088449,0.011944177978645413,0.015121032437674566,0.015121032437674566,0.4485343957908291,0.9659011258277211,0.5846468894055163,56.910340304058124,0.96,0.85,0.22,0.2,0.3169839936010735,0.273645164776011,32
33,0.6217175907103887,0.6886599861498209,0.06694239543943226,0.6886599861498209,0.5992732340199158,0.5628934383397963,0.03637979568011951,0.5992732340199158,0.03754089983844759,0.01635562915353678,0.03754089983844759,0.14442632858829885,0.39872227584385733,0.2759598965438033,27.972554198111435,1.16,0.83,0.44,0.28,0.1636522967543091,0.13309248501159585,33
34,0.5899127838707742,0.6022002871284386,0.012287503257664478,0.6022002871284386,0.6136497650612832,0.5901489894407944,0.0235007756204888,0.6136497650612832,0.08365117289548174,0.07068313089838996,0.08365117289548174,0.38892309499408406,1.1110368557059611,0.7804522249609896,79.4325136783065,1.01,0.97,0.18,0.15,0.3828173938638591,0.3648581022252741,34
35,0.634013088980161,0.6145113603938253,0.019501728586335698,0.634013088980161,0.6438427235139659,0.6248407618069761,0.019001961706989756,0.6438427235139659,0.012728347727928921,0.06997301098022254,0.06997301098022254,0.4396193777210434,0.8831722296920971,0.5094957586292101,48.79081371681588,0.9,0.97,0.27,0.28,0.22108180793510915,0.24549423201328913,35
36,0.7133185838935513,0.6286533615968103,0.084665222296741,0.7133185838935513,0.6550049558577721,0.6447277717402706,0.010277184117501448,0.6550049558577721,0.03625214830581926,0.017771141310944306,0.03625214830581926,0.34188944692830076,0.7238357120641352,0.43322968217507957,42.01408916494179,0.7,0.98,0.18,0.3,0.19241891702729513,0.22498712722564498,36
37,0.7353049434111081,0.6971201142147855,0.0381848291963226,0.7353049434111081,0.7087100829756299,0.7046486910889269,0.004061391886702959,0.7087100829756299,0.028341221066336936,0.030548521899300678,0.030548521899300678,0.2844047253462824,0.6534343873650702,0.4116903708207301,40.59326282206664,0.68,0.88,0.17,0.25,0.18796744609606353,0.23216719173024591,37
38,0.6578284975307772,0.6043669740294417,0.053461523501335484,0.6578284975307772,0.5993357755401583,0.615671966789402,0.01633619124924368,0.615671966789402,0.02397190505106667,0.0067205733144799044,0.02397190505106667,0.3119199953577363,0.8139043781673201,0.5487723821132442,55.21828210905422,0.82,0.97,0.2,0.23,0.25598315340252453,0.3080072226241471,38
39,0.55069070089649,0.5856177847719342,0.03492708387544419,0.5856177847719342,0.6358242179828933,0.639625705797561,0.0038014878146676034,0.639625705797561,0.018326931274237908,0.02469465870405384,0.02469465870405384,0.2897685699169551,0.6674064228530211,0.42110313842360925,41.54016382296728,0.98,0.85,0.31,0.24,0.22068615412037795,0.2156403273455532,39
40,0.6140366135981383,0.6718968054340089,0.057860191835870545,0.6718968054340089,0.5724645005019288,0.6094686806764837,0.03700418017455498,0.6094686806764837,0.020709775833801285,0.03528638276456772,0.03528638276456772,0.12089697896460666,0.2944031779593579,0.19164074583944224,19.08568188942264,0.48,0.63,0.17,0.22,0.08548355308216696,0.112910805049645,40
41,0.5810385923663005,0.5933896218597895,0.012351029493488985,0.5933896218597895,0.5883601588790854,0.5730391191255453,0.015321039753540155,0.5883601588790854,0.03655201292965343,0.018728845950512513,0.03655201292965343,0.4024781815681967,0.9798003739116625,0.6376939195786954,63.505441157781256,0.95,0.96,0.21,0.22,0.3115175846969043,0.30100899839721246,41
42,0.620683309826261,0.6617597738078396,0.041076463981578604,0.6617597738078396,0.6616403256796081,0.6529372062302179,0.008703119449390173,0.6616403256796081,0.009860902276797076,0.01405122322788497,0.01405122322788497,0.3062447121388393,0.8659443947498049,0.6056363894317914,61.56696508720623,0.96,0.91,0.22,0.17,0.3054328979498134,0.31899122266710817,42
43,0.5819179555951668,0.620795643256738,0.03887768766157118,0.620795643256738,0.6038042312611561,0.5879256848251811,0.01587854643597497,0.6038042312611561,0.009870996617848208,0.06038381028503947,0.06038381028503947,0.3886793548924956,0.9791528985637825,0.6487754469051612,64.95208980384156,1.03,0.91,0.21,0.2,0.38065001133932574,0.29115189357912397,43
44,0.715599650806785,0.7607902299049774,0.04519057909819235,0.7607902299049774,0.5945843172515403,0.6096456055295654,0.015061288278025109,0.6096456055295654,0.06691973602952077,0.06882614672677076,0.06882614672677076,0.1933855430437892,0.4586414832978295,0.2942637717106087,29.178153427944412,2.77,1.26,1.21,0.52,0.16637312026927806,0.11887279560356864,44
45,0.6215393436498141,0.6600686170586695,0.03852927340885537,0.6600686170586695,0.6539571736261737,0.6035375932765442,0.050419580349629456,0.6539571736261737,0.01711780727880365,0.005391038773063509,0.01711780727880365,0.35226882920788194,0.9322053034198924,0.6327767985931927,63.79301216332112,1.0,0.87,0.22,0.19,0.349057992344014,0.27980315672254574,45
46,0.8528843495143086,0.8029682872066718,0.04991606230763679,0.8528843495143086,0.680141244141737,0.6002452832030514,0.07989596093868567,0.680141244141737,0.054347715873150584,0.07230790912333919,0.07230790912333919,0.0,0.0,0.0,0.0,0.0,0.0,0.0,0.0,0.0,0.0,46
47,0.6333345284684839,0.6035912730078467,0.029743255460637275,0.6333345284684839,0.6157410888858631,0.628731565021685,0.012990476135821938,0.628731565021685,0.019829906086941535,0.023674625702744846,0.023674625702744846,0.23827980583507963,0.6093353944219659,0.40679755946214824,40.816114744557495,0.87,0.83,0.25,0.25,0.20785199853871997,0.19056238050795882,47
48,0.6012131886159237,0.5856537685532707,0.015559420062652984,0.6012131886159237,0.6162954199212063,0.6099537511761963,0.006341668745009965,0.6162954199212063,0.011692813755776896,0.020404137698485418,0.020404137698485418,0.40568685587721376,0.9171405561974498,0.5723067287018181,56.25990703522599,0.85,0.97,0.19,0.24,0.2825651488297749,0.3009428705941307,48
49,0.6000702661111204,0.6720849977366936,0.07201473162557326,0.6720849977366936,0.6105239756041932,0.6760656201059576,0.06554164450176436,0.6760656201059576,0.013859524043268855,0.009435383278383575,0.013859524043268855,0.39661153842148433,0.8395868828677541,0.5024670752094924,48.727287889089666,0.78,0.97,0.19,0.27,0.23766060867209557,0.27759419054569645,49
50,0.6228615952072535,0.6127701961602758,0.010091399046977645,0.6228615952072535,0.6268023144483876,0.5759593674705631,0.050842946977824544,0.6268023144483876,0.07926976009088346,0.10799436421081503,0.10799436421081503,0.3709832948893942,1.0129691284877467,0.6976333278317616,70.61844169581876,1.03,0.93,0.24,0.17,0.36232655505220546,0.3384806965906992,50
51,0.7788377199266279,0.8894203617466896,0.11058264182006172,0.8894203617466896,0.6367794092540819,0.6900550950898661,0.053275685835784126,0.6900550950898661,0.031943498478600056,0.0573004713135163,0.0573004713135163,0.0,0.0,0.0,0.0,0.0,0.0,0.0,0.0,0.0,0.0,51
52,0.6405711837132573,0.6590271106120632,0.01845592689880593,0.6590271106120632,0.6343380342434746,0.6737725385751008,0.03943450433162621,0.6737725385751008,0.029940285510421667,0.01148246085758016,0.029940285510421667,0.3615930886061658,0.86322339043204,0.5558692651167991,55.17933320084616,0.89,0.94,0.18,0.27,0.28458045799848397,0.2613563300758891,52
53,0.636092632239198,0.5926453876064485,0.043447244632749515,0.636092632239198,0.6397495266138101,0.5932791369843469,0.04647038962946326,0.6397495266138101,0.051289665334917175,0.01300778666361581,0.051289665334917175,0.3213179973568463,1.0,0.7268797022466806,74.6550202907469,1.0,0.99,0.19,0.14,0.37138442365973384,0.3938329950473394,53
54,0.6701418907414088,0.6403198589827815,0.0298220317586273,0.6701418907414088,0.6425858757417181,0.6473048126138473,0.004718936872129209,0.6473048126138473,0.01656440308612149,0.011410144956875787,0.01656440308612149,0.30421691792517597,0.7782718641654001,0.5196874839290004,52.146044086424666,0.79,0.93,0.17,0.24,0.24714675019560253,0.268746965484348,54
55,0.6726722236617529,0.6249455030910133,0.04772672057073968,0.6726722236617529,0.6296442998451613,0.6432080013196487,0.013563701474487377,0.6432080013196487,0.006479116853566798,0.0074439997537543885,0.0074439997537543885,0.3969806689484897,0.9149329020327456,0.5774993334265293,56.97474563926813,0.77,0.97,0.13,0.23,0.28577563260698674,0.3312421128028247,55
56,0.6169532746046951,0.5635257353341765,0.053427539270518576,0.6169532746046951,0.6100533534270606,0.5581681168210544,0.05188523660600619,0.6100533534270606,0.025032885008511054,0.010474544248425052,0.025032885008511054,0.3737627656731404,1.0235000833544348,0.7058017325322654,71.47110494494237,1.01,1.02,0.2,0.2,0.3763227997338257,0.33878212719705986,56
57,0.7157190457282555,0.7228134511412219,0.007094405412966354,0.7228134511412219,0.5698669876759365,0.5504313512692387,0.019435636406697765,0.5698669876759365,0.046463207200663374,0.059568781594403424,0.059568781594403424,0.0,0.0,0.0,0.0,0.0,0.0,0.0,0.0,0.0,0.0,57
58,0.7033293373265554,0.6447548722319169,0.058574465094638595,0.7033293373265554,0.7061982820903112,0.6858240822594601,0.020374199830851092,0.7061982820903112,0.008745199905002068,0.010902794536693409,0.010902794536693409,0.3112477231568514,0.789241996751042,0.5246814320677183,52.579370095360964,0.9,0.78,0.22,0.18,0.27406065913545324,0.25223952855038967,58
59,0.5528565590708143,0.6166283329735479,0.06377177390273359,0.6166283329735479,0.6041616417328046,0.6142743476442656,0.010112705911460962,0.6142743476442656,0.012252681295656678,0.008840401565181268,0.012252681295656678,0.3272364607962564,0.7643931669954432,0.4862421753186253,48.08723768191054,0.93,0.92,0.26,0.24,0.2478216092790448,0.26546671638067576,59
60,0.7080822473866827,0.697788609105777,0.010293638280905681,0.7080822473866827,0.72952160481371,0.7128010380655712,0.01672056674813882,0.72952160481371,0.041448855176734786,0.01538370401470073,0.041448855176734786,0.32550468553107637,0.786735524878956,0.5100565421775412,50.73539232826677,0.89,0.91,0.28,0.2,0.22811429240120376,0.26718438666856137,60
61,0.6394110724612087,0.6322379870395054,0.007173085421703251,0.6394110724612087,0.6335476964534916,0.6290362000839957,0.004511496369495882,0.6335476964534916,0.006326988286864798,0.032387921075782033,0.032387921075782033,0.4413274876432012,1.0379417977140122,0.6628134332172911,65.62757410778921,1.01,1.01,0.2,0.22,0.363257020342013,0.34077272625691957,61
62,0.6563908240047498,0.6294415981455362,0.026949225859213555,0.6563908240047498,0.6530251827984388,0.5895746950984435,0.06345048769999528,0.6530251827984388,0.0228373186441982,0.007251270608946589,0.0228373186441982,0.3388265556560114,0.8695128641446729,0.5815102918370632,58.37549393375274,0.97,0.79,0.24,0.16,0.32080310273390256,0.2639335532377302,62
63,0.7103029056650083,0.7617229080873819,0.051420002422373545,0.7617229080873819,0.7089960270776218,0.7538772070481773,0.04488117997055552,0.7538772070481773,0.016297670261222485,0.018294157781040883,0.018294157781040883,0.36724075499037245,0.7272813098449233,0.4151266681031068,39.60446103400059,0.94,0.81,0.27,0.26,0.22128820212315728,0.19419740496736554,63
64,0.7675365211751699,0.7693132736067039,0.0017767524315339678,0.7693132736067039,0.6346266515864207,0.591220196057324,0.04340645552909672,0.6346266515864207,0.012944712649058545,0.049558359299990216,0.049558359299990216,0.16295522791819328,0.413639404320145,0.27512746058968074,27.575259404214695,1.42,0.98,0.6,0.38,0.13675656242219994,0.13739633783627575,64
65,0.6524759928771027,0.6172342835015668,0.035241709375535835,0.6524759928771027,0.6843944791987545,0.6414860733605223,0.04290840583823219,0.6843944791987545,0.009199602851772728,0.008322488819348214,0.009199602851772728,0.32154441172027504,0.8831396602764112,0.6098269103141775,61.77547734117497,0.97,0.9,0.24,0.16,0.3174531419204117,0.3171043536482722,65
66,0.6595567355677407,0.6763274869720646,0.016770751404323825,0.6763274869720646,0.6187815523700628,0.5712882521933135,0.04749330017674935,0.6187815523700628,0.025772594296212793,0.00448350546515754,0.025772594296212793,0.3775161817539207,0.8129666901833873,0.4920779356925547,47.899555927241295,1.43,0.91,0.51,0.26,0.28719717567232894,0.23092376415694754,66
67,0.6341944583922932,0.6202139084148481,0.013980549977445023,0.6341944583922932,0.5723655695961221,0.6019431933862572,0.029577623790135177,0.6019431933862572,0.013606148369309108,0.01575497857886496,0.01575497857886496,0.34788107179042504,0.9040333520480028,0.6083344410261415,61.176750828333546,0.85,1.01,0.18,0.23,0.2849345129934497,0.33690268449449634,67
68,0.5681038448220467,0.5636959821376496,0.004407862684397079,0.5681038448220467,0.5776254545299021,0.5874788391105317,0.009853384580629565,0.5874788391105317,0.006667558472189053,0.026477330654992127,0.026477330654992127,0.3948315861064111,1.0208631151117684,0.6852562669213189,68.86346819058932,1.0,1.02,0.22,0.19,0.3320444515417559,0.3607744954581997,68
69,0.597094016931956,0.6068345557136001,0.009740538781644159,0.6068345557136001,0.6326272868856491,0.5896402666756309,0.04298702021001821,0.6326272868856491,0.00657511903846257,0.011285244093761065,0.011285244093761065,0.28410139000030143,0.7850176126610685,0.5435314311608123,55.10078449268441,1.24,0.86,0.34,0.21,0.32119942669791457,0.250146121047238,69
70,0.7550610574885824,0.7498020586971031,0.005258998791479286,0.7550610574885824,0.7011148210191436,0.6896613010860272,0.011453519933116385,0.7011148210191436,0.03362406049039223,0.0337971959615713,0.0337971959615713,0.26603431949769263,0.598400239132999,0.37227106755996026,36.56025115988369,0.8,0.86,0.22,0.27,0.20194304174208796,0.1910197114101685,70
71,0.5885024399398853,0.6308071071004945,0.04230466716060921,0.6308071071004945,0.6610330569107226,0.6759293520226879,0.01489629511196533,0.6759293520226879,0.01668420800779468,0.14990145451810144,0.14990145451810144,0.39767350983299765,0.9433248114597801,0.6053023281017321,60.02164317894609,0.96,1.02,0.24,0.25,0.29088538784566925,0.29699579374059776,71
72,0.5941221350826397,0.5731240920700322,0.020998043012607437,0.5941221350826397,0.608753174553744,0.6178060555709471,0.00905288101720314,0.6178060555709471,0.06336912380142837,0.13607266602446025,0.13607266602446025,0.44946003578321014,1.1510931023405417,0.7690520719248131,77.17963732130646,0.99,1.03,0.19,0.2,0.36803866582642897,0.37969666471149705,72
73,0.6689788676171288,0.6471019429403001,0.02187692467682867,0.6689788676171288,0.6477900958244399,0.6321708810528959,0.015619214771544043,0.6477900958244399,0.02539823096721911,0.008789087292028009,0.02539823096721911,0.22669159764149893,0.7608648387654118,0.5681769807701377,58.75905652363042,0.92,0.9,0.21,0.2,0.2804364434300595,0.28791678474038046,73
74,0.6367625004323579,0.6394166115737917,0.002654111141433768,0.6394166115737917,0.6348627344517044,0.6527818762933945,0.01791914184169008,0.6527818762933945,0.008559380022394557,0.010138539936045101,0.010138539936045101,0.36689118187827163,0.9172446848472358,0.6053871802507049,60.538885326586055,0.93,0.94,0.19,0.23,0.3072570148025188,0.2958049265425955,74
75,0.6308476132361601,0.6702089737731142,0.03936136053695405,0.6702089737731142,0.6931291695292869,0.6969905874681881,0.003861417938901157,0.6969905874681881,0.010675093803847829,0.014040479438048486,0.014040479438048486,0.31891847835654885,0.8561832361520042,0.5851025295489377,59.09912335750009,0.95,0.94,0.23,0.23,0.2872048611549125,0.28092226117732516,75
76,0.5586934538655784,0.6304955663629322,0.0718021124973538,0.6304955663629322,0.591878043833418,0.5868426253982757,0.005035418435142325,0.591878043833418,0.026525760947318015,0.027661758715307638,0.027661758715307638,0.4065958519521966,1.062049999701666,0.7164435255422988,72.09995625244163,1.03,0.96,0.2,0.18,0.3761340720160822,0.34170088782371477,76
77,0.6848941542195558,0.6373244737062115,0.047569680513344315,0.6848941542195558,0.646935081704181,0.6565348445318767,0.009599762827695701,0.6565348445318767,0.00595131771536462,0.010609303372902203,0.010609303372902203,0.3229455621492727,0.8667886078434994,0.5922848800166176,59.82273502636495,0.83,0.94,0.16,0.21,0.29009131137709304,0.3050911733317542,77
78,0.8621776116474038,0.7995059023676091,0.06267170927979471,0.8621776116474038,0.6860257272725407,0.6985107987146241,0.012485071442083329,0.6985107987146241,0.047739109260189684,0.02129025616559096,0.047739109260189684,0.0,0.0,0.0,0.0,0.0,0.0,0.0,0.0,0.0,0.0,78
79,0.5725590705761964,0.5805370338132809,0.007977963237084551,0.5805370338132809,0.5478282712829081,0.6227409911521754,0.07491271986926729,0.6227409911521754,0.043750955066043096,0.18598124823905843,0.18598124823905843,0.37550144755769854,1.133438808944884,0.8142625785208402,83.37310975259038,0.97,1.07,0.09,0.22,0.4159405900706959,0.39454841899840015,79
80,0.7785064189694973,0.7728152099838536,0.005691208985643792,0.7785064189694973,0.7202015633855812,0.7100059606490928,0.01019560273648834,0.7202015633855812,0.0260613435530013,0.030173781341318547,0.030173781341318547,0.16963611050035485,0.41017394374864996,0.2659832498233483,26.459161657312467,0.98,0.93,0.39,0.33,0.13745610198222172,0.14199715081231717,80
81,0.6506819902030635,0.6119083385602898,0.03877365164277369,0.6506819902030635,0.5853619230502107,0.626839319285028,0.041477396234817276,0.626839319285028,0.012924435432647758,0.020686602569175587,0.020686602569175587,0.4084690895950158,0.9416061425844537,0.5944074164286903,58.64507582883817,0.76,0.96,0.16,0.2,0.25465233701499207,0.331582862510897,81
82,0.7517715550332508,0.788806684901892,0.037035129868641214,0.788806684901892,0.6045346168252597,0.6037351065536596,0.000799510271600079,0.6045346168252597,0.12346670433592365,0.06837487815874844,0.12346670433592365,0.39753385926330564,1.0306776283510373,0.6927738479772274,69.64581459965048,2.1,1.47,0.72,0.49,0.37709044803336683,0.30246029036310285,82
83,0.592470471485415,0.6589874285507098,0.06651695706529481,0.6589874285507098,0.6019247615526951,0.6009140136705122,0.0010107478821829163,0.6019247615526951,0.03753257016718439,0.015345503710603562,0.03753257016718439,0.369487783992385,1.0055986525340552,0.691534036140528,69.97219553958372,1.07,0.75,0.19,0.14,0.4248670605262508,0.26887717699535885,83
84,0.8716655630252532,0.878262648494156,0.006597085468902808,0.878262648494156,0.77331114112601,0.7615941089131679,0.011717032212842038,0.77331114112601,0.015126007829662199,0.01863394074632171,0.01863394074632171,0.0,0.0,0.0,0.0,0.0,0.0,0.0,0.0,0.0,0.0,84
85,0.649829947571872,0.5590725006431958,0.09075744692867616,0.649829947571872,0.6443632787054924,0.6413391165723314,0.0030241621331609236,0.6443632787054924,0.024427848746142757,0.01339626705725742,0.024427848746142757,0.3980443425169313,0.9141534602655234,0.5758157691261317,56.77200295234511,0.91,0.92,0.24,0.21,0.25579174039934627,0.28706582262419417,85
86,0.5738064372467022,0.5688155623902815,0.004990874856420691,0.5738064372467022,0.5998407141268234,0.582790512395712,0.01705020173111138,0.5998407141268234,0.017657760829397944,0.023371700789876503,0.023371700789876503,0.40348052982104154,1.0303800503543965,0.6874216000065112,68.95894725866904,0.98,0.91,0.21,0.15,0.3350856158968907,0.33598995193227277,86
87,0.6656456568368333,0.6672500857838476,0.0016044289470142914,0.6672500857838476,0.6674603954247007,0.6910759658149814,0.023615570390280727,0.6910759658149814,0.025770822297568954,0.017802520667341646,0.025770822297568954,0.20542558761698892,0.5225768146956148,0.3479650652211742,34.88663497864885,0.73,0.9,0.24,0.29,0.15134704414447558,0.19538468928203484,87
88,0.7017178294871423,0.6813527800697557,0.020365049417386594,0.7017178294871423,0.7042433464090235,0.6867147875258571,0.0175285588831664,0.7042433464090235,0.02439946553869025,0.025304219855512306,0.025304219855512306,0.2296655371467346,0.6220518617394311,0.42683615516470663,43.162495705196626,0.9,0.93,0.28,0.27,0.2093532235397686,0.23683436759645846,88
89,0.7292047891874561,0.5746322171270241,0.15457257206043207,0.7292047891874561,0.6480321041843807,0.6308333945667073,0.017198709617673447,0.6480321041843807,0.0017239257181471863,0.010957882929975463,0.010957882929975463,0.2863194616648216,0.7959439879848523,0.5525724455697539,56.05869789520337,0.79,0.98,0.17,0.23,0.25325789546515654,0.30821736441191044,89
90,0.6391967414361727,0.610896629573302,0.028300111862870625,0.6391967414361727,0.633763712743747,0.6176186237895227,0.016145088954224285,0.633763712743747,0.022533019390615985,0.01724569926239005,0.022533019390615985,0.2463882796776637,0.6761462126247114,0.46671617489869727,47.273372624175245,0.87,0.89,0.22,0.26,0.2304090544742697,0.22223784227550353,90
91,0.5644847069642246,0.6246280366166395,0.06014332965241487,0.6246280366166395,0.5860222447716565,0.6366427538889171,0.05062050911726057,0.6366427538889171,0.015791351689359658,0.1403583315843755,0.1403583315843755,0.3614934074917229,1.0012800006149944,0.69401060424703,70.37652524355987,1.01,0.99,0.19,0.25,0.3511366348541343,0.31029823818669583,91
92,0.6432481766681114,0.5947665770828686,0.048481599585242785,0.6432481766681114,0.6331280735618434,0.5849356325002791,0.048192441061564284,0.6331280735618434,0.007746734540468435,0.03612937965649426,0.03612937965649426,0.3932393503177921,1.0,0.6657465522298767,66.74367146504284,1.01,0.98,0.23,0.21,0.34883733790701915,0.32532501375482004,92
93,0.6976191103676853,0.6187445633602178,0.07887454700746754,0.6976191103676853,0.6396534127936965,0.6583969284583888,0.018743515664692345,0.6583969284583888,0.008784441944549401,0.01673763070507335,0.01673763070507335,0.4200117288211725,0.9036658255391999,0.5466558560412034,53.201950638983,0.85,0.94,0.2,0.24,0.2598183946569797,0.28209665496189634,93
94,0.7248873469658137,0.6487873052041979,0.07610004176161578,0.7248873469658137,0.6437320754660445,0.6191873108455764,0.024544764620468063,0.6437320754660445,0.03719153564897658,0.024128619488881273,0.03719153564897658,0.20965348097697878,0.5433190484720095,0.36511358964157753,36.70321242445338,0.87,0.88,0.3,0.31,0.18151319170634722,0.16868269488702098,94
95,0.5906765131181165,0.6209216626623124,0.030245149544195882,0.6209216626623124,0.5595375227763071,0.6178335339292134,0.05829601115290628,0.6178335339292134,0.010047760489544307,0.008705073543272927,0.010047760489544307,0.37721081323679273,0.941882739862105,0.6212535486108312,62.113911928784354,0.84,1.0,0.16,0.22,0.2936096755818273,0.3430931009839089,95
96,0.5674474364462768,0.6442758656385759,0.07682842919229904,0.6442758656385759,0.6078629825458516,0.6155566938975323,0.007693711351680732,0.6155566938975323,0.013211081955310833,0.014599176627968233,0.014599176627968233,0.4193135193305685,0.9362785062950296,0.5798620148640464,56.86614856609074,0.96,0.87,0.23,0.18,0.287300414010918,0.28870594532332483,96
97,0.7115737805956391,0.7519337879658262,0.04036000737018708,0.7519337879658262,0.6541757598029736,0.6925040658976285,0.038328306094654874,0.6925040658976285,0.029307219183246462,0.03977746904004693,0.03977746904004693,0.19965953790298058,0.532063990021559,0.3623533828040255,36.564489733043615,0.72,0.97,0.2,0.33,0.16404336873523928,0.19157106780863617,97
98,0.705420663248197,0.7352542665288486,0.029833603280651655,0.7352542665288486,0.753408353244753,0.675334782519844,0.07807357072490895,0.753408353244753,0.01637159841972115,0.017839700412738888,0.017839700412738888,0.39987414556188083,0.7833691712762761,0.4434761475486774,42.18445282858347,0.9,0.66,0.28,0.14,0.2294947597771099,0.19985420035815346,98
99,0.6151330786162479,0.5920969412666894,0.02303613734955845,0.6151330786162479,0.6286908851802616,0.6122776324621106,0.016413252718150972,0.6286908851802616,0.005081110958353343,0.014104183256117777,0.014104183256117777,0.35323643863816934,0.9401978148630823,0.6399468420206383,64.56575138474045,1.01,1.02,0.24,0.22,0.3268916033290699,0.3336828017123113,99
