Location,Season,Full Season,Preseason,PosZNDVI,NegZNDVI,PreNDVI,PostNDVI
Butiye,LRLD 2008,SRSD Full 2008,SRSD Pre 2008,183270.13672914685,183156.3945639575,113.74216518935287,113.74216518935287
Butiye,LRLD 2009,SRSD Full 2009,SRSD Pre 2009,56380.89712856774,239701.07646579226,-183320.17933722452,-183320.17933722452
Butiye,LRLD 2010,SRSD Full 2010,SRSD Pre 2010,211316.4312787581,225486.16809832954,-14169.73681957143,-14169.73681957143
Butiye,LRLD 2011,SRSD Full 2011,SRSD Pre 2011,9661.602673172045,411952.4210161389,-402290.81834296684,-402290.81834296684
Butiye,LRLD 2012,SRSD Full 2012,SRSD Pre 2012,115324.06032551877,137674.43783393662,-22350.377508417834,-22350.377508417834
Butiye,LRLD 2013,SRSD Full 2013,SRSD Pre 2013,612460.6504040362,80282.1136334969,532178.5367705392,532178.5367705392
Butiye,LRLD 2014,SRSD Full 2014,SRSD Pre 2014,157878.92634473505,142954.29451277535,14924.631831959703,14924.631831959703
Butiye,LRLD 2015,SRSD Full 2015,SRSD Pre 2015,59017.87253582054,285567.41537596314,-226549.5428401426,-226549.5428401426
Butiye,SRSD 2008,LRLD Full 2009,LRLD Pre 2009,98271.27157713482,76169.85018040845,22101.421396726364,22101.421396726364
Butiye,SRSD 2009,LRLD Full 2010,LRLD Pre 2010,68710.42023770709,119937.88555685664,-51227.465319149545,-51227.465319149545
Butiye,SRSD 2010,LRLD Full 2011,LRLD Pre 2011,2725.4929231035803,301133.439122513,-298407.94619940943,-298407.94619940943
Butiye,SRSD 2011,LRLD Full 2012,LRLD Pre 2012,308228.4109560932,37492.75400362697,270735.6569524663,270735.6569524663
Butiye,SRSD 2012,LRLD Full 2013,LRLD Pre 2013,98537.15943293044,83411.5643479889,15125.595084941537,15125.595084941537
Butiye,SRSD 2013,LRLD Full 2014,LRLD Pre 2014,83918.57452696776,77839.71290941926,6078.861617548495,6078.861617548495
Butiye,SRSD 2014,LRLD Full 2015,LRLD Pre 2015,13108.526288112429,229911.44060905636,-216802.91432094394,-216802.91432094394
Butiye,SRSD 2015,LRLD Full 2016,LRLD Pre 2016,77150.22089534337,35090.51567311576,42059.70522222761,42059.70522222761
Dukana,LRLD 2008,SRSD Full 2008,SRSD Pre 2008,248526.88328469513,498283.99240610923,-249757.10912141408,-249757.10912141408
Dukana,LRLD 2009,SRSD Full 2009,SRSD Pre 2009,72798.75457847759,777612.1930823219,-704813.4385038443,-704813.4385038443
Dukana,LRLD 2010,SRSD Full 2010,SRSD Pre 2010,1465921.2647600763,80136.0679105398,1385785.1968495364,1385785.1968495364
Dukana,LRLD 2011,SRSD Full 2011,SRSD Pre 2011,76427.90465562961,966577.1437703009,-890149.2391146712,-890149.2391146712
Dukana,LRLD 2012,SRSD Full 2012,SRSD Pre 2012,305714.88875489094,382391.5833401688,-76676.69458527789,-76676.69458527789
Dukana,LRLD 2013,SRSD Full 2013,SRSD Pre 2013,541253.2532491062,218130.9190775698,323122.3341715365,323122.3341715365
Dukana,LRLD 2014,SRSD Full 2014,SRSD Pre 2014,705680.8369100147,319780.68602656043,385900.1508834543,385900.1508834543
Dukana,LRLD 2015,SRSD Full 2015,SRSD Pre 2015,137755.35432517412,608064.4517198231,-470309.09739464894,-470309.09739464894
Dukana,SRSD 2008,LRLD Full 2009,LRLD Pre 2009,476541.4485505794,259650.9223905809,216890.52615999847,216890.52615999847
Dukana,SRSD 2009,LRLD Full 2010,LRLD Pre 2010,500812.50385732506,217407.22721176324,283405.27664556185,283405.27664556185
Dukana,SRSD 2010,LRLD Full 2011,LRLD Pre 2011,53617.380138964014,650722.9285961973,-597105.5484572332,-597105.5484572332
Dukana,SRSD 2011,LRLD Full 2012,LRLD Pre 2012,995452.2313863289,61314.10560679635,934138.1257795326,934138.1257795326
Dukana,SRSD 2012,LRLD Full 2013,LRLD Pre 2013,152860.22891237642,329769.90505017387,-176909.67613779742,-176909.67613779742
Dukana,SRSD 2013,LRLD Full 2014,LRLD Pre 2014,258104.69291516635,211209.5791683156,46895.113746850744,46895.113746850744
Dukana,SRSD 2014,LRLD Full 2015,LRLD Pre 2015,200456.43074043142,370906.65141298366,-170450.22067255227,-170450.22067255227
Dukana,SRSD 2015,LRLD Full 2016,LRLD Pre 2016,213628.52528684263,90013.27819444302,123615.24709239962,123615.24709239962
Golbo,LRLD 2008,SRSD Full 2008,SRSD Pre 2008,130362.54447497235,140018.3014538111,-9655.756978838745,-9655.756978838745
Golbo,LRLD 2009,SRSD Full 2009,SRSD Pre 2009,54079.24389658782,137695.61288627566,-83616.36898968785,-83616.36898968785
Golbo,LRLD 2010,SRSD Full 2010,SRSD Pre 2010,154531.4535549236,112632.31254297766,41899.14101194591,41899.14101194591
Golbo,LRLD 2011,SRSD Full 2011,SRSD Pre 2011,13735.486362683278,235536.77161638957,-221801.2852537063,-221801.2852537063
Golbo,LRLD 2012,SRSD Full 2012,SRSD Pre 2012,70017.02093385508,114180.21695067835,-44163.196016823276,-44163.196016823276
Golbo,LRLD 2013,SRSD Full 2013,SRSD Pre 2013,364117.6794541022,79293.00735863466,284824.6720954675,284824.6720954675
Golbo,LRLD 2014,SRSD Full 2014,SRSD Pre 2014,125795.72592339889,91025.86451374399,34769.86140965489,34769.86140965489
Golbo,LRLD 2015,SRSD Full 2015,SRSD Pre 2015,53227.451627758564,202659.31917940706,-149431.8675516485,-149431.8675516485
Golbo,SRSD 2008,LRLD Full 2009,LRLD Pre 2009,61937.22590345288,70317.22067275873,-8379.994769305848,-8379.994769305848
Golbo,SRSD 2009,LRLD Full 2010,LRLD Pre 2010,24741.456350630386,94218.09631668846,-69476.63996605808,-69476.63996605808
Golbo,SRSD 2010,LRLD Full 2011,LRLD Pre 2011,2765.263865563747,186664.0488018325,-183898.78493626878,-183898.78493626878
Golbo,SRSD 2011,LRLD Full 2012,LRLD Pre 2012,211558.60152759054,14283.481465453358,197275.1200621372,197275.1200621372
Golbo,SRSD 2012,LRLD Full 2013,LRLD Pre 2013,78891.52061004417,57384.76278401302,21506.75782603115,21506.75782603115
Golbo,SRSD 2013,LRLD Full 2014,LRLD Pre 2014,38476.19919042348,70327.20917863019,-31851.009988206704,-31851.009988206704
Golbo,SRSD 2014,LRLD Full 2015,LRLD Pre 2015,6240.586063940907,162400.6185961289,-156160.032532188,-156160.032532188
Golbo,SRSD 2015,LRLD Full 2016,LRLD Pre 2016,25997.303563564183,39639.918987175195,-13642.615423611016,-13642.615423611016
Heillu/Manyatta,LRLD 2008,SRSD Full 2008,SRSD Pre 2008,6320.867030947563,3688.9701649318463,2631.8968660157166,2631.8968660157166
Heillu/Manyatta,LRLD 2009,SRSD Full 2009,SRSD Pre 2009,1657.93183609371,5570.272108969574,-3912.340272875864,-3912.340272875864
Heillu/Manyatta,LRLD 2010,SRSD Full 2010,SRSD Pre 2010,4743.752857397353,3099.658204696064,1644.0946527012889,1644.0946527012889
Heillu/Manyatta,LRLD 2011,SRSD Full 2011,SRSD Pre 2011,227.27566893625004,11096.97098801831,-10869.69531908206,-10869.69531908206
Heillu/Manyatta,LRLD 2012,SRSD Full 2012,SRSD Pre 2012,4410.469071610866,3466.859696348088,943.6093752627775,943.6093752627775
Heillu/Manyatta,LRLD 2013,SRSD Full 2013,SRSD Pre 2013,12735.617614528423,2772.6146710881208,9963.002943440302,9963.002943440302
Heillu/Manyatta,LRLD 2014,SRSD Full 2014,SRSD Pre 2014,5020.626667004179,3730.730990711503,1289.8956762926757,1289.8956762926757
Heillu/Manyatta,LRLD 2015,SRSD Full 2015,SRSD Pre 2015,1930.0262522846258,6890.422655031216,-4960.396402746591,-4960.396402746591
Heillu/Manyatta,SRSD 2008,LRLD Full 2009,LRLD Pre 2009,4740.2876143701415,1372.5062001626684,3367.7814142074726,3367.7814142074726
Heillu/Manyatta,SRSD 2009,LRLD Full 2010,LRLD Pre 2010,1272.622983036571,2506.152802408056,-1233.5298193714848,-1233.5298193714848
Heillu/Manyatta,SRSD 2010,LRLD Full 2011,LRLD Pre 2011,42.12914425162619,8358.796906897476,-8316.667762645851,-8316.667762645851
Heillu/Manyatta,SRSD 2011,LRLD Full 2012,LRLD Pre 2012,5774.59022474209,620.922939241837,5153.667285500253,5153.667285500253
Heillu/Manyatta,SRSD 2012,LRLD Full 2013,LRLD Pre 2013,4738.890075891148,1055.1098837199522,3683.7801921711957,3683.7801921711957
Heillu/Manyatta,SRSD 2013,LRLD Full 2014,LRLD Pre 2014,593.1105065307978,3857.8954853781916,-3264.7849788473936,-3264.7849788473936
Heillu/Manyatta,SRSD 2014,LRLD Full 2015,LRLD Pre 2015,1182.6353672704688,3827.55743392925,-2644.922066658781,-2644.922066658781
Heillu/Manyatta,SRSD 2015,LRLD Full 2016,LRLD Pre 2016,1168.4685270125697,1335.6478351383778,-167.17930812580826,-167.17930812580826
Illeret,LRLD 2008,SRSD Full 2008,SRSD Pre 2008,172200.61958466447,332968.1884475675,-160767.56886290305,-160767.56886290305
Illeret,LRLD 2009,SRSD Full 2009,SRSD Pre 2009,40332.547132268075,518021.6358211332,-477689.08868886513,-477689.08868886513
Illeret,LRLD 2010,SRSD Full 2010,SRSD Pre 2010,635554.6382953401,99737.9391808219,535816.6991145182,535816.6991145182
Illeret,LRLD 2011,SRSD Full 2011,SRSD Pre 2011,83334.2948159699,592998.6223325038,-509664.3275165339,-509664.3275165339
Illeret,LRLD 2012,SRSD Full 2012,SRSD Pre 2012,357161.38286712725,185048.89155732244,172112.49130980478,172112.49130980478
Illeret,LRLD 2013,SRSD Full 2013,SRSD Pre 2013,291413.3435453476,261216.58312963104,30196.76041571661,30196.76041571661
Illeret,LRLD 2014,SRSD Full 2014,SRSD Pre 2014,450775.4904748884,255361.70350155365,195413.78697333476,195413.78697333476
Illeret,LRLD 2015,SRSD Full 2015,SRSD Pre 2015,76254.51191417698,464028.35106118757,-387773.8391470105,-387773.8391470105
Illeret,SRSD 2008,LRLD Full 2009,LRLD Pre 2009,235006.7440430414,191797.9656302439,43208.77841279749,43208.77841279749
Illeret,SRSD 2009,LRLD Full 2010,LRLD Pre 2010,317707.6845999019,100488.72365758258,217218.96094231933,217218.96094231933
Illeret,SRSD 2010,LRLD Full 2011,LRLD Pre 2011,27634.252175215555,313812.35929087544,-286178.10711565986,-286178.10711565986
Illeret,SRSD 2011,LRLD Full 2012,LRLD Pre 2012,445454.096443008,58629.321707916,386824.774735092,386824.774735092
Illeret,SRSD 2012,LRLD Full 2013,LRLD Pre 2013,162333.56519572897,120691.62531253754,41641.939883191415,41641.939883191415
Illeret,SRSD 2013,LRLD Full 2014,LRLD Pre 2014,92717.7099302479,240253.05917432002,-147535.34924407213,-147535.34924407213
Illeret,SRSD 2014,LRLD Full 2015,LRLD Pre 2015,119834.396654925,257437.6291419975,-137603.2324870725,-137603.2324870725
Illeret,SRSD 2015,LRLD Full 2016,LRLD Pre 2016,149508.21679184443,58404.563734309515,91103.65305753493,91103.65305753493
Karare,LRLD 2008,SRSD Full 2008,SRSD Pre 2008,11068.007091896698,95956.89139880137,-84888.88430690467,-84888.88430690467
Karare,LRLD 2009,SRSD Full 2009,SRSD Pre 2009,1253.924190304354,209730.392382676,-208476.46819237163,-208476.46819237163
Karare,LRLD 2010,SRSD Full 2010,SRSD Pre 2010,97417.7023669792,50971.936130525806,46445.76623645339,46445.76623645339
Karare,LRLD 2011,SRSD Full 2011,SRSD Pre 2011,666.438701625839,219747.6768965576,-219081.23819493176,-219081.23819493176
Karare,LRLD 2012,SRSD Full 2012,SRSD Pre 2012,77028.49856084547,40759.04989039371,36269.44867045177,36269.44867045177
Karare,LRLD 2013,SRSD Full 2013,SRSD Pre 2013,188007.2418886199,12420.368112601176,175586.8737760187,175586.8737760187
Karare,LRLD 2014,SRSD Full 2014,SRSD Pre 2014,98539.1158612913,41644.567816622366,56894.54804466893,56894.54804466893
Karare,LRLD 2015,SRSD Full 2015,SRSD Pre 2015,55180.2568784073,35071.89011370365,20108.36676470365,20108.36676470365
Karare,SRSD 2008,LRLD Full 2009,LRLD Pre 2009,39022.503065903424,34009.22158518749,5013.281480715929,5013.281480715929
Karare,SRSD 2009,LRLD Full 2010,LRLD Pre 2010,61829.263358470576,28047.1153655815,33782.14799288908,33782.14799288908
Karare,SRSD 2010,LRLD Full 2011,LRLD Pre 2011,3044.6569656197116,109589.20456794545,-106544.54760232572,-106544.54760232572
Karare,SRSD 2011,LRLD Full 2012,LRLD Pre 2012,101120.64473773548,14006.094100985636,87114.55063674985,87114.55063674985
Karare,SRSD 2012,LRLD Full 2013,LRLD Pre 2013,68533.59090018847,26945.0185713368,41588.57232885167,41588.57232885167
Karare,SRSD 2013,LRLD Full 2014,LRLD Pre 2014,59025.24053995922,21706.324243892337,37318.91629606688,37318.91629606688
Karare,SRSD 2014,LRLD Full 2015,LRLD Pre 2015,55608.343639331455,19103.723081618085,36504.62055771337,36504.62055771337
Karare,SRSD 2015,LRLD Full 2016,LRLD Pre 2016,28501.530089221887,12722.251115913865,15779.278973308023,15779.278973308023
Kargi/South Horr,LRLD 2008,SRSD Full 2008,SRSD Pre 2008,209296.56441343555,434664.9441525216,-225368.3797390861,-225368.3797390861
Kargi/South Horr,LRLD 2009,SRSD Full 2009,SRSD Pre 2009,16713.163059758685,1088848.5676221685,-1072135.4045624097,-1072135.4045624097
Kargi/South Horr,LRLD 2010,SRSD Full 2010,SRSD Pre 2010,890238.9462752523,228542.35218793043,661696.5940873218,661696.5940873218
Kargi/South Horr,LRLD 2011,SRSD Full 2011,SRSD Pre 2011,101297.59330659284,987333.6549003281,-886036.0615937354,-886036.0615937354
Kargi/South Horr,LRLD 2012,SRSD Full 2012,SRSD Pre 2012,783333.4231387017,177871.30608126076,605462.1170574409,605462.1170574409
Kargi/South Horr,LRLD 2013,SRSD Full 2013,SRSD Pre 2013,569670.7579381925,280513.1819898195,289157.5759483729,289157.5759483729
Kargi/South Horr,LRLD 2014,SRSD Full 2014,SRSD Pre 2014,445280.25543150713,660615.941563398,-215335.68613189083,-215335.68613189083
Kargi/South Horr,LRLD 2015,SRSD Full 2015,SRSD Pre 2015,207881.45834673548,686960.3863910118,-479078.92804427625,-479078.92804427625
Kargi/South Horr,SRSD 2008,LRLD Full 2009,LRLD Pre 2009,229111.3744794085,305388.8792128081,-76277.50473339959,-76277.50473339959
Kargi/South Horr,SRSD 2009,LRLD Full 2010,LRLD Pre 2010,212839.4298134484,313550.8196519951,-100711.3898385467,-100711.3898385467
Kargi/South Horr,SRSD 2010,LRLD Full 2011,LRLD Pre 2011,39050.32620740188,667165.251123194,-628114.9249157922,-628114.9249157922
Kargi/South Horr,SRSD 2011,LRLD Full 2012,LRLD Pre 2012,1076331.8076081458,83063.53275784932,993268.2748502964,993268.2748502964
Kargi/South Horr,SRSD 2012,LRLD Full 2013,LRLD Pre 2013,209087.19772404552,268525.23891516455,-59438.04119111903,-59438.04119111903
Kargi/South Horr,SRSD 2013,LRLD Full 2014,LRLD Pre 2014,247322.6798977862,235614.9767029032,11707.703194883003,11707.703194883003
Kargi/South Horr,SRSD 2014,LRLD Full 2015,LRLD Pre 2015,160794.7648713236,360020.54435573414,-199225.7794844105,-199225.7794844105
Kargi/South Horr,SRSD 2015,LRLD Full 2016,LRLD Pre 2016,169034.34632038994,144704.76019456418,24329.58612582578,24329.58612582578
Korr/Ngurunit,LRLD 2008,SRSD Full 2008,SRSD Pre 2008,153293.13503512705,327779.83209075296,-174486.6970556259,-174486.6970556259
Korr/Ngurunit,LRLD 2009,SRSD Full 2009,SRSD Pre 2009,3117.099955716589,1007039.0317504035,-1003921.9317946869,-1003921.9317946869
Korr/Ngurunit,LRLD 2010,SRSD Full 2010,SRSD Pre 2010,687536.9125900704,146169.46667568973,541367.4459143807,541367.4459143807
Korr/Ngurunit,LRLD 2011,SRSD Full 2011,SRSD Pre 2011,58277.86878209033,752992.9152022217,-694715.0464201315,-694715.0464201315
Korr/Ngurunit,LRLD 2012,SRSD Full 2012,SRSD Pre 2012,483933.43993028125,182453.28066216756,301480.1592681137,301480.1592681137
Korr/Ngurunit,LRLD 2013,SRSD Full 2013,SRSD Pre 2013,282358.9879141288,366999.1276596873,-84640.13974555847,-84640.13974555847
Korr/Ngurunit,LRLD 2014,SRSD Full 2014,SRSD Pre 2014,332362.14364348614,353085.33963308355,-20723.195989597436,-20723.195989597436
Korr/Ngurunit,LRLD 2015,SRSD Full 2015,SRSD Pre 2015,139225.06356098765,425221.25174257276,-285996.1881815851,-285996.1881815851
Korr/Ngurunit,SRSD 2008,LRLD Full 2009,LRLD Pre 2009,77606.02131396934,349815.27765068173,-272209.25633671245,-272209.25633671245
Korr/Ngurunit,SRSD 2009,LRLD Full 2010,LRLD Pre 2010,285503.66293732513,147948.48171990746,137555.18121741767,137555.18121741767
Korr/Ngurunit,SRSD 2010,LRLD Full 2011,LRLD Pre 2011,33333.18310419694,458628.4147210181,-425295.2316168212,-425295.2316168212
Korr/Ngurunit,SRSD 2011,LRLD Full 2012,LRLD Pre 2012,580740.9030622938,80832.63881525854,499908.2642470352,499908.2642470352
Korr/Ngurunit,SRSD 2012,LRLD Full 2013,LRLD Pre 2013,162630.21757987948,214207.5719904882,-51577.35441060872,-51577.35441060872
Korr/Ngurunit,SRSD 2013,LRLD Full 2014,LRLD Pre 2014,232390.8077697993,132607.51102240678,99783.29674739254,99783.29674739254
Korr/Ngurunit,SRSD 2014,LRLD Full 2015,LRLD Pre 2015,69346.89948457568,275213.20917966525,-205866.30969508956,-205866.30969508956
Korr/Ngurunit,SRSD 2015,LRLD Full 2016,LRLD Pre 2016,69364.37466849196,141334.65924136588,-71970.28457287392,-71970.28457287392
Laisamis,LRLD 2008,SRSD Full 2008,SRSD Pre 2008,180339.2130833416,470944.2099339413,-290604.99685059965,-290604.99685059965
Laisamis,LRLD 2009,SRSD Full 2009,SRSD Pre 2009,14203.6454829132,899651.60125023,-885447.9557673169,-885447.9557673169
Laisamis,LRLD 2010,SRSD Full 2010,SRSD Pre 2010,221384.8331080846,541966.9561413832,-320582.1230332985,-320582.1230332985
Laisamis,LRLD 2011,SRSD Full 2011,SRSD Pre 2011,37091.88546288221,1026971.3249747907,-989879.4395119085,-989879.4395119085
Laisamis,LRLD 2012,SRSD Full 2012,SRSD Pre 2012,285924.0097863423,336222.0227887836,-50298.01300244127,-50298.01300244127
Laisamis,LRLD 2013,SRSD Full 2013,SRSD Pre 2013,333903.3614294369,385438.53947518644,-51535.17804574952,-51535.17804574952
Laisamis,LRLD 2014,SRSD Full 2014,SRSD Pre 2014,874952.3464125586,133646.23679657993,741306.1096159787,741306.1096159787
Laisamis,LRLD 2015,SRSD Full 2015,SRSD Pre 2015,441642.84798060573,263605.3335718073,178037.5144087984,178037.5144087984
Laisamis,SRSD 2008,LRLD Full 2009,LRLD Pre 2009,104801.68271597549,303408.3388645345,-198606.656148559,-198606.656148559
Laisamis,SRSD 2009,LRLD Full 2010,LRLD Pre 2010,39659.97666236562,418975.9400299342,-379315.9633675686,-379315.9633675686
Laisamis,SRSD 2010,LRLD Full 2011,LRLD Pre 2011,27710.025704005093,605488.444912804,-577778.4192087989,-577778.4192087989
Laisamis,SRSD 2011,LRLD Full 2012,LRLD Pre 2012,902607.338241568,32540.036918333422,870067.3013232345,870067.3013232345
Laisamis,SRSD 2012,LRLD Full 2013,LRLD Pre 2013,113124.5541865908,230324.5665559632,-117200.01236937237,-117200.01236937237
Laisamis,SRSD 2013,LRLD Full 2014,LRLD Pre 2014,175663.8823139304,199266.29040749485,-23602.408093564452,-23602.408093564452
Laisamis,SRSD 2014,LRLD Full 2015,LRLD Pre 2015,43043.97121335433,314914.79718062084,-271870.8259672665,-271870.8259672665
Laisamis,SRSD 2015,LRLD Full 2016,LRLD Pre 2016,121763.3915920958,95287.92229493301,26475.46929716277,26475.46929716277
Logo Logo,LRLD 2008,SRSD Full 2008,SRSD Pre 2008,73451.67769749345,598838.2360844282,-525386.5583869347,-525386.5583869347
Logo Logo,LRLD 2009,SRSD Full 2009,SRSD Pre 2009,8885.115200384547,885057.7153928013,-876172.6001924168,-876172.6001924168
Logo Logo,LRLD 2010,SRSD Full 2010,SRSD Pre 2010,268454.0852192962,442224.7466982615,-173770.66147896525,-173770.66147896525
Logo Logo,LRLD 2011,SRSD Full 2011,SRSD Pre 2011,7203.966357545095,971413.0356233966,-964209.0692658515,-964209.0692658515
Logo Logo,LRLD 2012,SRSD Full 2012,SRSD Pre 2012,195878.28905110658,402920.1199966851,-207041.83094557858,-207041.83094557858
Logo Logo,LRLD 2013,SRSD Full 2013,SRSD Pre 2013,957938.1977340525,195900.5194070716,762037.678326981,762037.678326981
Logo Logo,LRLD 2014,SRSD Full 2014,SRSD Pre 2014,771223.6955020853,153482.59454754574,617741.1009545395,617741.1009545395
Logo Logo,LRLD 2015,SRSD Full 2015,SRSD Pre 2015,491489.4458557747,252052.2108550833,239437.23500069138,239437.23500069138
Logo Logo,SRSD 2008,LRLD Full 2009,LRLD Pre 2009,85035.98432036443,304711.09904555266,-219675.11472518826,-219675.11472518826
Logo Logo,SRSD 2009,LRLD Full 2010,LRLD Pre 2010,153303.22400179956,284896.3032538616,-131593.07925206202,-131593.07925206202
Logo Logo,SRSD 2010,LRLD Full 2011,LRLD Pre 2011,9371.932690249922,554000.9425928913,-544629.0099026414,-544629.0099026414
Logo Logo,SRSD 2011,LRLD Full 2012,LRLD Pre 2012,722969.0217879349,79003.70854551755,643965.3132424174,643965.3132424174
Logo Logo,SRSD 2012,LRLD Full 2013,LRLD Pre 2013,135262.59010593494,256543.15598342367,-121280.56587748873,-121280.56587748873
Logo Logo,SRSD 2013,LRLD Full 2014,LRLD Pre 2014,461404.7578464213,117161.08262066935,344243.67522575194,344243.67522575194
Logo Logo,SRSD 2014,LRLD Full 2015,LRLD Pre 2015,60193.09315259613,301644.27859939635,-241451.18544680023,-241451.18544680023
Logo Logo,SRSD 2015,LRLD Full 2016,LRLD Pre 2016,143135.76689606658,91748.02184679764,51387.74504926895,51387.74504926895
Loiyangalani,LRLD 2008,SRSD Full 2008,SRSD Pre 2008,470788.567484982,367148.32057132036,103640.24691366163,103640.24691366163
Loiyangalani,LRLD 2009,SRSD Full 2009,SRSD Pre 2009,99258.90827804999,975694.3892655587,-876435.4809875087,-876435.4809875087
Loiyangalani,LRLD 2010,SRSD Full 2010,SRSD Pre 2010,852073.814768968,358530.7259609811,493543.08880798693,493543.08880798693
Loiyangalani,LRLD 2011,SRSD Full 2011,SRSD Pre 2011,150703.85846827482,1011328.735782108,-860624.8773138332,-860624.8773138332
Loiyangalani,LRLD 2012,SRSD Full 2012,SRSD Pre 2012,698629.9073482729,313323.39852386166,385306.5088244112,385306.5088244112
Loiyangalani,LRLD 2013,SRSD Full 2013,SRSD Pre 2013,621035.7544147138,346982.82656091166,274052.9278538021,274052.9278538021
Loiyangalani,LRLD 2014,SRSD Full 2014,SRSD Pre 2014,717397.6816230776,480594.3504779318,236803.33114514576,236803.33114514576
Loiyangalani,LRLD 2015,SRSD Full 2015,SRSD Pre 2015,264266.67829812126,586859.3304368047,-322592.65213868336,-322592.65213868336
Loiyangalani,SRSD 2008,LRLD Full 2009,LRLD Pre 2009,495952.57427949266,178135.79830464526,317816.7759748474,317816.7759748474
Loiyangalani,SRSD 2009,LRLD Full 2010,LRLD Pre 2010,378136.1416634669,271577.13791485754,106559.00374860934,106559.00374860934
Loiyangalani,SRSD 2010,LRLD Full 2011,LRLD Pre 2011,73236.33447014297,594251.786614385,-521015.45214424195,-521015.45214424195
Loiyangalani,SRSD 2011,LRLD Full 2012,LRLD Pre 2012,926860.8930697398,96955.78042300741,829905.1126467325,829905.1126467325
Loiyangalani,SRSD 2012,LRLD Full 2013,LRLD Pre 2013,313964.00650640513,216930.26062907162,97033.74587733351,97033.74587733351
Loiyangalani,SRSD 2013,LRLD Full 2014,LRLD Pre 2014,158121.04637621588,290348.1211337395,-132227.07475752357,-132227.07475752357
Loiyangalani,SRSD 2014,LRLD Full 2015,LRLD Pre 2015,246012.75637729713,369188.8300879178,-123176.07371062067,-123176.07371062067
Loiyangalani,SRSD 2015,LRLD Full 2016,LRLD Pre 2016,241274.4841319055,87756.1948428255,153518.28928908,153518.28928908
Maikona,LRLD 2008,SRSD Full 2008,SRSD Pre 2008,665963.5565314977,1246703.9918100953,-580740.4352785975,-580740.4352785975
Maikona,LRLD 2009,SRSD Full 2009,SRSD Pre 2009,90686.98159953918,2516411.947624954,-2425724.966025415,-2425724.966025415
Maikona,LRLD 2010,SRSD Full 2010,SRSD Pre 2010,2454084.385567913,849219.4830183561,1604864.9025495567,1604864.9025495567
Maikona,LRLD 2011,SRSD Full 2011,SRSD Pre 2011,311027.4178176526,2110046.6787313116,-1799019.260913659,-1799019.260913659
Maikona,LRLD 2012,SRSD Full 2012,SRSD Pre 2012,1558936.0508883235,544533.1318110065,1014402.919077317,1014402.919077317
Maikona,LRLD 2013,SRSD Full 2013,SRSD Pre 2013,1590923.5738808415,633630.4723067844,957293.1015740571,957293.1015740571
Maikona,LRLD 2014,SRSD Full 2014,SRSD Pre 2014,867013.4120378984,1188505.5250528553,-321492.11301495694,-321492.11301495694
Maikona,LRLD 2015,SRSD Full 2015,SRSD Pre 2015,952777.1254066413,1183558.4847032158,-230781.35929657455,-230781.35929657455
Maikona,SRSD 2008,LRLD Full 2009,LRLD Pre 2009,847592.5809036855,546024.8918220872,301567.68908159836,301567.68908159836
Maikona,SRSD 2009,LRLD Full 2010,LRLD Pre 2010,880615.2663203712,723706.6150759917,156908.6512443794,156908.6512443794
Maikona,SRSD 2010,LRLD Full 2011,LRLD Pre 2011,157664.31617903756,1365423.9472614902,-1207759.6310824526,-1207759.6310824526
Maikona,SRSD 2011,LRLD Full 2012,LRLD Pre 2012,3629912.6518170834,186686.09944642946,3443226.552370654,3443226.552370654
Maikona,SRSD 2012,LRLD Full 2013,LRLD Pre 2013,640238.3027664373,535999.3118116715,104238.99095476585,104238.99095476585
Maikona,SRSD 2013,LRLD Full 2014,LRLD Pre 2014,431126.03332722926,597793.5513836837,-166667.51805645446,-166667.51805645446
Maikona,SRSD 2014,LRLD Full 2015,LRLD Pre 2015,190137.40719334705,1155145.6563232352,-965008.2491298883,-965008.2491298883
Maikona,SRSD 2015,LRLD Full 2016,LRLD Pre 2016,536128.7096597967,224310.24632190904,311818.46333788766,311818.46333788766
Marsabit Central,LRLD 2008,SRSD Full 2008,SRSD Pre 2008,17326.902186580424,72160.858511031,-54833.95632445057,-54833.95632445057
Marsabit Central,LRLD 2009,SRSD Full 2009,SRSD Pre 2009,3942.9986154077237,147848.21113490805,-143905.21251950032,-143905.21251950032
Marsabit Central,LRLD 2010,SRSD Full 2010,SRSD Pre 2010,67162.24957492258,64076.061706309054,3086.1878686135246,3086.1878686135246
Marsabit Central,LRLD 2011,SRSD Full 2011,SRSD Pre 2011,8925.029592797348,134223.96795234864,-125298.93835955129,-125298.93835955129
Marsabit Central,LRLD 2012,SRSD Full 2012,SRSD Pre 2012,178041.02948475187,7980.275061165621,170060.75442358624,170060.75442358624
Marsabit Central,LRLD 2013,SRSD Full 2013,SRSD Pre 2013,135426.34776336286,16540.46783746273,118885.87992590012,118885.87992590012
Marsabit Central,LRLD 2014,SRSD Full 2014,SRSD Pre 2014,40233.176446662685,53203.42801352454,-12970.251566861856,-12970.251566861856
Marsabit Central,LRLD 2015,SRSD Full 2015,SRSD Pre 2015,28723.370237714393,50605.67372313935,-21882.303485424956,-21882.303485424956
Marsabit Central,SRSD 2008,LRLD Full 2009,LRLD Pre 2009,31648.80226834807,26623.24282481898,5025.559443529092,5025.559443529092
Marsabit Central,SRSD 2009,LRLD Full 2010,LRLD Pre 2010,28772.713601987234,42718.81080237786,-13946.097200390624,-13946.097200390624
Marsabit Central,SRSD 2010,LRLD Full 2011,LRLD Pre 2011,5250.951019712074,88786.60273149665,-83535.65171178457,-83535.65171178457
Marsabit Central,SRSD 2011,LRLD Full 2012,LRLD Pre 2012,166799.99672175702,10499.464407592342,156300.53231416468,156300.53231416468
Marsabit Central,SRSD 2012,LRLD Full 2013,LRLD Pre 2013,37705.12967357563,24138.706146187524,13566.423527388106,13566.423527388106
Marsabit Central,SRSD 2013,LRLD Full 2014,LRLD Pre 2014,41097.523781862925,15548.252274265562,25549.27150759736,25549.27150759736
Marsabit Central,SRSD 2014,LRLD Full 2015,LRLD Pre 2015,39695.91516256943,17013.07725593734,22682.83790663209,22682.83790663209
Marsabit Central,SRSD 2015,LRLD Full 2016,LRLD Pre 2016,21754.336993493755,10435.50294797473,11318.834045519025,11318.834045519025
Moyale Township,LRLD 2008,SRSD Full 2008,SRSD Pre 2008,2623.7411028559472,759.6728657314512,1864.0682371244961,1864.0682371244961
Moyale Township,LRLD 2009,SRSD Full 2009,SRSD Pre 2009,637.8758184176668,1400.915124327944,-763.0393059102773,-763.0393059102773
Moyale Township,LRLD 2010,SRSD Full 2010,SRSD Pre 2010,1724.603708326636,973.2366281098805,751.3670802167555,751.3670802167555
Moyale Township,LRLD 2011,SRSD Full 2011,SRSD Pre 2011,52.36965473327156,3596.9777792324585,-3544.608124499187,-3544.608124499187
Moyale Township,LRLD 2012,SRSD Full 2012,SRSD Pre 2012,1421.2088156900636,1135.2793502115994,285.9294654784642,285.9294654784642
Moyale Township,LRLD 2013,SRSD Full 2013,SRSD Pre 2013,3421.121675531597,1044.7787817518297,2376.342893779767,2376.342893779767
Moyale Township,LRLD 2014,SRSD Full 2014,SRSD Pre 2014,1605.754435574259,1319.9876821587247,285.76675341553425,285.76675341553425
Moyale Township,LRLD 2015,SRSD Full 2015,SRSD Pre 2015,897.242459212209,1805.1225570644895,-907.8800978522803,-907.8800978522803
Moyale Township,SRSD 2008,LRLD Full 2009,LRLD Pre 2009,1326.968490584726,315.25386383388224,1011.7146267508438,1011.7146267508438
Moyale Township,SRSD 2009,LRLD Full 2010,LRLD Pre 2010,334.5695941755419,822.1138956425689,-487.544301467027,-487.544301467027
Moyale Township,SRSD 2010,LRLD Full 2011,LRLD Pre 2011,22.28282854347467,2990.6216901966955,-2968.3388616532206,-2968.3388616532206
Moyale Township,SRSD 2011,LRLD Full 2012,LRLD Pre 2012,1516.1232187518137,311.79222293618113,1204.3309958156326,1204.3309958156326
Moyale Township,SRSD 2012,LRLD Full 2013,LRLD Pre 2013,1546.2572177759423,250.5603635434474,1295.6968542324948,1295.6968542324948
Moyale Township,SRSD 2013,LRLD Full 2014,LRLD Pre 2014,414.75168938931233,735.1626063131059,-320.41091692379354,-320.41091692379354
Moyale Township,SRSD 2014,LRLD Full 2015,LRLD Pre 2015,490.36454371460854,831.4216722613314,-341.0571285467229,-341.0571285467229
Moyale Township,SRSD 2015,LRLD Full 2016,LRLD Pre 2016,538.5574562768517,338.31177581517846,200.24568046167317,200.24568046167317
North Horr,LRLD 2008,SRSD Full 2008,SRSD Pre 2008,509168.90939114173,781254.6280385716,-272085.71864742984,-272085.71864742984
North Horr,LRLD 2009,SRSD Full 2009,SRSD Pre 2009,71704.29334852508,1392029.1343197527,-1320324.8409712277,-1320324.8409712277
North Horr,LRLD 2010,SRSD Full 2010,SRSD Pre 2010,2153202.714722985,218582.89580289787,1934619.8189200868,1934619.8189200868
North Horr,LRLD 2011,SRSD Full 2011,SRSD Pre 2011,329129.06596759125,1255749.960777133,-926620.8948095418,-926620.8948095418
North Horr,LRLD 2012,SRSD Full 2012,SRSD Pre 2012,688895.6184218451,538850.778713339,150044.83970850622,150044.83970850622
North Horr,LRLD 2013,SRSD Full 2013,SRSD Pre 2013,1077019.213329789,447752.9942347675,629266.2190950215,629266.2190950215
North Horr,LRLD 2014,SRSD Full 2014,SRSD Pre 2014,1163659.6808537215,696643.7079215104,467015.97293221095,467015.97293221095
North Horr,LRLD 2015,SRSD Full 2015,SRSD Pre 2015,148543.17244833894,1292559.5773520526,-1144016.4049037136,-1144016.4049037136
North Horr,SRSD 2008,LRLD Full 2009,LRLD Pre 2009,1011055.695639958,335913.11911529786,675142.5765246601,675142.5765246601
North Horr,SRSD 2009,LRLD Full 2010,LRLD Pre 2010,887311.7517218526,369945.05431508773,517366.6974067648,517366.6974067648
North Horr,SRSD 2010,LRLD Full 2011,LRLD Pre 2011,109782.96009270089,870178.1764924069,-760395.216399706,-760395.216399706
North Horr,SRSD 2011,LRLD Full 2012,LRLD Pre 2012,1946126.9537411388,96393.40761605637,1849733.5461250825,1849733.5461250825
North Horr,SRSD 2012,LRLD Full 2013,LRLD Pre 2013,278164.810445386,465246.93450479384,-187082.12405940788,-187082.12405940788
North Horr,SRSD 2013,LRLD Full 2014,LRLD Pre 2014,200369.65427129858,537081.2480485282,-336711.59377722966,-336711.59377722966
North Horr,SRSD 2014,LRLD Full 2015,LRLD Pre 2015,286547.4641704982,652659.1058794128,-366111.64170891466,-366111.64170891466
North Horr,SRSD 2015,LRLD Full 2016,LRLD Pre 2016,361196.8118098311,195186.47387763215,166010.33793219898,166010.33793219898
Obbu,LRLD 2008,SRSD Full 2008,SRSD Pre 2008,192013.92760111784,267743.36836808437,-75729.44076696651,-75729.44076696651
Obbu,LRLD 2009,SRSD Full 2009,SRSD Pre 2009,63318.26920774146,330924.47532445734,-267606.2061167159,-267606.2061167159
Obbu,LRLD 2010,SRSD Full 2010,SRSD Pre 2010,235828.2080550763,231338.30374415012,4489.904310926187,4489.904310926187
Obbu,LRLD 2011,SRSD Full 2011,SRSD Pre 2011,19293.77127907936,499746.84491287544,-480453.07363379607,-480453.07363379607
Obbu,LRLD 2012,SRSD Full 2012,SRSD Pre 2012,140476.9009170392,191413.53817145928,-50936.63725442009,-50936.63725442009
Obbu,LRLD 2013,SRSD Full 2013,SRSD Pre 2013,744725.9315879494,88942.29536768913,655783.6362202602,655783.6362202602
Obbu,LRLD 2014,SRSD Full 2014,SRSD Pre 2014,256707.29424636057,157972.76151804443,98734.53272831615,98734.53272831615
Obbu,LRLD 2015,SRSD Full 2015,SRSD Pre 2015,83863.68800076886,395134.3548706758,-311270.6668699069,-311270.6668699069
Obbu,SRSD 2008,LRLD Full 2009,LRLD Pre 2009,173613.8577649371,95083.3187631667,78530.5390017704,78530.5390017704
Obbu,SRSD 2009,LRLD Full 2010,LRLD Pre 2010,92641.64841079661,143761.51154555142,-51119.863134754814,-51119.863134754814
Obbu,SRSD 2010,LRLD Full 2011,LRLD Pre 2011,5229.977640033535,351784.4107770149,-346554.4331369814,-346554.4331369814
Obbu,SRSD 2011,LRLD Full 2012,LRLD Pre 2012,528105.6010883033,24685.28998106303,503420.3111072402,503420.3111072402
Obbu,SRSD 2012,LRLD Full 2013,LRLD Pre 2013,103025.72051429834,118466.93650753384,-15441.215993235506,-15441.215993235506
Obbu,SRSD 2013,LRLD Full 2014,LRLD Pre 2014,109482.34640276252,113466.0241262718,-3983.6777235092823,-3983.6777235092823
Obbu,SRSD 2014,LRLD Full 2015,LRLD Pre 2015,14355.97411517762,281804.33271614934,-267448.3586009717,-267448.3586009717
Obbu,SRSD 2015,LRLD Full 2016,LRLD Pre 2016,63736.234047267855,56229.224095029655,7507.009952238202,7507.009952238202
Sagante/Jaldesa,LRLD 2008,SRSD Full 2008,SRSD Pre 2008,27848.754570679816,55883.82410109114,-28035.069530411325,-28035.069530411325
Sagante/Jaldesa,LRLD 2009,SRSD Full 2009,SRSD Pre 2009,1829.3432605991866,186871.564731348,-185042.2214707488,-185042.2214707488
Sagante/Jaldesa,LRLD 2010,SRSD Full 2010,SRSD Pre 2010,41916.445880697,119667.71176207933,-77751.26588138234,-77751.26588138234
Sagante/Jaldesa,LRLD 2011,SRSD Full 2011,SRSD Pre 2011,2404.942696794045,218027.37765864405,-215622.43496185,-215622.43496185
Sagante/Jaldesa,LRLD 2012,SRSD Full 2012,SRSD Pre 2012,133822.44087635397,11164.95811496437,122657.48276138959,122657.48276138959
Sagante/Jaldesa,LRLD 2013,SRSD Full 2013,SRSD Pre 2013,208803.10199337502,21529.273272806786,187273.82872056824,187273.82872056824
Sagante/Jaldesa,LRLD 2014,SRSD Full 2014,SRSD Pre 2014,69435.400005494,65022.90546764315,4412.494537850852,4412.494537850852
Sagante/Jaldesa,LRLD 2015,SRSD Full 2015,SRSD Pre 2015,54995.57702945349,60549.727719446586,-5554.150689993096,-5554.150689993096
Sagante/Jaldesa,SRSD 2008,LRLD Full 2009,LRLD Pre 2009,30298.597865912398,29495.914662699583,802.6832032128126,802.6832032128126
Sagante/Jaldesa,SRSD 2009,LRLD Full 2010,LRLD Pre 2010,37351.953574017636,41567.31092587951,-4215.357351861869,-4215.357351861869
Sagante/Jaldesa,SRSD 2010,LRLD Full 2011,LRLD Pre 2011,834.0017560396439,127145.21264683214,-126311.2108907925,-126311.2108907925
Sagante/Jaldesa,SRSD 2011,LRLD Full 2012,LRLD Pre 2012,128177.61779412114,9185.407413745852,118992.21038037528,118992.21038037528
Sagante/Jaldesa,SRSD 2012,LRLD Full 2013,LRLD Pre 2013,37517.5784072748,37057.36403552551,460.21437174929207,460.21437174929207
Sagante/Jaldesa,SRSD 2013,LRLD Full 2014,LRLD Pre 2014,51746.71520837817,23710.10717465519,28036.608033722983,28036.608033722983
Sagante/Jaldesa,SRSD 2014,LRLD Full 2015,LRLD Pre 2015,24405.636544450055,43419.49386185884,-19013.857317408787,-19013.857317408787
Sagante/Jaldesa,SRSD 2015,LRLD Full 2016,LRLD Pre 2016,45037.79377338301,9830.327827854388,35207.46594552862,35207.46594552862
Sololo,LRLD 2008,SRSD Full 2008,SRSD Pre 2008,11071.41881241172,15505.92164418002,-4434.502831768299,-4434.502831768299
Sololo,LRLD 2009,SRSD Full 2009,SRSD Pre 2009,4624.7151898531,14919.198333446308,-10294.483143593208,-10294.483143593208
Sololo,LRLD 2010,SRSD Full 2010,SRSD Pre 2010,11585.567391002904,10540.383344047543,1045.1840469553606,1045.1840469553606
Sololo,LRLD 2011,SRSD Full 2011,SRSD Pre 2011,2918.783552539648,21525.530663478847,-18606.7471109392,-18606.7471109392
Sololo,LRLD 2012,SRSD Full 2012,SRSD Pre 2012,6408.4801639996385,11545.767250227434,-5137.287086227796,-5137.287086227796
Sololo,LRLD 2013,SRSD Full 2013,SRSD Pre 2013,27638.524638431587,10235.44300996626,17403.081628465327,17403.081628465327
Sololo,LRLD 2014,SRSD Full 2014,SRSD Pre 2014,14896.78580929989,11284.261875511469,3612.523933788422,3612.523933788422
Sololo,LRLD 2015,SRSD Full 2015,SRSD Pre 2015,11567.393758721355,14436.816559633873,-2869.4228009125177,-2869.4228009125177
Sololo,SRSD 2008,LRLD Full 2009,LRLD Pre 2009,6023.2890994364,5832.736309462236,190.55278997416366,190.55278997416366
Sololo,SRSD 2009,LRLD Full 2010,LRLD Pre 2010,9447.129821972201,6257.283123400049,3189.8466985721525,3189.8466985721525
Sololo,SRSD 2010,LRLD Full 2011,LRLD Pre 2011,267.25784697855727,21139.36967715604,-20872.11183017748,-20872.11183017748
Sololo,SRSD 2011,LRLD Full 2012,LRLD Pre 2012,18382.638615801105,1641.9489791076253,16740.68963669348,16740.68963669348
Sololo,SRSD 2012,LRLD Full 2013,LRLD Pre 2013,12262.260088851212,2776.470014523574,9485.790074327639,9485.790074327639
Sololo,SRSD 2013,LRLD Full 2014,LRLD Pre 2014,5106.158529295105,6309.508843914073,-1203.3503146189673,-1203.3503146189673
Sololo,SRSD 2014,LRLD Full 2015,LRLD Pre 2015,3102.0698676907396,12996.124930237791,-9894.055062547051,-9894.055062547051
Sololo,SRSD 2015,LRLD Full 2016,LRLD Pre 2016,3409.709101000397,3640.402976566777,-230.69387556637997,-230.69387556637997
Turbi,LRLD 2008,SRSD Full 2008,SRSD Pre 2008,1030591.1933780836,408634.51587318175,621956.6775049018,621956.6775049018
Turbi,LRLD 2009,SRSD Full 2009,SRSD Pre 2009,87783.13000485151,1514744.267292841,-1426961.1372879895,-1426961.1372879895
Turbi,LRLD 2010,SRSD Full 2010,SRSD Pre 2010,547612.2801367398,1066829.0496358273,-519216.7694990874,-519216.7694990874
Turbi,LRLD 2011,SRSD Full 2011,SRSD Pre 2011,34909.03664902051,2165466.482103487,-2130557.4454544666,-2130557.4454544666
Turbi,LRLD 2012,SRSD Full 2012,SRSD Pre 2012,526962.658667278,786682.4608111469,-259719.8021438689,-259719.8021438689
Turbi,LRLD 2013,SRSD Full 2013,SRSD Pre 2013,2578766.6652281038,254583.04747619445,2324183.6177519094,2324183.6177519094
Turbi,LRLD 2014,SRSD Full 2014,SRSD Pre 2014,927448.3349734682,604190.9748933556,323257.3600801126,323257.3600801126
Turbi,LRLD 2015,SRSD Full 2015,SRSD Pre 2015,264758.39389498445,1190220.95500922,-925462.5611142354,-925462.5611142354
Turbi,SRSD 2008,LRLD Full 2009,LRLD Pre 2009,665175.9432539146,172042.86034349367,493133.08291042096,493133.08291042096
Turbi,SRSD 2009,LRLD Full 2010,LRLD Pre 2010,232703.27035372984,602271.7432081006,-369568.4728543707,-369568.4728543707
Turbi,SRSD 2010,LRLD Full 2011,LRLD Pre 2011,11129.270231498105,1073772.8722248212,-1062643.601993323,-1062643.601993323
Turbi,SRSD 2011,LRLD Full 2012,LRLD Pre 2012,1603944.985579586,146143.74507215197,1457801.240507434,1457801.240507434
Turbi,SRSD 2012,LRLD Full 2013,LRLD Pre 2013,103712.02186111406,737668.8750531002,-633956.8531919861,-633956.8531919861
Turbi,SRSD 2013,LRLD Full 2014,LRLD Pre 2014,640049.3381232286,320307.5481981645,319741.78992506413,319741.78992506413
Turbi,SRSD 2014,LRLD Full 2015,LRLD Pre 2015,91046.91577431107,842233.483326642,-751186.5675523309,-751186.5675523309
Turbi,SRSD 2015,LRLD Full 2016,LRLD Pre 2016,414834.102996032,151807.81433238668,263026.2886636453,263026.2886636453
Uran,LRLD 2008,SRSD Full 2008,SRSD Pre 2008,300673.2889179609,232444.34444933053,68228.94446863036,68228.94446863036
Uran,LRLD 2009,SRSD Full 2009,SRSD Pre 2009,58378.9822562791,440402.4996814402,-382023.5174251611,-382023.5174251611
Uran,LRLD 2010,SRSD Full 2010,SRSD Pre 2010,284896.6983740099,346656.8524177107,-61760.15404370081,-61760.15404370081
Uran,LRLD 2011,SRSD Full 2011,SRSD Pre 2011,16181.205895558074,752444.549466725,-736263.3435711669,-736263.3435711669
Uran,LRLD 2012,SRSD Full 2012,SRSD Pre 2012,146775.89806057932,345149.6628504537,-198373.76478987435,-198373.76478987435
Uran,LRLD 2013,SRSD Full 2013,SRSD Pre 2013,915901.5114710229,115176.48746082954,800725.0240101933,800725.0240101933
Uran,LRLD 2014,SRSD Full 2014,SRSD Pre 2014,297458.8452801053,281575.1179309454,15883.727349159853,15883.727349159853
Uran,LRLD 2015,SRSD Full 2015,SRSD Pre 2015,148964.57635246543,441964.859859723,-293000.2835072576,-293000.2835072576
Uran,SRSD 2008,LRLD Full 2009,LRLD Pre 2009,263309.43916544307,95000.48798794187,168308.95117750118,168308.95117750118
Uran,SRSD 2009,LRLD Full 2010,LRLD Pre 2010,194520.5484765241,165505.275382226,29015.2730942981,29015.2730942981
Uran,SRSD 2010,LRLD Full 2011,LRLD Pre 2011,3753.2086154385725,468034.35997191054,-464281.151356472,-464281.151356472
Uran,SRSD 2011,LRLD Full 2012,LRLD Pre 2012,598534.1961432033,51071.7691323692,547462.4270108341,547462.4270108341
Uran,SRSD 2012,LRLD Full 2013,LRLD Pre 2013,113353.48748751519,202979.79810684195,-89626.31061932676,-89626.31061932676
Uran,SRSD 2013,LRLD Full 2014,LRLD Pre 2014,156042.95240857845,151099.79872012208,4943.153688456365,4943.153688456365
Uran,SRSD 2014,LRLD Full 2015,LRLD Pre 2015,20821.443449269158,387273.10821525,-366451.66476598085,-366451.66476598085
Uran,SRSD 2015,LRLD Full 2016,LRLD Pre 2016,158325.77181752797,49968.153955286194,108357.61786224178,108357.61786224178
