Loss,PredLoss,Set,Idx,SuperZone,TestYear
0.0252445207052521,0.10009,Train,T960205-2017,S,2020
0.0356481237983368,0.10009,Train,T960202-2017,S,2020
0.0051201260338716,0.10009,Train,T901303-2022,S,2020
0.0028612303290414,0.10009,Train,T801605-2021,S,2020
0.2369082067858346,0.30006999999999995,Train,T801906-2017,S,2020
0.0371036333019379,0.10009,Train,T930204-2017,S,2020
0.0251106592286596,0.10009,Train,T920104-2017,S,2020
0.128303668153456,0.10009,Train,T940211-2016,S,2020
0.0323925559816511,0.10009,Train,T930513-2017,S,2020
0.0565908080358947,0.10009,Train,T930403-2022,S,2020
0.1051829268292682,0.10009,Train,T801210-2017,S,2020
0.0038556942177439,0.10009,Train,T800611-2022,S,2020
0.0226284209257249,0.10009,Train,T901507-2017,S,2020
0.4139741518578352,0.5000499999999999,Train,T940512-2016,S,2020
0.1147761864364489,0.10009,Train,T802001-2016,S,2020
0.0860136521924681,0.10009,Train,T801305-2016,S,2020
0.82234767944864,0.90001,Train,T900803-2016,S,2020
0.016750418760469,0.10009,Train,T940802-2017,S,2020
0.1196866885961027,0.10009,Train,T930516-2016,S,2020
0.0069724472127642,0.10009,Train,T940207-2016,S,2020
0.2648285046269323,0.30006999999999995,Train,T930506-2016,S,2020
0.1141078838174273,0.10009,Train,T841712-2016,S,2020
0.117944397641112,0.10009,Train,T930111-2017,S,2020
0.0337837837837837,0.10009,Train,T960203-2022,S,2020
0.599817446863998,0.5000499999999999,Train,T940704-2017,S,2020
0.2982755714505573,0.30006999999999995,Train,T930302-2017,S,2020
0.4300199837169713,0.5000499999999999,Train,T930305-2016,S,2020
0.2966333030027298,0.30006999999999995,Train,T940203-2016,S,2020
0.3214150892520088,0.30006999999999995,Train,T960202-2016,S,2020
0.1508878691141261,0.10009,Train,T910104-2017,S,2020
0.0166253342384904,0.10009,Train,T941011-2022,S,2020
0.047819232790331,0.10009,Train,T900708-2017,S,2020
0.0956191089587178,0.10009,Train,T800603-2017,S,2020
0.0276219971540972,0.10009,Train,T920104-2016,S,2020
0.0185825601098575,0.10009,Train,T802004-2017,S,2020
0.0580775489590932,0.10009,Train,T930606-2016,S,2020
0.0971463266545233,0.10009,Train,T920608-2016,S,2020
0.3670833139723991,0.30006999999999995,Train,T960801-2016,S,2020
0.344443102970733,0.30006999999999995,Train,T901501-2017,S,2020
0.1054653241115934,0.10009,Train,T940410-2017,S,2020
0.0094446543256516,0.10009,Train,T930104-2017,S,2020
0.0878747076748635,0.10009,Train,T800710-2016,S,2020
0.0090006054952787,0.10009,Train,T900104-2017,S,2020
0.0648989430743556,0.10009,Train,T930202-2017,S,2020
0.087562108006842,0.10009,Train,T800605-2017,S,2020
0.0533280825682804,0.10009,Train,T802302-2016,S,2020
0.0646008207617099,0.10009,Train,T940403-2017,S,2020
0.0107579484252628,0.10009,Train,T900711-2022,S,2020
0.0077111541845279,0.10009,Train,T930607-2016,S,2020
0.0554667362719827,0.10009,Train,T940405-2016,S,2020
0.3394859566871295,0.30006999999999995,Train,T801605-2017,S,2020
0.097323600973236,0.10009,Train,T900602-2022,S,2020
0.0356956294619536,0.10009,Train,T940208-2016,S,2020
0.0382207802135267,0.10009,Train,T930504-2016,S,2020
0.4297184213502205,0.5000499999999999,Train,T801905-2016,S,2020
0.0312815338042381,0.10009,Train,T930508-2022,S,2020
0.3751406198045978,0.30006999999999995,Train,T930511-2016,S,2020
0.0214057266614621,0.10009,Train,T800114-2016,S,2020
0.1112617336368519,0.10009,Train,T800610-2022,S,2020
0.1337260719481927,0.10009,Train,T930103-2017,S,2020
0.0444543231829295,0.10009,Train,T930403-2017,S,2020
0.203131612357173,0.30006999999999995,Train,T800405-2016,S,2020
0.1779007709033405,0.10009,Train,T930305-2022,S,2020
0.1221495203491764,0.10009,Train,T930516-2017,S,2020
0.0055019119143902,0.10009,Train,T901510-2016,S,2020
0.0198296254604378,0.10009,Train,T930504-2017,S,2020
0.4573611066534005,0.5000499999999999,Train,T801218-2017,S,2020
0.0279908744795059,0.10009,Train,T901112-2017,S,2020
0.0951286218240913,0.10009,Train,T940405-2017,S,2020
0.6219641845393836,0.7000299999999999,Train,T800607-2016,S,2020
0.3184667419264962,0.30006999999999995,Train,T930511-2017,S,2020
0.5452360584952544,0.5000499999999999,Train,T960203-2016,S,2020
0.0097971980013716,0.10009,Train,T950112-2017,S,2020
0.3259226693926054,0.30006999999999995,Train,T900802-2017,S,2020
0.0480262166641554,0.10009,Train,T910111-2017,S,2020
0.0303375047402351,0.10009,Train,T800503-2016,S,2020
0.0088067387092429,0.10009,Train,T802002-2017,S,2020
0.1007845384660988,0.10009,Train,T940705-2016,S,2020
0.943481111096829,0.90001,Train,T900204-2017,S,2020
0.087719298245614,0.10009,Train,T801603-2022,S,2020
0.23573492278723,0.30006999999999995,Train,T930806-2016,S,2020
0.1091464745688714,0.10009,Train,T800702-2017,S,2020
0.3601066503614294,0.30006999999999995,Train,T930902-2016,S,2020
0.2536745237788559,0.30006999999999995,Train,T800119-2017,S,2020
0.1547845276773125,0.10009,Train,T940705-2017,S,2020
0.0213468364484821,0.10009,Train,T800809-2016,S,2020
0.0292772186642269,0.10009,Train,T800907-2016,S,2020
0.0290418137580752,0.10009,Train,T800703-2017,S,2020
0.1651575113302501,0.10009,Train,T801216-2017,S,2020
0.3241407401882885,0.30006999999999995,Train,T800121-2017,S,2020
0.0333857303824057,0.10009,Train,T900105-2016,S,2020
0.0644436888674515,0.10009,Train,T930508-2017,S,2020
0.0370774263904034,0.10009,Train,T860109-2017,S,2020
0.1780293879780272,0.10009,Train,T940917-2017,S,2020
0.0056220835441614,0.10009,Train,T900902-2017,S,2020
0.0917912404930501,0.10009,Train,T901602-2017,S,2020
0.609375,0.7000299999999999,Train,T900602-2017,S,2020
0.0317460317460317,0.10009,Train,T960104-2016,S,2020
0.3845577585776357,0.30006999999999995,Train,T930305-2017,S,2020
0.0466617412606447,0.10009,Train,T910301-2017,S,2020
0.0827047770279211,0.10009,Train,T930306-2017,S,2020
0.1245307122145788,0.10009,Train,T801603-2017,S,2020
0.395347504726981,0.30006999999999995,Train,T920803-2016,S,2020
0.0172542704319319,0.10009,Train,T941102-2017,S,2020
0.0434801334758059,0.10009,Train,T900311-2017,S,2020
0.1364256480218281,0.10009,Train,T940111-2017,S,2020
0.0108557988058621,0.10009,Train,T910401-2017,S,2020
0.0082270670505964,0.10009,Train,T941101-2016,S,2020
0.1913288999517033,0.10009,Train,T940710-2016,S,2020
0.0168664934765751,0.10009,Train,T930105-2016,S,2020
0.0162522346822688,0.10009,Train,T940507-2017,S,2020
0.6351010945406719,0.7000299999999999,Train,T801216-2016,S,2020
0.0555904098601504,0.10009,Train,T800804-2016,S,2020
0.0842803682145489,0.10009,Train,T901511-2017,S,2020
0.0635090984424987,0.10009,Train,T930107-2017,S,2020
0.180379746835443,0.10009,Train,T801901-2017,S,2020
0.0415757197796486,0.10009,Train,T840605-2021,S,2020
0.5343595437064598,0.5000499999999999,Train,T960206-2016,S,2020
0.0563063063063063,0.10009,Train,T930506-2022,S,2020
0.0849305635257661,0.10009,Train,T940907-2017,S,2020
0.011524641231038,0.10009,Train,T900904-2017,S,2020
0.0652133407862865,0.10009,Train,T961302-2016,S,2020
0.8555817532366686,0.90001,Train,T801218-2016,S,2020
0.4595477083081388,0.5000499999999999,Train,T900314-2017,S,2020
0.0913317834606443,0.10009,Train,T950118-2017,S,2020
0.6957876289998053,0.7000299999999999,Train,T800603-2016,S,2020
0.7536868073064993,0.7000299999999999,Train,T800604-2016,S,2020
0.027132210172883,0.10009,Train,T940204-2017,S,2020
0.2215903560563543,0.30006999999999995,Train,T930508-2016,S,2020
0.0128269262836546,0.10009,Train,T900308-2017,S,2020
0.8242412460816951,0.90001,Train,T800605-2016,S,2020
0.3997401688902213,0.30006999999999995,Train,T941004-2017,S,2020
0.0166518650088809,0.10009,Train,T950613-2016,S,2020
0.0388648096046772,0.10009,Train,T940403-2016,S,2020
0.0525477707006369,0.10009,Train,T960203-2019,S,2020
0.9540329575021682,0.90001,Train,T841604-2021,S,2020
0.056695770495521,0.10009,Train,T940402-2016,S,2020
0.0763052208835341,0.10009,Train,T940804-2016,S,2020
0.506785566357235,0.5000499999999999,Train,T800505-2016,S,2020
0.0119947223221782,0.10009,Train,T950614-2016,S,2020
0.3622426078662402,0.30006999999999995,Train,T930114-2017,S,2020
0.0203281872903655,0.10009,Train,T800709-2016,S,2020
0.4839572192513369,0.5000499999999999,Train,T930601-2017,S,2020
0.0040086199151001,0.10009,Train,T930802-2022,S,2020
0.0373183064952512,0.10009,Train,T930804-2016,S,2020
0.1161452911850106,0.10009,Train,T930201-2017,S,2020
0.471981721981722,0.5000499999999999,Train,T940903-2017,S,2020
0.3304470336586419,0.30006999999999995,Train,T940107-2017,S,2020
0.0128545719427543,0.10009,Train,T960506-2016,S,2020
0.1955377287540737,0.10009,Train,T900507-2017,S,2020
0.6786506968466938,0.7000299999999999,Train,T800106-2016,S,2020
0.1035026122801131,0.10009,Train,T930606-2017,S,2020
0.0329775316317573,0.10009,Train,T930510-2016,S,2020
0.0152828221079506,0.10009,Train,T950604-2016,S,2020
0.6334125098970704,0.7000299999999999,Train,T800705-2016,S,2020
0.1630390478519605,0.10009,Train,T940916-2017,S,2020
0.3463010204081632,0.30006999999999995,Train,T801903-2017,S,2020
0.2498608017817372,0.30006999999999995,Train,T940211-2017,S,2020
0.3179910139852764,0.30006999999999995,Train,T801215-2016,S,2020
0.0595695618754804,0.10009,Train,T802002-2016,S,2020
0.0049095416942828,0.10009,Train,T940205-2017,S,2020
0.3477266773048801,0.30006999999999995,Train,T940914-2017,S,2020
0.3627121912980181,0.30006999999999995,Train,T960208-2016,S,2020
0.8141299848213054,0.90001,Train,T960207-2016,S,2020
0.0741770254231994,0.10009,Train,T930307-2016,S,2020
1.0,0.90001,Train,T800701-2017,S,2020
0.3434299467557739,0.30006999999999995,Train,T900711-2017,S,2020
0.0197690509692649,0.10009,Train,T961104-2017,S,2020
0.0349115680962374,0.10009,Train,T930802-2017,S,2020
0.8524243867997635,0.90001,Train,T900804-2016,S,2020
0.0459934080832353,0.10009,Train,T930109-2016,S,2020
0.5159958720330238,0.5000499999999999,Train,T900304-2017,S,2020
0.0031172888118863,0.10009,Train,T901302-2017,S,2020
0.3003829309119259,0.30006999999999995,Train,T930902-2017,S,2020
0.0575859599945156,0.10009,Train,T801203-2016,S,2020
0.3591942900493892,0.30006999999999995,Train,T900201-2016,S,2020
0.7574112628204309,0.7000299999999999,Train,T900706-2016,S,2020
0.0391523906929174,0.10009,Train,T801305-2017,S,2020
0.1210128960011559,0.10009,Train,T801904-2016,S,2020
0.7591059947923183,0.7000299999999999,Train,T900710-2016,S,2020
0.1765430260055868,0.10009,Train,T800601-2016,S,2020
0.2857132101893085,0.30006999999999995,Train,T960203-2017,S,2020
0.2621964324091984,0.30006999999999995,Train,T801204-2016,S,2020
0.0084892526062005,0.10009,Train,T930510-2017,S,2020
0.5440027019202933,0.5000499999999999,Train,T800119-2016,S,2020
0.0154448105436573,0.10009,Train,T901404-2022,S,2020
0.4240084385993172,0.5000499999999999,Train,T800703-2016,S,2020
0.001077278578854,0.10009,Train,T910506-2017,S,2020
0.5595622979358369,0.5000499999999999,Train,T940908-2017,S,2020
0.0096659172597482,0.10009,Train,T930607-2022,S,2020
0.0436705852019563,0.10009,Train,T930509-2016,S,2020
0.0212566205516093,0.10009,Train,T930203-2016,S,2020
0.117305245139809,0.10009,Train,T931001-2016,S,2020
0.0617665225447807,0.10009,Train,T950607-2022,S,2020
0.3089430894308943,0.30006999999999995,Train,T930605-2017,S,2020
0.6036596868515375,0.7000299999999999,Train,T801305-2015,S,2020
0.0928489239778074,0.10009,Train,T930111-2016,S,2020
0.1248933836968441,0.10009,Train,T800710-2017,S,2020
0.0153269517479691,0.10009,Train,T900105-2017,S,2020
0.0655900483662909,0.10009,Train,T930113-2016,S,2020
0.291726632696721,0.30006999999999995,Train,T940915-2017,S,2020
0.0418594485665917,0.10009,Train,T800813-2016,S,2020
0.0494388688386809,0.10009,Train,T910202-2015,S,2020
0.0647654118791972,0.10009,Train,T930509-2017,S,2020
0.0817152981162092,0.10009,Train,T940407-2016,S,2020
0.2737510110122566,0.30006999999999995,Train,T930806-2017,S,2020
0.7209302325581395,0.7000299999999999,Train,T940306-2016,S,2020
0.0085045765252426,0.10009,Train,T901505-2016,S,2020
0.0044062568847763,0.10009,Train,T940508-2016,S,2020
0.9386750846048278,0.90001,Train,T900804-2017,S,2020
0.0455321570859419,0.10009,Train,T920801-2016,S,2020
0.0408019785820998,0.10009,Train,T950609-2016,S,2020
0.0554038545253076,0.10009,Train,T930901-2022,S,2020
0.0666666666666666,0.10009,Train,T940704-2016,S,2020
0.0239848938777468,0.10009,Train,T960208-2017,S,2020
0.0453014441493848,0.10009,Train,T930108-2016,S,2020
0.051624449339207,0.10009,Train,T930307-2017,S,2020
0.8003542763678915,0.90001,Train,T801903-2016,S,2020
0.0018355022852003,0.10009,Train,T900302-2016,S,2020
0.3320907913835499,0.30006999999999995,Train,T900211-2017,S,2020
0.3346607586890272,0.30006999999999995,Train,T800801-2016,S,2020
0.0311372926184178,0.10009,Train,T940112-2017,S,2020
0.0012457799205192,0.10009,Train,T900302-2022,S,2020
0.0041279669762641,0.10009,Train,T940711-2016,S,2020
0.1295055745392351,0.10009,Train,T801601-2017,S,2020
0.5288761382063116,0.5000499999999999,Train,T801901-2016,S,2020
0.1823361823361823,0.10009,Train,T960206-2017,S,2020
0.2214474135585601,0.30006999999999995,Train,T900209-2016,S,2020
0.0768678897202008,0.10009,Train,T940707-2016,S,2020
0.5076174260884976,0.5000499999999999,Train,T801607-2017,S,2020
0.5053024573148163,0.5000499999999999,Train,T930901-2017,S,2020
0.1944444444444444,0.10009,Train,T940306-2017,S,2020
0.0740892385381023,0.10009,Train,T910112-2017,S,2020
0.0265445482361046,0.10009,Train,T910501-2017,S,2020
0.0117160281431328,0.10009,Train,T910203-2017,S,2020
0.1119142122592575,0.10009,Train,T802301-2016,S,2020
0.0596403011299515,0.10009,Train,T910505-2017,S,2020
0.1881113619262603,0.10009,Train,T940707-2017,S,2020
0.0733516508705924,0.10009,Train,T930602-2022,S,2020
0.4875,0.5000499999999999,Train,T801306-2015,S,2020
0.3271695026702805,0.30006999999999995,Train,T800707-2017,S,2020
0.0140989038102287,0.10009,Train,T950609-2017,S,2020
0.0503432494279176,0.10009,Train,T801208-2017,S,2020
0.0757334787416125,0.10009,Train,T800611-2017,S,2020
0.0119196330660156,0.10009,Train,T800813-2017,S,2020
0.0393410376198672,0.10009,Train,T940601-2016,S,2020
0.5694852242242454,0.5000499999999999,Train,T801902-2016,S,2020
0.0387259631544711,0.10009,Train,T800612-2017,S,2020
0.2913497486141549,0.30006999999999995,Train,T940211-2022,S,2020
0.6012955859197497,0.7000299999999999,Train,T801210-2016,S,2020
0.7877611599497659,0.7000299999999999,Train,T940301-2017,S,2020
0.0033108928374351,0.10009,Train,T931004-2017,S,2020
0.0584615384615384,0.10009,Train,T961303-2015,S,2020
0.0012822064208089,0.10009,Train,T900703-2022,S,2020
0.1366245316122793,0.10009,Train,T901303-2016,S,2020
0.1113099771515613,0.10009,Train,T940502-2016,S,2020
0.1137755995098897,0.10009,Train,T901602-2022,S,2020
0.0376550328304817,0.10009,Train,T860109-2018,S,2020
0.0757922660308537,0.10009,Train,T901603-2022,S,2020
0.0088483551764019,0.10009,Train,T930113-2017,S,2020
0.1185617547139697,0.10009,Train,T961303-2016,S,2020
0.3229796483529609,0.30006999999999995,Train,T930602-2017,S,2020
0.7703988209548479,0.7000299999999999,Train,T801211-2016,S,2020
0.0327564557514876,0.10009,Train,T930201-2016,S,2020
0.0210961562803257,0.10009,Train,T940405-2022,S,2020
0.0369667299430512,0.10009,Train,T940406-2017,S,2020
0.1069234184314961,0.10009,Train,T801306-2016,S,2020
0.0109089917364387,0.10009,Train,T940801-2016,S,2020
0.0379246348745259,0.10009,Train,T941010-2017,S,2020
0.2289511642283123,0.30006999999999995,Train,T940106-2017,S,2020
0.6310201050704382,0.7000299999999999,Train,T800612-2016,S,2020
0.4512635379061371,0.5000499999999999,Train,T860107-2016,S,2020
0.9373458312777504,0.90001,Train,T900801-2017,S,2020
0.4732393280194307,0.5000499999999999,Train,T800707-2016,S,2020
0.0831584366213915,0.10009,Train,T940804-2017,S,2020
0.2656779166180077,0.30006999999999995,Train,T940911-2017,S,2020
0.006521313827359,0.10009,Train,T800803-2016,S,2020
0.0838709677419354,0.10009,Train,T801601-2022,S,2020
0.8312273543829736,0.90001,Train,T800610-2016,S,2020
0.0067529857134628,0.10009,Train,T801206-2017,S,2020
0.0080237503008906,0.10009,Train,T930703-2017,S,2020
0.0852902185098315,0.10009,Train,T900501-2017,S,2020
0.2050710636431526,0.30006999999999995,Train,T940910-2017,S,2020
0.1475606381997602,0.10009,Train,T930101-2016,S,2020
0.0144526445264452,0.10009,Train,T900708-2016,S,2020
0.5217391304347826,0.5000499999999999,Train,T800703-2015,S,2020
0.0402298977961108,0.10009,Train,T801215-2017,S,2020
0.0359983948256733,0.10009,Train,T930501-2016,S,2020
0.0018450524917433,0.10009,Train,T940406-2022,S,2020
0.9865716634694436,0.90001,Train,T920120-2016,S,2020
0.0555711362479615,0.10009,Train,T950614-2017,S,2020
0.2270970235794356,0.30006999999999995,Train,T940506-2017,S,2020
0.0116384981277198,0.10009,Train,T910402-2017,S,2020
0.0537291379831424,0.10009,Train,T940603-2016,S,2020
0.0081636918173684,0.10009,Train,T930103-2016,S,2020
0.8530343650987082,0.90001,Train,T940307-2017,S,2020
1.0,0.90001,Train,T860107-2017,S,2020
0.5752212389380531,0.5000499999999999,Train,T940312-2017,S,2020
0.9791666666666666,0.90001,Train,T860114-2016,S,2020
0.0030769940844788,0.10009,Train,T900902-2022,S,2020
0.1213219485226365,0.10009,Train,T940404-2022,S,2020
0.1144232243756856,0.10009,Train,T901402-2022,S,2020
0.169015759233229,0.10009,Train,T930506-2017,S,2020
0.5652378709373528,0.5000499999999999,Train,T940701-2017,S,2020
0.2247093902597122,0.30006999999999995,Train,T801202-2016,S,2020
0.8473352435530086,0.90001,Train,T801608-2016,S,2020
0.0175004922013431,0.10009,Train,T801203-2017,S,2020
0.3152308367583097,0.30006999999999995,Train,T940407-2017,S,2020
0.8684314197162868,0.90001,Train,T900803-2017,S,2020
0.0016401132334176,0.10009,Train,T900901-2017,S,2020
0.5325283390832922,0.5000499999999999,Train,T802004-2016,S,2020
0.1116560992144195,0.10009,Train,T900502-2017,S,2020
0.2647688753225289,0.30006999999999995,Train,T900312-2017,S,2020
0.0360870530757272,0.10009,Train,T860108-2016,S,2020
0.0228795323471503,0.10009,Train,T900208-2016,S,2020
0.0091466203237903,0.10009,Train,T941103-2017,S,2020
0.0017609974289437,0.10009,Train,T950610-2017,S,2020
0.0760894239904488,0.10009,Train,T930306-2016,S,2020
0.0071455975446,0.10009,Train,T801605-2022,S,2020
0.0011638304764528,0.10009,Train,T900903-2022,S,2020
0.0079611170876192,0.10009,Train,T901506-2017,S,2020
0.1029434192466066,0.10009,Train,T940801-2017,S,2020
0.0206488914126422,0.10009,Train,T901604-2022,S,2020
0.3548387096774194,0.30006999999999995,Train,T941102-2016,S,2020
0.8164945890724901,0.90001,Train,T800704-2016,S,2020
0.667779632721202,0.7000299999999999,Train,T901107-2022,S,2020
0.3933910306845004,0.30006999999999995,Train,T801501-2017,S,2020
0.0646056043208228,0.10009,Train,T900103-2017,S,2020
0.0568720379146919,0.10009,Train,T930302-2016,S,2020
0.4376841509496779,0.5000499999999999,Train,T940913-2017,S,2020
0.0401565622112235,0.10009,Train,T901301-2022,S,2020
0.3453832771230599,0.30006999999999995,Train,T801217-2017,S,2020
0.020267976840784,0.10009,Train,T801217-2022,S,2020
0.0949098356561266,0.10009,Train,T940104-2017,S,2020
0.0141279310986165,0.10009,Train,T930606-2022,S,2020
0.0248528928036255,0.10009,Train,T900303-2017,S,2020
0.0515834269818168,0.10009,Train,T910502-2022,S,2020
0.0936304539739439,0.10009,Train,T930801-2022,S,2020
0.1877264881953808,0.10009,Train,T800122-2016,S,2020
0.0402369367463507,0.10009,Train,T940410-2016,S,2020
0.4356549154485526,0.5000499999999999,Train,T800706-2017,S,2020
0.1039230969082878,0.10009,Train,T800112-2016,S,2020
0.171664298579676,0.10009,Train,T801606-2017,S,2020
0.0069991122178713,0.10009,Train,T901302-2016,S,2020
0.0964614400314976,0.10009,Train,T940409-2022,S,2020
0.0070443866804736,0.10009,Train,T900703-2017,S,2020
0.005590965000559,0.10009,Train,T920106-2016,S,2020
0.0063552012783033,0.10009,Train,T920801-2017,S,2020
0.1074355332167832,0.10009,Train,T801610-2017,S,2020
0.1105128091021019,0.10009,Train,T910105-2017,S,2020
0.0342955842876339,0.10009,Train,T800607-2017,S,2020
0.0458886626322884,0.10009,Train,T860110-2016,S,2020
0.0121025795783901,0.10009,Train,T901511-2016,S,2020
0.3121894417731557,0.30006999999999995,Train,T800107-2017,S,2020
0.1337966071430755,0.10009,Train,T930512-2016,S,2020
0.0193584606152118,0.10009,Train,T920805-2016,S,2020
0.0031759138692158,0.10009,Train,T940407-2022,S,2020
0.1242621932277104,0.10009,Train,T940905-2017,S,2020
0.8034991324465008,0.90001,Train,T801608-2017,S,2020
0.0043458286253523,0.10009,Train,T900305-2022,S,2020
0.7642660475711307,0.7000299999999999,Train,T801217-2016,S,2020
0.1104894447317692,0.10009,Train,T900601-2017,S,2020
0.0057557317495339,0.10009,Train,T901510-2017,S,2020
0.0590421633048634,0.10009,Train,T800122-2017,S,2020
0.011033922691924,0.10009,Train,T930107-2022,S,2020
0.0041701417848206,0.10009,Train,T940505-2016,S,2020
0.0185185185185185,0.10009,Train,T940507-2016,S,2020
0.0037868109581893,0.10009,Train,T901503-2016,S,2020
0.0749442602064714,0.10009,Train,T860109-2016,S,2020
0.0421544811549711,0.10009,Train,T900208-2017,S,2020
0.4659754581629039,0.5000499999999999,Train,T800120-2016,S,2020
0.8616880247459126,0.90001,Train,T900801-2016,S,2020
0.0947995666305525,0.10009,Train,T950103-2016,S,2020
0.0052457273550692,0.10009,Train,T900505-2017,S,2020
0.0457076373306739,0.10009,Train,T901304-2016,S,2020
0.0419445585170512,0.10009,Train,T930109-2017,S,2020
0.3559333373688587,0.30006999999999995,Train,T801601-2016,S,2020
0.097966975918545,0.10009,Train,T930402-2017,S,2020
0.0178474046899013,0.10009,Train,T950604-2017,S,2020
0.0248752378760406,0.10009,Train,T930512-2017,S,2020
0.0545272787858592,0.10009,Train,T901604-2017,S,2020
0.0272609554964901,0.10009,Train,T930204-2016,S,2020
0.0287976961843052,0.10009,Train,T800501-2017,S,2020
0.0229099448252162,0.10009,Train,T940402-2017,S,2020
0.0611620795107033,0.10009,Train,T940502-2017,S,2020
0.0061141468561199,0.10009,Train,T930109-2022,S,2020
0.6007326007326007,0.7000299999999999,Train,T941001-2017,S,2020
0.3124516443883685,0.30006999999999995,Train,T800610-2017,S,2020
0.0150165181699869,0.10009,Train,T961301-2016,S,2020
0.006047411707789,0.10009,Train,T900802-2022,S,2020
0.4086538461538461,0.5000499999999999,Train,T941003-2017,S,2020
0.0899340930750748,0.10009,Train,T900706-2022,S,2020
0.0940349155729997,0.10009,Train,T940901-2017,S,2020
0.0550026191723415,0.10009,Train,T950612-2016,S,2020
0.0381752242794426,0.10009,Train,T900603-2017,S,2020
0.182510885341074,0.10009,Train,T801205-2016,S,2020
0.2728641324802409,0.30006999999999995,Train,T860302-2021,S,2020
0.0291483385447029,0.10009,Train,T950114-2016,S,2020
0.072223498900233,0.10009,Train,T950611-2016,S,2020
0.2822179339217546,0.30006999999999995,Train,T900210-2017,S,2020
0.2289343762134575,0.30006999999999995,Train,T801604-2017,S,2020
0.0931966449207828,0.10009,Train,T930502-2016,S,2020
0.2334416624708198,0.30006999999999995,Train,T900801-2022,S,2020
0.1089958718184788,0.10009,Train,T931004-2016,S,2020
0.9413558802675132,0.90001,Train,T900202-2017,S,2020
0.1639622321479052,0.10009,Train,T940510-2017,S,2020
0.2106237334652391,0.30006999999999995,Train,T930806-2022,S,2020
0.2670039347948285,0.30006999999999995,Train,T801608-2022,S,2020
0.014037111086662,0.10009,Train,T930505-2017,S,2020
0.2470308788598574,0.30006999999999995,Train,T930601-2016,S,2020
0.4958547786076623,0.5000499999999999,Train,T900206-2016,S,2020
0.96,0.90001,Train,T941009-2017,S,2020
0.0126418044512458,0.10009,Train,T930501-2017,S,2020
0.3816793893129771,0.30006999999999995,Train,T801303-2016,S,2020
0.0083136231185231,0.10009,Train,T901508-2017,S,2020
0.0873962169923216,0.10009,Train,T801304-2016,S,2020
0.028623902041271,0.10009,Train,T930115-2016,S,2020
0.0194319396314408,0.10009,Train,T940302-2017,S,2020
0.0399906284587854,0.10009,Train,T940604-2017,S,2020
0.155694618272841,0.10009,Train,T801610-2016,S,2020
0.1670774371613451,0.10009,Train,T802303-2016,S,2020
0.00405190034126,0.10009,Train,T930505-2022,S,2020
0.0442574343769076,0.10009,Train,T930105-2017,S,2020
0.2938956429569435,0.30006999999999995,Train,T940904-2017,S,2020
0.0041614071104576,0.10009,Train,T800122-2021,S,2020
0.1156273805637174,0.10009,Train,T940404-2016,S,2020
0.0326436628295737,0.10009,Train,T901303-2017,S,2020
0.5913995407216333,0.5000499999999999,Train,T801208-2016,S,2020
0.2122448979591836,0.30006999999999995,Train,T940510-2016,S,2020
0.2045687009887487,0.30006999999999995,Train,T931104-2017,S,2020
0.0006130484292932,0.10009,Train,T930110-2022,S,2020
0.026561432799575,0.10009,Train,T800807-2016,S,2020
0.0281418499326471,0.10009,Train,T901508-2022,S,2020
0.4849660523763336,0.5000499999999999,Train,T940511-2016,S,2020
1.0,0.90001,Train,T920209-2016,S,2020
0.096866372838669,0.10009,Train,T800801-2017,S,2020
0.7470403950099834,0.7000299999999999,Train,T900207-2017,S,2020
0.1462701121404193,0.10009,Train,T960805-2016,S,2020
0.1173148810944086,0.10009,Train,T800708-2016,S,2020
0.1929988020764009,0.10009,Train,T920106-2017,S,2020
0.0145419766741101,0.10009,Train,T930802-2016,S,2020
0.5040873948586042,0.5000499999999999,Train,T940504-2016,S,2020
0.5372633149892734,0.5000499999999999,Train,T800702-2016,S,2020
0.0092574913355667,0.10009,Train,T930301-2022,S,2020
0.041643794128225,0.10009,Train,T930205-2017,S,2020
0.0146481672972612,0.10009,Train,T930110-2016,S,2020
0.055143764389076,0.10009,Train,T940408-2016,S,2020
0.129800307219662,0.10009,Train,T801905-2017,S,2020
0.2556524124858144,0.30006999999999995,Train,T930801-2017,S,2020
0.6389627659574468,0.7000299999999999,Train,T801902-2017,S,2020
0.0306392105296753,0.10009,Train,T920108-2017,S,2020
0.2651336028946851,0.30006999999999995,Train,T930301-2017,S,2020
0.6080444505895555,0.7000299999999999,Train,T800611-2016,S,2020
0.1458861346355937,0.10009,Train,T930203-2017,S,2020
0.4548519119923273,0.5000499999999999,Train,T940310-2017,S,2020
0.0030076544806532,0.10009,Train,T961104-2016,S,2020
0.0919869174161897,0.10009,Train,T930902-2022,S,2020
0.1487434079626016,0.10009,Train,T930403-2016,S,2020
0.7840144999469093,0.7000299999999999,Train,T801606-2016,S,2020
0.6663698467874779,0.7000299999999999,Train,T801605-2016,S,2020
0.0699664519832798,0.10009,Train,T940710-2017,S,2020
0.0389386044404168,0.10009,Train,T930505-2016,S,2020
0.0301960858323739,0.10009,Train,T940304-2017,S,2020
0.3669236905078437,0.30006999999999995,Train,T800504-2016,S,2020
0.0,0.0,Train,T920610-2017,S,2020
0.0,0.0,Train,T920904-2016,S,2020
0.0,0.0,Train,T941003-2022,S,2020
0.0,0.0,Train,T940304-2019,S,2020
0.0,0.0,Train,T960201-2015,S,2020
0.0,0.0,Train,T800121-2019,S,2020
0.0,0.0,Train,T961104-2018,S,2020
0.0,0.0,Train,T900705-2022,S,2020
0.0,0.0,Train,T841101-2018,S,2020
0.0,0.0,Train,T800116-2021,S,2020
0.0,0.0,Train,T900602-2015,S,2020
0.0,0.0,Train,T941103-2018,S,2020
0.0,0.0,Train,T800112-2018,S,2020
0.0,0.0,Train,T801906-2018,S,2020
0.0,0.0,Train,T801609-2018,S,2020
0.0,0.0,Train,T900507-2016,S,2020
0.0,0.0,Train,T800804-2018,S,2020
0.0,0.0,Train,T801608-2015,S,2020
0.0,0.0,Train,T900313-2017,S,2020
0.0,0.0,Train,T940508-2017,S,2020
0.0,0.0,Train,T901511-2019,S,2020
0.0,0.0,Train,T960207-2015,S,2020
0.0,0.0,Train,T801401-2016,S,2020
0.0,0.0,Train,T820201-2018,S,2020
0.0,0.0,Train,T860204-2022,S,2020
0.0,0.0,Train,T900204-2015,S,2020
0.0,0.0,Train,T801404-2016,S,2020
0.0,0.0,Train,T910503-2018,S,2020
0.0,0.0,Train,T930512-2022,S,2020
0.0,0.0,Train,T960305-2018,S,2020
0.0,0.0,Train,T940901-2022,S,2020
0.0,0.0,Train,T840604-2015,S,2020
0.0,0.0,Train,T841710-2017,S,2020
0.0,0.0,Train,T931003-2018,S,2020
0.0,0.0,Train,T830305-2015,S,2020
0.0,0.0,Train,T940904-2022,S,2020
0.0,0.0,Train,T901301-2015,S,2020
0.0,0.0,Train,T900303-2016,S,2020
0.0,0.0,Train,T940703-2022,S,2020
0.0,0.0,Train,T900901-2018,S,2020
0.0,0.0,Train,T950801-2018,S,2020
0.0,0.0,Train,T901107-2019,S,2020
0.0,0.0,Train,T860114-2015,S,2020
0.0,0.0,Train,T910112-2016,S,2020
0.0,0.0,Train,T930901-2015,S,2020
0.0,0.0,Train,T800710-2018,S,2020
0.0,0.0,Train,T800708-2017,S,2020
0.0,0.0,Train,T940215-2019,S,2020
0.0,0.0,Train,T910403-2022,S,2020
0.0,0.0,Train,T930201-2019,S,2020
0.0,0.0,Train,T900308-2022,S,2020
0.0,0.0,Train,T940506-2018,S,2020
0.0,0.0,Train,T940913-2022,S,2020
0.0,0.0,Train,T930104-2022,S,2020
0.0,0.0,Train,T801601-2015,S,2020
0.0,0.0,Train,T802302-2022,S,2020
0.0,0.0,Train,T801803-2022,S,2020
0.0,0.0,Train,T920901-2022,S,2020
0.0,0.0,Train,T940707-2019,S,2020
0.0,0.0,Train,T900711-2019,S,2020
0.0,0.0,Train,T940910-2022,S,2020
0.0,0.0,Train,T901304-2015,S,2020
0.0,0.0,Train,T900607-2015,S,2020
0.0,0.0,Train,T930105-2019,S,2020
0.0,0.0,Train,T910104-2016,S,2020
0.0,0.0,Train,T800613-2015,S,2020
0.0,0.0,Train,T801905-2018,S,2020
0.0,0.0,Train,T950102-2015,S,2020
0.0,0.0,Train,T800503-2017,S,2020
0.0,0.0,Train,T900402-2015,S,2020
0.0,0.0,Train,T900301-2016,S,2020
0.0,0.0,Train,T800604-2021,S,2020
0.0,0.0,Train,T930306-2018,S,2020
0.0,0.0,Train,T900505-2022,S,2020
0.0,0.0,Train,T950109-2017,S,2020
0.0,0.0,Train,T940509-2016,S,2020
0.0,0.0,Train,T941202-2016,S,2020
0.0,0.0,Train,T940513-2017,S,2020
0.0,0.0,Train,T801203-2019,S,2020
0.0,0.0,Train,T801213-2015,S,2020
0.0,0.0,Train,T910502-2016,S,2020
0.0,0.0,Train,T901005-2018,S,2020
0.0,0.0,Train,T920621-2017,S,2020
0.0,0.0,Train,T941005-2016,S,2020
0.0,0.0,Train,T930504-2015,S,2020
0.0,0.0,Train,T950804-2016,S,2020
0.0,0.0,Train,T940202-2016,S,2020
0.0,0.0,Train,T940512-2017,S,2020
0.0,0.0,Train,T950610-2016,S,2020
0.0,0.0,Train,T941007-2019,S,2020
0.0,0.0,Train,T940802-2015,S,2020
0.0,0.0,Train,T941009-2016,S,2020
0.0,0.0,Train,T900707-2018,S,2020
0.0,0.0,Train,T920504-2021,S,2020
0.0,0.0,Train,T931101-2018,S,2020
0.0,0.0,Train,T960603-2022,S,2020
0.0,0.0,Train,T802301-2015,S,2020
0.0,0.0,Train,T940214-2018,S,2020
0.0,0.0,Train,T960806-2018,S,2020
0.0,0.0,Train,T800410-2017,S,2020
0.0,0.0,Train,T800912-2022,S,2020
0.0,0.0,Train,T901505-2015,S,2020
0.0,0.0,Train,T900209-2019,S,2020
0.0,0.0,Train,T840606-2018,S,2020
0.0,0.0,Train,T940206-2022,S,2020
0.0,0.0,Train,T800603-2022,S,2020
0.0,0.0,Train,T941005-2017,S,2020
0.0,0.0,Train,T920703-2019,S,2020
0.0,0.0,Train,T920308-2021,S,2020
0.0,0.0,Train,T860709-2016,S,2020
0.0,0.0,Train,T900903-2018,S,2020
0.0,0.0,Train,T800801-2018,S,2020
0.0,0.0,Train,T900803-2018,S,2020
0.0,0.0,Train,T901603-2018,S,2020
0.0,0.0,Train,T941201-2015,S,2020
0.0,0.0,Train,T960602-2018,S,2020
0.0,0.0,Train,T801205-2021,S,2020
0.0,0.0,Train,T961302-2019,S,2020
0.0,0.0,Train,T920608-2018,S,2020
0.0,0.0,Train,T940509-2022,S,2020
0.0,0.0,Train,T800907-2019,S,2020
0.0,0.0,Train,T910602-2015,S,2020
0.0,0.0,Train,T901202-2019,S,2020
0.0,0.0,Train,T841602-2021,S,2020
0.0,0.0,Train,T940110-2016,S,2020
0.0,0.0,Train,T900710-2022,S,2020
0.0,0.0,Train,T801905-2015,S,2020
0.0,0.0,Train,T800703-2019,S,2020
0.0,0.0,Train,T800116-2015,S,2020
0.0,0.0,Train,T801610-2019,S,2020
0.0,0.0,Train,T950507-2017,S,2020
0.0,0.0,Train,T802003-2017,S,2020
0.0,0.0,Train,T950601-2016,S,2020
0.0,0.0,Train,T910201-2018,S,2020
0.0,0.0,Train,T860201-2019,S,2020
0.0,0.0,Train,T960104-2017,S,2020
0.0,0.0,Train,T930109-2021,S,2020
0.0,0.0,Train,T801304-2019,S,2020
0.0,0.0,Train,T940701-2019,S,2020
0.0,0.0,Train,T901113-2018,S,2020
0.0,0.0,Train,T920106-2021,S,2020
0.0,0.0,Train,T850403-2016,S,2020
0.0,0.0,Train,T900306-2016,S,2020
0.0,0.0,Train,T930112-2019,S,2020
0.0,0.0,Train,T910404-2017,S,2020
0.0,0.0,Train,T900502-2019,S,2020
0.0,0.0,Train,T920411-2018,S,2020
0.0,0.0,Train,T940510-2019,S,2020
0.0,0.0,Train,T800404-2015,S,2020
0.0,0.0,Train,T960304-2019,S,2020
0.0,0.0,Train,T920108-2018,S,2020
0.0,0.0,Train,T860208-2017,S,2020
0.0,0.0,Train,T940703-2018,S,2020
0.0,0.0,Train,T800803-2022,S,2020
0.0,0.0,Train,T931001-2015,S,2020
0.0,0.0,Train,T940205-2016,S,2020
0.0,0.0,Train,T940213-2019,S,2020
0.0,0.0,Train,T940113-2019,S,2020
0.0,0.0,Train,T950303-2018,S,2020
0.0,0.0,Train,T920805-2018,S,2020
0.0,0.0,Train,T960202-2019,S,2020
0.0,0.0,Train,T940113-2016,S,2020
0.0,0.0,Train,T800809-2019,S,2020
0.0,0.0,Train,T800203-2021,S,2020
0.0,0.0,Train,T960609-2019,S,2020
0.0,0.0,Train,T930504-2019,S,2020
0.0,0.0,Train,T960302-2016,S,2020
0.0,0.0,Train,T801208-2021,S,2020
0.0,0.0,Train,T901404-2018,S,2020
0.0,0.0,Train,T960304-2017,S,2020
0.0,0.0,Train,T910601-2016,S,2020
0.0,0.0,Train,T801206-2022,S,2020
0.0,0.0,Train,T901604-2016,S,2020
0.0,0.0,Train,T940908-2022,S,2020
0.0,0.0,Train,T841205-2019,S,2020
0.0,0.0,Train,T910105-2022,S,2020
0.0,0.0,Train,T950106-2022,S,2020
0.0,0.0,Train,T940203-2018,S,2020
0.0,0.0,Train,T960303-2022,S,2020
0.0,0.0,Train,T900301-2019,S,2020
0.0,0.0,Train,T901304-2019,S,2020
0.0,0.0,Train,T950607-2018,S,2020
0.0,0.0,Train,T800611-2015,S,2020
0.0,0.0,Train,T950102-2019,S,2020
0.0,0.0,Train,T901506-2018,S,2020
0.0,0.0,Train,T860208-2022,S,2020
0.0,0.0,Train,T940301-2022,S,2020
0.0,0.0,Train,T901505-2022,S,2020
0.0,0.0,Train,T940510-2022,S,2020
0.0,0.0,Train,T900708-2015,S,2020
0.0,0.0,Train,T900712-2016,S,2020
0.0,0.0,Train,T901403-2016,S,2020
0.0,0.0,Train,T800118-2016,S,2020
0.0,0.0,Train,T901505-2017,S,2020
0.0,0.0,Train,T900103-2019,S,2020
0.0,0.0,Train,T960801-2018,S,2020
0.0,0.0,Train,T930107-2021,S,2020
0.0,0.0,Train,T960302-2022,S,2020
0.0,0.0,Train,T960405-2019,S,2020
0.0,0.0,Train,T801103-2016,S,2020
0.0,0.0,Train,T900204-2019,S,2020
0.0,0.0,Train,T940511-2018,S,2020
0.0,0.0,Train,T801208-2022,S,2020
0.0,0.0,Train,T920617-2019,S,2020
0.0,0.0,Train,T950616-2019,S,2020
0.0,0.0,Train,T960509-2019,S,2020
0.0,0.0,Train,T960502-2019,S,2020
0.0,0.0,Train,T940401-2018,S,2020
0.0,0.0,Train,T800106-2019,S,2020
0.0,0.0,Train,T940708-2016,S,2020
0.0,0.0,Train,T810601-2016,S,2020
0.0,0.0,Train,T800702-2019,S,2020
0.0,0.0,Train,T800603-2015,S,2020
0.0,0.0,Train,T810806-2016,S,2020
0.0,0.0,Train,T901505-2018,S,2020
0.0,0.0,Train,T950502-2018,S,2020
0.0,0.0,Train,T801305-2019,S,2020
0.0,0.0,Train,T800503-2015,S,2020
0.0,0.0,Train,T801216-2022,S,2020
0.0,0.0,Train,T841102-2016,S,2020
0.0,0.0,Train,T900507-2018,S,2020
0.0,0.0,Train,T930203-2022,S,2020
0.0,0.0,Train,T940505-2018,S,2020
0.0,0.0,Train,T800604-2015,S,2020
0.0,0.0,Train,T940306-2022,S,2020
0.0,0.0,Train,T960301-2015,S,2020
0.0,0.0,Train,T901007-2019,S,2020
0.0,0.0,Train,T960806-2019,S,2020
0.0,0.0,Train,T960605-2019,S,2020
0.0,0.0,Train,T930512-2019,S,2020
0.0,0.0,Train,T801905-2022,S,2020
0.0,0.0,Train,T920605-2018,S,2020
0.0,0.0,Train,T940302-2016,S,2020
0.0,0.0,Train,T900705-2016,S,2020
0.0,0.0,Train,T930202-2018,S,2020
0.0,0.0,Train,T800407-2017,S,2020
0.0,0.0,Train,T940201-2017,S,2020
0.0,0.0,Train,T940904-2015,S,2020
0.0,0.0,Train,T800403-2018,S,2020
0.0,0.0,Train,T801604-2018,S,2020
0.0,0.0,Train,T900704-2019,S,2020
0.0,0.0,Train,T910505-2015,S,2020
0.0,0.0,Train,T960507-2022,S,2020
0.0,0.0,Train,T800606-2022,S,2020
0.0,0.0,Train,T940914-2019,S,2020
0.0,0.0,Train,T920115-2018,S,2020
0.0,0.0,Train,T920704-2016,S,2020
0.0,0.0,Train,T940308-2016,S,2020
0.0,0.0,Train,T950112-2018,S,2020
0.0,0.0,Train,T960403-2018,S,2020
0.0,0.0,Train,T931001-2019,S,2020
0.0,0.0,Train,T801305-2018,S,2020
0.0,0.0,Train,T941002-2017,S,2020
0.0,0.0,Train,T941003-2016,S,2020
0.0,0.0,Train,T802001-2019,S,2020
0.0,0.0,Train,T801306-2022,S,2020
0.0,0.0,Train,T901108-2018,S,2020
0.0,0.0,Train,T800605-2015,S,2020
0.0,0.0,Train,T920621-2018,S,2020
0.0,0.0,Train,T930510-2022,S,2020
0.0,0.0,Train,T800807-2015,S,2020
0.0,0.0,Train,T930606-2019,S,2020
0.0,0.0,Train,T900504-2018,S,2020
0.0,0.0,Train,T900706-2019,S,2020
0.0,0.0,Train,T910505-2018,S,2020
0.0,0.0,Train,T901510-2019,S,2020
0.0,0.0,Train,T960306-2015,S,2020
0.0,0.0,Train,T940903-2016,S,2020
0.0,0.0,Train,T940903-2018,S,2020
0.0,0.0,Train,T930510-2019,S,2020
0.0,0.0,Train,T810601-2019,S,2020
0.0,0.0,Train,T960602-2016,S,2020
0.0,0.0,Train,T800606-2021,S,2020
0.0,0.0,Train,T930103-2022,S,2020
0.0,0.0,Train,T841709-2016,S,2020
0.0,0.0,Train,T960602-2017,S,2020
0.0,0.0,Train,T860208-2016,S,2020
0.0,0.0,Train,T810803-2017,S,2020
0.0,0.0,Train,T940701-2016,S,2020
0.0,0.0,Train,T940112-2018,S,2020
0.0,0.0,Train,T850403-2019,S,2020
0.0,0.0,Train,T800610-2019,S,2020
0.0,0.0,Train,T900704-2021,S,2020
0.0,0.0,Train,T940802-2018,S,2020
0.0,0.0,Train,T930701-2019,S,2020
0.0,0.0,Train,T900310-2019,S,2020
0.0,0.0,Train,T940304-2016,S,2020
0.0,0.0,Train,T930701-2022,S,2020
0.0,0.0,Train,T900309-2018,S,2020
0.0,0.0,Train,T910108-2018,S,2020
0.0,0.0,Train,T920104-2022,S,2020
0.0,0.0,Train,T810803-2016,S,2020
0.0,0.0,Train,T840605-2022,S,2020
0.0,0.0,Train,T910301-2015,S,2020
0.0,0.0,Train,T900308-2016,S,2020
0.0,0.0,Train,T920803-2021,S,2020
0.0,0.0,Train,T810118-2016,S,2020
0.0,0.0,Train,T860201-2016,S,2020
0.0,0.0,Train,T920805-2022,S,2020
0.0,0.0,Train,T920806-2019,S,2020
0.0,0.0,Train,T801103-2022,S,2020
0.0,0.0,Train,T960105-2017,S,2020
0.0,0.0,Train,T900705-2021,S,2020
0.0,0.0,Train,T940208-2022,S,2020
0.0,0.0,Train,T950106-2019,S,2020
0.0,0.0,Train,T910104-2015,S,2020
0.0,0.0,Train,T840603-2019,S,2020
0.0,0.0,Train,T900702-2021,S,2020
0.0,0.0,Train,T900502-2022,S,2020
0.0,0.0,Train,T930107-2018,S,2020
0.0,0.0,Train,T960607-2016,S,2020
0.0,0.0,Train,T800804-2019,S,2020
0.0,0.0,Train,T801301-2018,S,2020
0.0,0.0,Train,T941012-2022,S,2020
0.0,0.0,Train,T801403-2015,S,2020
0.0,0.0,Train,T930513-2022,S,2020
0.0,0.0,Train,T920105-2018,S,2020
0.0,0.0,Train,T900901-2016,S,2020
0.0,0.0,Train,T800610-2015,S,2020
0.0,0.0,Train,T901402-2019,S,2020
0.0,0.0,Train,T930701-2017,S,2020
0.0,0.0,Train,T802103-2016,S,2020
0.0,0.0,Train,T841605-2021,S,2020
0.0,0.0,Train,T950607-2017,S,2020
0.0,0.0,Train,T900901-2022,S,2020
0.0,0.0,Train,T800603-2021,S,2020
0.0,0.0,Train,T920308-2016,S,2020
0.0,0.0,Train,T901504-2019,S,2020
0.0,0.0,Train,T950504-2016,S,2020
0.0,0.0,Train,T960601-2019,S,2020
0.0,0.0,Train,T800113-2018,S,2020
0.0,0.0,Train,T802301-2018,S,2020
0.0,0.0,Train,T800607-2018,S,2020
0.0,0.0,Train,T960603-2019,S,2020
0.0,0.0,Train,T930105-2018,S,2020
0.0,0.0,Train,T930112-2015,S,2020
0.0,0.0,Train,T900104-2019,S,2020
0.0,0.0,Train,T961301-2017,S,2020
0.0,0.0,Train,T961104-2022,S,2020
0.0,0.0,Train,T900505-2018,S,2020
0.0,0.0,Train,T940909-2018,S,2020
0.0,0.0,Train,T910504-2015,S,2020
0.0,0.0,Train,T940706-2018,S,2020
0.0,0.0,Train,T901510-2015,S,2020
0.0,0.0,Train,T961003-2018,S,2020
0.0,0.0,Train,T801206-2018,S,2020
0.0,0.0,Train,T840104-2019,S,2020
0.0,0.0,Train,T940911-2022,S,2020
0.0,0.0,Train,T930306-2022,S,2020
0.0,0.0,Train,T931004-2019,S,2020
0.0,0.0,Train,T960805-2019,S,2020
0.0,0.0,Train,T840603-2021,S,2020
0.0,0.0,Train,T940510-2018,S,2020
0.0,0.0,Train,T941103-2015,S,2020
0.0,0.0,Train,T801604-2021,S,2020
0.0,0.0,Train,T950502-2019,S,2020
0.0,0.0,Train,T901113-2016,S,2020
0.0,0.0,Train,T800304-2018,S,2020
0.0,0.0,Train,T800407-2021,S,2020
0.0,0.0,Train,T900403-2019,S,2020
0.0,0.0,Train,T940406-2015,S,2020
0.0,0.0,Train,T901601-2015,S,2020
0.0,0.0,Train,T960502-2018,S,2020
0.0,0.0,Train,T910601-2017,S,2020
0.0,0.0,Train,T841106-2019,S,2020
0.0,0.0,Train,T960801-2022,S,2020
0.0,0.0,Train,T900904-2018,S,2020
0.0,0.0,Train,T900402-2022,S,2020
0.0,0.0,Train,T910111-2016,S,2020
0.0,0.0,Train,T931103-2017,S,2020
0.0,0.0,Train,T950114-2022,S,2020
0.0,0.0,Train,T961103-2016,S,2020
0.0,0.0,Train,T940802-2022,S,2020
0.0,0.0,Train,T802002-2019,S,2020
0.0,0.0,Train,T850403-2018,S,2020
0.0,0.0,Train,T801605-2015,S,2020
0.0,0.0,Train,T940504-2018,S,2020
0.0,0.0,Train,T910404-2019,S,2020
0.0,0.0,Train,T950607-2019,S,2020
0.0,0.0,Train,T940308-2018,S,2020
0.0,0.0,Train,T930302-2022,S,2020
0.0,0.0,Train,T900301-2017,S,2020
0.0,0.0,Train,T801204-2021,S,2020
0.0,0.0,Train,T920308-2019,S,2020
0.0,0.0,Train,T930106-2017,S,2020
0.0,0.0,Train,T960510-2017,S,2020
0.0,0.0,Train,T910105-2015,S,2020
0.0,0.0,Train,T920106-2019,S,2020
0.0,0.0,Train,T801610-2022,S,2020
0.0,0.0,Train,T850402-2021,S,2020
0.0,0.0,Train,T960403-2022,S,2020
0.0,0.0,Train,T900904-2022,S,2020
0.0,0.0,Train,T800205-2017,S,2020
0.0,0.0,Train,T800711-2015,S,2020
0.0,0.0,Train,T920905-2022,S,2020
0.0,0.0,Train,T940312-2016,S,2020
0.0,0.0,Train,T801901-2022,S,2020
0.0,0.0,Train,T941006-2016,S,2020
0.0,0.0,Train,T800703-2022,S,2020
0.0,0.0,Train,T940906-2022,S,2020
0.0,0.0,Train,T800807-2019,S,2020
0.0,0.0,Train,T920606-2016,S,2020
0.0,0.0,Train,T860302-2018,S,2020
0.0,0.0,Train,T802103-2021,S,2020
0.0,0.0,Train,T960604-2018,S,2020
0.0,0.0,Train,T920806-2022,S,2020
0.0,0.0,Train,T841716-2019,S,2020
0.0,0.0,Train,T810101-2017,S,2020
0.0,0.0,Train,T930106-2016,S,2020
0.0,0.0,Train,T800203-2018,S,2020
0.0,0.0,Train,T801904-2015,S,2020
0.0,0.0,Train,T900502-2016,S,2020
0.0,0.0,Train,T940902-2016,S,2020
0.0,0.0,Train,T920208-2021,S,2020
0.0,0.0,Train,T800905-2018,S,2020
0.0,0.0,Train,T800409-2018,S,2020
0.0,0.0,Train,T801803-2019,S,2020
0.0,0.0,Train,T800803-2019,S,2020
0.0,0.0,Train,T920702-2021,S,2020
0.0,0.0,Train,T841714-2019,S,2020
0.0,0.0,Train,T960506-2017,S,2020
0.0,0.0,Train,T841205-2021,S,2020
0.0,0.0,Train,T930111-2022,S,2020
0.0,0.0,Train,T940907-2018,S,2020
0.0,0.0,Train,T941102-2015,S,2020
0.0,0.0,Train,T901504-2018,S,2020
0.0,0.0,Train,T810806-2018,S,2020
0.0,0.0,Train,T910501-2019,S,2020
0.0,0.0,Train,T960406-2015,S,2020
0.0,0.0,Train,T801803-2016,S,2020
0.0,0.0,Train,T800113-2019,S,2020
0.0,0.0,Train,T800907-2018,S,2020
0.0,0.0,Train,T940205-2019,S,2020
0.0,0.0,Train,T801103-2018,S,2020
0.0,0.0,Train,T910506-2022,S,2020
0.0,0.0,Train,T840108-2016,S,2020
0.0,0.0,Train,T910602-2019,S,2020
0.0,0.0,Train,T940207-2018,S,2020
0.0,0.0,Train,T960501-2018,S,2020
0.0,0.0,Train,T930509-2018,S,2020
0.0,0.0,Train,T850403-2021,S,2020
0.0,0.0,Train,T800406-2021,S,2020
0.0,0.0,Train,T950118-2015,S,2020
0.0,0.0,Train,T860802-2016,S,2020
0.0,0.0,Train,T930111-2015,S,2020
0.0,0.0,Train,T800407-2022,S,2020
0.0,0.0,Train,T961105-2022,S,2020
0.0,0.0,Train,T961101-2016,S,2020
0.0,0.0,Train,T940502-2022,S,2020
0.0,0.0,Train,T860304-2022,S,2020
0.0,0.0,Train,T860302-2017,S,2020
0.0,0.0,Train,T940213-2022,S,2020
0.0,0.0,Train,T900304-2018,S,2020
0.0,0.0,Train,T910504-2019,S,2020
0.0,0.0,Train,T931003-2022,S,2020
0.0,0.0,Train,T801003-2019,S,2020
0.0,0.0,Train,T941004-2019,S,2020
0.0,0.0,Train,T801210-2019,S,2020
0.0,0.0,Train,T820201-2022,S,2020
0.0,0.0,Train,T960404-2019,S,2020
0.0,0.0,Train,T940207-2015,S,2020
0.0,0.0,Train,T840606-2019,S,2020
0.0,0.0,Train,T940408-2015,S,2020
0.0,0.0,Train,T960604-2022,S,2020
0.0,0.0,Train,T801408-2015,S,2020
0.0,0.0,Train,T960604-2017,S,2020
0.0,0.0,Train,T800119-2019,S,2020
0.0,0.0,Train,T950507-2019,S,2020
0.0,0.0,Train,T900313-2018,S,2020
0.0,0.0,Train,T960304-2018,S,2020
0.0,0.0,Train,T940915-2022,S,2020
0.0,0.0,Train,T950110-2017,S,2020
0.0,0.0,Train,T810304-2016,S,2020
0.0,0.0,Train,T900701-2018,S,2020
0.0,0.0,Train,T800710-2019,S,2020
0.0,0.0,Train,T840605-2016,S,2020
0.0,0.0,Train,T930101-2019,S,2020
0.0,0.0,Train,T930301-2019,S,2020
0.0,0.0,Train,T920108-2015,S,2020
0.0,0.0,Train,T940701-2018,S,2020
0.0,0.0,Train,T900305-2017,S,2020
0.0,0.0,Train,T900301-2018,S,2020
0.0,0.0,Train,T941011-2015,S,2020
0.0,0.0,Train,T900206-2015,S,2020
0.0,0.0,Train,T900909-2015,S,2020
0.0,0.0,Train,T910105-2021,S,2020
0.0,0.0,Train,T841502-2021,S,2020
0.0,0.0,Train,T930106-2015,S,2020
0.0,0.0,Train,T920305-2019,S,2020
0.0,0.0,Train,T840604-2017,S,2020
0.0,0.0,Train,T841712-2017,S,2020
0.0,0.0,Train,T850402-2019,S,2020
0.0,0.0,Train,T960605-2018,S,2020
0.0,0.0,Train,T941102-2018,S,2020
0.0,0.0,Train,T930703-2015,S,2020
0.0,0.0,Train,T900904-2019,S,2020
0.0,0.0,Train,T901107-2016,S,2020
0.0,0.0,Train,T801103-2017,S,2020
0.0,0.0,Train,T801213-2017,S,2020
0.0,0.0,Train,T940904-2016,S,2020
0.0,0.0,Train,T931004-2022,S,2020
0.0,0.0,Train,T960509-2018,S,2020
0.0,0.0,Train,T840601-2019,S,2020
0.0,0.0,Train,T910202-2017,S,2020
0.0,0.0,Train,T930902-2019,S,2020
0.0,0.0,Train,T930110-2015,S,2020
0.0,0.0,Train,T910602-2021,S,2020
0.0,0.0,Train,T900602-2019,S,2020
0.0,0.0,Train,T801205-2017,S,2020
0.0,0.0,Train,T920610-2019,S,2020
0.0,0.0,Train,T920804-2021,S,2020
0.0,0.0,Train,T920413-2022,S,2020
0.0,0.0,Train,T810303-2017,S,2020
0.0,0.0,Train,T900704-2016,S,2020
0.0,0.0,Train,T960205-2022,S,2020
0.0,0.0,Train,T802303-2021,S,2020
0.0,0.0,Train,T940509-2015,S,2020
0.0,0.0,Train,T901301-2019,S,2020
0.0,0.0,Train,T960802-2019,S,2020
0.0,0.0,Train,T940310-2015,S,2020
0.0,0.0,Train,T901302-2019,S,2020
0.0,0.0,Train,T900909-2019,S,2020
0.0,0.0,Train,T961302-2022,S,2020
0.0,0.0,Train,T930701-2016,S,2020
0.0,0.0,Train,T940705-2018,S,2020
0.0,0.0,Train,T930511-2022,S,2020
0.0,0.0,Train,T901403-2019,S,2020
0.0,0.0,Train,T900708-2021,S,2020
0.0,0.0,Train,T840801-2016,S,2020
0.0,0.0,Train,T960806-2016,S,2020
0.0,0.0,Train,T920806-2015,S,2020
0.0,0.0,Train,T920806-2021,S,2020
0.0,0.0,Train,T800708-2018,S,2020
0.0,0.0,Train,T910106-2018,S,2020
0.0,0.0,Train,T900904-2016,S,2020
0.0,0.0,Train,T860208-2019,S,2020
0.0,0.0,Train,T941101-2018,S,2020
0.0,0.0,Train,T800907-2021,S,2020
0.0,0.0,Train,T960502-2016,S,2020
0.0,0.0,Train,T841205-2022,S,2020
0.0,0.0,Train,T900105-2015,S,2020
0.0,0.0,Train,T960405-2015,S,2020
0.0,0.0,Train,T900311-2022,S,2020
0.0,0.0,Train,T920607-2022,S,2020
0.0,0.0,Train,T940909-2022,S,2020
0.0,0.0,Train,T841105-2017,S,2020
0.0,0.0,Train,T800116-2016,S,2020
0.0,0.0,Train,T920803-2015,S,2020
0.0,0.0,Train,T950115-2015,S,2020
0.0,0.0,Train,T950106-2015,S,2020
0.0,0.0,Train,T801606-2019,S,2020
0.0,0.0,Train,T800404-2018,S,2020
0.0,0.0,Train,T940503-2018,S,2020
0.0,0.0,Train,T941001-2022,S,2020
0.0,0.0,Train,T800707-2022,S,2020
0.0,0.0,Train,T950612-2022,S,2020
0.0,0.0,Train,T940710-2019,S,2020
0.0,0.0,Train,T841101-2022,S,2020
0.0,0.0,Train,T940112-2022,S,2020
0.0,0.0,Train,T940603-2019,S,2020
0.0,0.0,Train,T901112-2018,S,2020
0.0,0.0,Train,T900601-2015,S,2020
0.0,0.0,Train,T910402-2015,S,2020
0.0,0.0,Train,T830305-2021,S,2020
0.0,0.0,Train,T800303-2017,S,2020
0.0,0.0,Train,T960201-2017,S,2020
0.0,0.0,Train,T901503-2018,S,2020
0.0,0.0,Train,T841201-2021,S,2020
0.0,0.0,Train,T910602-2017,S,2020
0.0,0.0,Train,T940912-2016,S,2020
0.0,0.0,Train,T900607-2022,S,2020
0.0,0.0,Train,T920303-2022,S,2020
0.0,0.0,Train,T801902-2022,S,2020
0.0,0.0,Train,T940913-2015,S,2020
0.0,0.0,Train,T901007-2018,S,2020
0.0,0.0,Train,T820105-2016,S,2020
0.0,0.0,Train,T940404-2018,S,2020
0.0,0.0,Train,T920901-2018,S,2020
0.0,0.0,Train,T940503-2022,S,2020
0.0,0.0,Train,T930602-2019,S,2020
0.0,0.0,Train,T961302-2017,S,2020
0.0,0.0,Train,T930602-2018,S,2020
0.0,0.0,Train,T901302-2018,S,2020
0.0,0.0,Train,T950507-2018,S,2020
0.0,0.0,Train,T801703-2016,S,2020
0.0,0.0,Train,T910505-2019,S,2020
0.0,0.0,Train,T801211-2015,S,2020
0.0,0.0,Train,T961104-2015,S,2020
0.0,0.0,Train,T900105-2022,S,2020
0.0,0.0,Train,T930804-2022,S,2020
0.0,0.0,Train,T961302-2018,S,2020
0.0,0.0,Train,T900204-2018,S,2020
0.0,0.0,Train,T941011-2018,S,2020
0.0,0.0,Train,T930511-2015,S,2020
0.0,0.0,Train,T900406-2017,S,2020
0.0,0.0,Train,T910106-2015,S,2020
0.0,0.0,Train,T800707-2015,S,2020
0.0,0.0,Train,T801207-2021,S,2020
0.0,0.0,Train,T800706-2019,S,2020
0.0,0.0,Train,T920403-2021,S,2020
0.0,0.0,Train,T900902-2018,S,2020
0.0,0.0,Train,T840807-2021,S,2020
0.0,0.0,Train,T930502-2022,S,2020
0.0,0.0,Train,T800810-2016,S,2020
0.0,0.0,Train,T940507-2018,S,2020
0.0,0.0,Train,T960206-2022,S,2020
0.0,0.0,Train,T930512-2021,S,2020
0.0,0.0,Train,T900201-2015,S,2020
0.0,0.0,Train,T960204-2018,S,2020
0.0,0.0,Train,T940509-2017,S,2020
0.0,0.0,Train,T801206-2021,S,2020
0.0,0.0,Train,T800202-2019,S,2020
0.0,0.0,Train,T941011-2017,S,2020
0.0,0.0,Train,T800107-2018,S,2020
0.0,0.0,Train,T920501-2018,S,2020
0.0,0.0,Train,T930112-2018,S,2020
0.0,0.0,Train,T900903-2015,S,2020
0.0,0.0,Train,T960208-2019,S,2020
0.0,0.0,Train,T801101-2019,S,2020
0.0,0.0,Train,T850502-2016,S,2020
0.0,0.0,Train,T950615-2019,S,2020
0.0,0.0,Train,T960602-2019,S,2020
0.0,0.0,Train,T940903-2019,S,2020
0.0,0.0,Train,T841101-2019,S,2020
0.0,0.0,Train,T920704-2019,S,2020
0.0,0.0,Train,T901202-2022,S,2020
0.0,0.0,Train,T930606-2018,S,2020
0.0,0.0,Train,T800810-2021,S,2020
0.0,0.0,Train,T840608-2022,S,2020
0.0,0.0,Train,T920602-2019,S,2020
0.0,0.0,Train,T801601-2021,S,2020
0.0,0.0,Train,T960501-2022,S,2020
0.0,0.0,Train,T802002-2022,S,2020
0.0,0.0,Train,T941201-2022,S,2020
0.0,0.0,Train,T841712-2015,S,2020
0.0,0.0,Train,T860802-2018,S,2020
0.0,0.0,Train,T950106-2018,S,2020
0.0,0.0,Train,T930307-2019,S,2020
0.0,0.0,Train,T900201-2019,S,2020
0.0,0.0,Train,T910402-2016,S,2020
0.0,0.0,Train,T841707-2021,S,2020
0.0,0.0,Train,T940702-2018,S,2020
0.0,0.0,Train,T920803-2019,S,2020
0.0,0.0,Train,T920106-2018,S,2020
0.0,0.0,Train,T801801-2016,S,2020
0.0,0.0,Train,T930302-2018,S,2020
0.0,0.0,Train,T940909-2015,S,2020
0.0,0.0,Train,T940308-2017,S,2020
0.0,0.0,Train,T941007-2017,S,2020
0.0,0.0,Train,T930114-2022,S,2020
0.0,0.0,Train,T941008-2016,S,2020
0.0,0.0,Train,T900211-2019,S,2020
0.0,0.0,Train,T920602-2015,S,2020
0.0,0.0,Train,T930901-2018,S,2020
0.0,0.0,Train,T900801-2018,S,2020
0.0,0.0,Train,T960605-2017,S,2020
0.0,0.0,Train,T840802-2016,S,2020
0.0,0.0,Train,T801215-2019,S,2020
0.0,0.0,Train,T940604-2015,S,2020
0.0,0.0,Train,T960404-2018,S,2020
0.0,0.0,Train,T930307-2015,S,2020
0.0,0.0,Train,T800612-2019,S,2020
0.0,0.0,Train,T901503-2015,S,2020
0.0,0.0,Train,T840202-2018,S,2020
0.0,0.0,Train,T940109-2021,S,2020
0.0,0.0,Train,T840801-2019,S,2020
0.0,0.0,Train,T910504-2018,S,2020
0.0,0.0,Train,T940508-2018,S,2020
0.0,0.0,Train,T950502-2016,S,2020
0.0,0.0,Train,T860114-2017,S,2020
0.0,0.0,Train,T920801-2019,S,2020
0.0,0.0,Train,T941102-2019,S,2020
0.0,0.0,Train,T950608-2019,S,2020
0.0,0.0,Train,T810803-2018,S,2020
0.0,0.0,Train,T920208-2018,S,2020
0.0,0.0,Train,T860109-2019,S,2020
0.0,0.0,Train,T920801-2018,S,2020
0.0,0.0,Train,T930201-2022,S,2020
0.0,0.0,Train,T950109-2018,S,2020
0.0,0.0,Train,T920701-2022,S,2020
0.0,0.0,Train,T960805-2018,S,2020
0.0,0.0,Train,T941010-2016,S,2020
0.0,0.0,Train,T900902-2016,S,2020
0.0,0.0,Train,T940305-2022,S,2020
0.0,0.0,Train,T950507-2016,S,2020
0.0,0.0,Train,T930301-2015,S,2020
0.0,0.0,Train,T800604-2022,S,2020
0.0,0.0,Train,T800116-2017,S,2020
0.0,0.0,Train,T840608-2016,S,2020
0.0,0.0,Train,T900309-2019,S,2020
0.0,0.0,Train,T920806-2017,S,2020
0.0,0.0,Train,T801218-2015,S,2020
0.0,0.0,Train,T840604-2018,S,2020
0.0,0.0,Train,T901508-2018,S,2020
0.0,0.0,Train,T950114-2019,S,2020
0.0,0.0,Train,T901108-2016,S,2020
0.0,0.0,Train,T900702-2017,S,2020
0.0,0.0,Train,T940803-2019,S,2020
0.0,0.0,Train,T900505-2016,S,2020
0.0,0.0,Train,T850401-2021,S,2020
0.0,0.0,Train,T802302-2019,S,2020
0.0,0.0,Train,T930205-2018,S,2020
0.0,0.0,Train,T941010-2019,S,2020
0.0,0.0,Train,T940905-2022,S,2020
0.0,0.0,Train,T900211-2018,S,2020
0.0,0.0,Train,T920621-2019,S,2020
0.0,0.0,Train,T950103-2018,S,2020
0.0,0.0,Train,T930512-2015,S,2020
0.0,0.0,Train,T920504-2022,S,2020
0.0,0.0,Train,T950106-2016,S,2020
0.0,0.0,Train,T920606-2021,S,2020
0.0,0.0,Train,T941101-2017,S,2020
0.0,0.0,Train,T960102-2019,S,2020
0.0,0.0,Train,T950115-2016,S,2020
0.0,0.0,Train,T920701-2016,S,2020
0.0,0.0,Train,T901603-2015,S,2020
0.0,0.0,Train,T950104-2017,S,2020
0.0,0.0,Train,T900607-2017,S,2020
0.0,0.0,Train,T930806-2019,S,2020
0.0,0.0,Train,T910105-2016,S,2020
0.0,0.0,Train,T850402-2022,S,2020
0.0,0.0,Train,T941101-2015,S,2020
0.0,0.0,Train,T860205-2021,S,2020
0.0,0.0,Train,T950603-2018,S,2020
0.0,0.0,Train,T800120-2017,S,2020
0.0,0.0,Train,T920207-2021,S,2020
0.0,0.0,Train,T930508-2018,S,2020
0.0,0.0,Train,T920607-2019,S,2020
0.0,0.0,Train,T901604-2018,S,2020
0.0,0.0,Train,T920117-2021,S,2020
0.0,0.0,Train,T900310-2015,S,2020
0.0,0.0,Train,T920607-2021,S,2020
0.0,0.0,Train,T960704-2018,S,2020
0.0,0.0,Train,T930801-2018,S,2020
0.0,0.0,Train,T910108-2015,S,2020
0.0,0.0,Train,T940213-2016,S,2020
0.0,0.0,Train,T841105-2018,S,2020
0.0,0.0,Train,T940401-2019,S,2020
0.0,0.0,Train,T802301-2017,S,2020
0.0,0.0,Train,T961104-2019,S,2020
0.0,0.0,Train,T920602-2017,S,2020
0.0,0.0,Train,T950118-2016,S,2020
0.0,0.0,Train,T910106-2017,S,2020
0.0,0.0,Train,T800115-2017,S,2020
0.0,0.0,Train,T841901-2016,S,2020
0.0,0.0,Train,T930306-2015,S,2020
0.0,0.0,Train,T801401-2015,S,2020
0.0,0.0,Train,T930605-2018,S,2020
0.0,0.0,Train,T900604-2016,S,2020
0.0,0.0,Train,T960501-2017,S,2020
0.0,0.0,Train,T900609-2019,S,2020
0.0,0.0,Train,T920308-2018,S,2020
0.0,0.0,Train,T930112-2016,S,2020
0.0,0.0,Train,T940602-2017,S,2020
0.0,0.0,Train,T802303-2015,S,2020
0.0,0.0,Train,T900314-2022,S,2020
0.0,0.0,Train,T901303-2018,S,2020
0.0,0.0,Train,T961105-2015,S,2020
0.0,0.0,Train,T940503-2019,S,2020
0.0,0.0,Train,T930502-2017,S,2020
0.0,0.0,Train,T960201-2018,S,2020
0.0,0.0,Train,T940111-2018,S,2020
0.0,0.0,Train,T800711-2019,S,2020
0.0,0.0,Train,T920610-2016,S,2020
0.0,0.0,Train,T930502-2019,S,2020
0.0,0.0,Train,T920701-2021,S,2020
0.0,0.0,Train,T930305-2018,S,2020
0.0,0.0,Train,T802303-2022,S,2020
0.0,0.0,Train,T940901-2016,S,2020
0.0,0.0,Train,T901506-2022,S,2020
0.0,0.0,Train,T941202-2019,S,2020
0.0,0.0,Train,T950106-2017,S,2020
0.0,0.0,Train,T800601-2015,S,2020
0.0,0.0,Train,T940908-2015,S,2020
0.0,0.0,Train,T941003-2018,S,2020
0.0,0.0,Train,T900303-2018,S,2020
0.0,0.0,Train,T801906-2015,S,2020
0.0,0.0,Train,T801218-2018,S,2020
0.0,0.0,Train,T860304-2016,S,2020
0.0,0.0,Train,T960501-2016,S,2020
0.0,0.0,Train,T950116-2017,S,2020
0.0,0.0,Train,T801210-2022,S,2020
0.0,0.0,Train,T920106-2015,S,2020
0.0,0.0,Train,T960704-2022,S,2020
0.0,0.0,Train,T950601-2019,S,2020
0.0,0.0,Train,T950610-2018,S,2020
0.0,0.0,Train,T941004-2016,S,2020
0.0,0.0,Train,T960203-2015,S,2020
0.0,0.0,Train,T960606-2022,S,2020
0.0,0.0,Train,T800804-2017,S,2020
0.0,0.0,Train,T800905-2017,S,2020
0.0,0.0,Train,T910303-2015,S,2020
0.0,0.0,Train,T801202-2019,S,2020
0.0,0.0,Train,T900712-2018,S,2020
0.0,0.0,Train,T801608-2021,S,2020
0.0,0.0,Train,T950602-2017,S,2020
0.0,0.0,Train,T940312-2018,S,2020
0.0,0.0,Train,T900501-2022,S,2020
0.0,0.0,Train,T950804-2017,S,2020
0.0,0.0,Train,T940207-2022,S,2020
0.0,0.0,Train,T920610-2018,S,2020
0.0,0.0,Train,T901113-2019,S,2020
0.0,0.0,Train,T900901-2015,S,2020
0.0,0.0,Train,T901511-2015,S,2020
0.0,0.0,Train,T830305-2016,S,2020
0.0,0.0,Train,T801213-2021,S,2020
0.0,0.0,Train,T930115-2019,S,2020
0.0,0.0,Train,T840606-2015,S,2020
0.0,0.0,Train,T801202-2022,S,2020
0.0,0.0,Train,T901403-2015,S,2020
0.0,0.0,Train,T901108-2019,S,2020
0.0,0.0,Train,T841402-2022,S,2020
0.0,0.0,Train,T800203-2015,S,2020
0.0,0.0,Train,T920804-2019,S,2020
0.0,0.0,Train,T930703-2022,S,2020
0.0,0.0,Train,T910501-2015,S,2020
0.0,0.0,Train,T900309-2022,S,2020
0.0,0.0,Train,T930401-2019,S,2020
0.0,0.0,Train,T950602-2018,S,2020
0.0,0.0,Train,T900301-2022,S,2020
0.0,0.0,Train,T960609-2018,S,2020
0.0,0.0,Train,T961102-2019,S,2020
0.0,0.0,Train,T960107-2015,S,2020
0.0,0.0,Train,T961303-2019,S,2020
0.0,0.0,Train,T941012-2018,S,2020
0.0,0.0,Train,T940410-2019,S,2020
0.0,0.0,Train,T930504-2018,S,2020
0.0,0.0,Train,T801215-2018,S,2020
0.0,0.0,Train,T910203-2019,S,2020
0.0,0.0,Train,T920803-2018,S,2020
0.0,0.0,Train,T930601-2015,S,2020
0.0,0.0,Train,T800501-2019,S,2020
0.0,0.0,Train,T950604-2018,S,2020
0.0,0.0,Train,T950606-2018,S,2020
0.0,0.0,Train,T961101-2018,S,2020
0.0,0.0,Train,T920206-2021,S,2020
0.0,0.0,Train,T950608-2022,S,2020
0.0,0.0,Train,T960605-2022,S,2020
0.0,0.0,Train,T960401-2016,S,2020
0.0,0.0,Train,T901202-2017,S,2020
0.0,0.0,Train,T840608-2019,S,2020
0.0,0.0,Train,T920113-2022,S,2020
0.0,0.0,Train,T940513-2015,S,2020
0.0,0.0,Train,T960303-2016,S,2020
0.0,0.0,Train,T960208-2015,S,2020
0.0,0.0,Train,T940305-2015,S,2020
0.0,0.0,Train,T940601-2018,S,2020
0.0,0.0,Train,T930103-2015,S,2020
0.0,0.0,Train,T800404-2022,S,2020
0.0,0.0,Train,T930506-2018,S,2020
0.0,0.0,Train,T940707-2022,S,2020
0.0,0.0,Train,T960605-2016,S,2020
0.0,0.0,Train,T920501-2015,S,2020
0.0,0.0,Train,T940403-2022,S,2020
0.0,0.0,Train,T860108-2017,S,2020
0.0,0.0,Train,T950112-2016,S,2020
0.0,0.0,Train,T941203-2015,S,2020
0.0,0.0,Train,T920904-2018,S,2020
0.0,0.0,Train,T801306-2018,S,2020
0.0,0.0,Train,T940203-2022,S,2020
0.0,0.0,Train,T941103-2019,S,2020
0.0,0.0,Train,T940307-2022,S,2020
0.0,0.0,Train,T960601-2017,S,2020
0.0,0.0,Train,T940917-2016,S,2020
0.0,0.0,Train,T960609-2016,S,2020
0.0,0.0,Train,T910303-2017,S,2020
0.0,0.0,Train,T900307-2018,S,2020
0.0,0.0,Train,T920704-2021,S,2020
0.0,0.0,Train,T960105-2019,S,2020
0.0,0.0,Train,T960304-2016,S,2020
0.0,0.0,Train,T950613-2022,S,2020
0.0,0.0,Train,T860103-2016,S,2020
0.0,0.0,Train,T950110-2022,S,2020
0.0,0.0,Train,T920118-2015,S,2020
0.0,0.0,Train,T941101-2019,S,2020
0.0,0.0,Train,T841208-2019,S,2020
0.0,0.0,Train,T800112-2017,S,2020
0.0,0.0,Train,T900601-2018,S,2020
0.0,0.0,Train,T930506-2019,S,2020
0.0,0.0,Train,T940909-2017,S,2020
0.0,0.0,Train,T930501-2018,S,2020
0.0,0.0,Train,T801203-2018,S,2020
0.0,0.0,Train,T850202-2016,S,2020
0.0,0.0,Train,T910202-2016,S,2020
0.0,0.0,Train,T920120-2022,S,2020
0.0,0.0,Train,T840802-2022,S,2020
0.0,0.0,Train,T910203-2022,S,2020
0.0,0.0,Train,T930402-2019,S,2020
0.0,0.0,Train,T800112-2019,S,2020
0.0,0.0,Train,T901506-2019,S,2020
0.0,0.0,Train,T900208-2022,S,2020
0.0,0.0,Train,T920605-2015,S,2020
0.0,0.0,Train,T800406-2017,S,2020
0.0,0.0,Train,T940202-2019,S,2020
0.0,0.0,Train,T860109-2022,S,2020
0.0,0.0,Train,T960406-2019,S,2020
0.0,0.0,Train,T950110-2018,S,2020
0.0,0.0,Train,T960302-2017,S,2020
0.0,0.0,Train,T810601-2017,S,2020
0.0,0.0,Train,T900303-2015,S,2020
0.0,0.0,Train,T920607-2016,S,2020
0.0,0.0,Train,T950613-2018,S,2020
0.0,0.0,Train,T810105-2018,S,2020
0.0,0.0,Train,T940302-2018,S,2020
0.0,0.0,Train,T802302-2018,S,2020
0.0,0.0,Train,T802003-2018,S,2020
0.0,0.0,Train,T800406-2022,S,2020
0.0,0.0,Train,T900302-2019,S,2020
0.0,0.0,Train,T940201-2018,S,2020
0.0,0.0,Train,T940907-2016,S,2020
0.0,0.0,Train,T901112-2019,S,2020
0.0,0.0,Train,T801901-2018,S,2020
0.0,0.0,Train,T800710-2021,S,2020
0.0,0.0,Train,T801306-2019,S,2020
0.0,0.0,Train,T940917-2019,S,2020
0.0,0.0,Train,T860204-2019,S,2020
0.0,0.0,Train,T930511-2018,S,2020
0.0,0.0,Train,T840603-2022,S,2020
0.0,0.0,Train,T800415-2016,S,2020
0.0,0.0,Train,T940908-2018,S,2020
0.0,0.0,Train,T901102-2016,S,2020
0.0535676023141204,0.0,Val,T801202-2017,S,2020
0.0335384360686496,0.0,Val,T940203-2017,S,2020
0.0,0.0,Val,T802003-2019,S,2020
0.1005277707966825,0.0,Val,T800504-2017,S,2020
0.0,0.0,Val,T940404-2015,S,2020
0.0,0.0,Val,T860301-2017,S,2020
0.0,0.0,Val,T800605-2018,S,2020
0.0,0.0,Val,T900709-2016,S,2020
0.0,0.0,Val,T940311-2016,S,2020
0.0,0.0,Val,T960202-2018,S,2020
0.0,0.0,Val,T841709-2018,S,2020
0.0,0.0,Val,T860205-2022,S,2020
0.0732732578318828,0.0,Val,T941103-2016,S,2020
0.0,0.0,Val,T930502-2015,S,2020
0.019573374302006,0.0,Val,T900803-2022,S,2020
0.0,0.0,Val,T950114-2017,S,2020
0.0,0.0,Val,T941010-2022,S,2020
0.0042970369781517,0.0,Val,T900311-2016,S,2020
0.0,0.0,Val,T900301-2015,S,2020
0.0,0.0,Val,T910504-2017,S,2020
0.0,0.0,Val,T930601-2022,S,2020
0.0,0.0,Val,T930401-2018,S,2020
0.1446975354742345,0.0,Val,T961105-2017,S,2020
0.0,0.0,Val,T900210-2019,S,2020
0.0302495096652062,0.10009,Val,T930114-2016,S,2020
0.0,0.0,Val,T800205-2019,S,2020
0.0,0.0,Val,T961003-2016,S,2020
0.0,0.0,Val,T960304-2022,S,2020
0.0,0.0,Val,T810806-2017,S,2020
0.0,0.0,Val,T940604-2022,S,2020
0.0,0.0,Val,T900706-2015,S,2020
0.0,0.0,Val,T930203-2019,S,2020
0.015084181335066,0.0,Val,T901603-2017,S,2020
0.0398775083328944,0.10009,Val,T930205-2016,S,2020
0.0,0.0,Val,T940214-2022,S,2020
0.0,0.0,Val,T800611-2021,S,2020
0.0,0.0,Val,T901303-2019,S,2020
0.0,0.0,Val,T800905-2016,S,2020
0.0,0.0,Val,T801607-2018,S,2020
0.0,0.0,Val,T950605-2019,S,2020
0.1026694045174538,0.0,Val,T940802-2016,S,2020
0.0,0.0,Val,T900302-2017,S,2020
0.0,0.0,Val,T930201-2018,S,2020
0.0,0.0,Val,T930516-2018,S,2020
0.0,0.0,Val,T900903-2016,S,2020
0.0,0.0,Val,T950115-2018,S,2020
0.97757331799885,0.0,Val,T920209-2017,S,2020
0.5018563849971355,0.0,Val,T900205-2016,S,2020
0.0,0.0,Val,T960305-2022,S,2020
0.0,0.0,Val,T940404-2019,S,2020
0.0,0.0,Val,T940602-2022,S,2020
0.0,0.0,Val,T900803-2015,S,2020
0.0,0.10009,Val,T930703-2016,S,2020
0.9701741772768327,0.90001,Val,T900206-2017,S,2020
0.0,0.0,Val,T930901-2019,S,2020
0.0,0.0,Val,T940710-2022,S,2020
0.0,0.0,Val,T900312-2022,S,2020
0.0,0.0,Val,T920610-2015,S,2020
0.0569354494342039,0.0,Val,T940401-2016,S,2020
0.0,0.0,Val,T850305-2016,S,2020
0.0,0.0,Val,T950611-2017,S,2020
0.0,0.0,Val,T940306-2019,S,2020
0.0,0.0,Val,T940801-2018,S,2020
0.0,0.0,Val,T800612-2018,S,2020
0.0,0.0,Val,T930101-2018,S,2020
0.0140247146638409,0.10009,Val,T901301-2017,S,2020
0.0,0.0,Val,T801402-2016,S,2020
0.0,0.0,Val,T800912-2017,S,2020
0.0,0.0,Val,T900311-2015,S,2020
0.0,0.0,Val,T940503-2015,S,2020
0.0,0.0,Val,T900313-2016,S,2020
0.0700884883909725,0.10009,Val,T900210-2016,S,2020
0.073820337502982,0.0,Val,T901112-2022,S,2020
0.0,0.0,Val,T800404-2019,S,2020
0.1976860073578568,0.0,Val,T940109-2022,S,2020
0.0,0.0,Val,T910505-2016,S,2020
0.0,0.0,Val,T920308-2017,S,2020
0.0,0.0,Val,T800113-2022,S,2020
0.0,0.0,Val,T900208-2019,S,2020
0.0,0.0,Val,T800705-2019,S,2020
0.0,0.0,Val,T940205-2018,S,2020
0.0,0.0,Val,T810303-2018,S,2020
0.332989544995262,0.0,Val,T900711-2016,S,2020
0.0,0.0,Val,T910502-2019,S,2020
0.0,0.0,Val,T910112-2021,S,2020
0.0,0.0,Val,T930205-2015,S,2020
0.0272397094430992,0.0,Val,T941011-2016,S,2020
0.2949534404910964,0.0,Val,T900802-2016,S,2020
0.0,0.0,Val,T930106-2022,S,2020
0.0,0.0,Val,T900312-2015,S,2020
0.0,0.0,Val,T940910-2016,S,2020
0.0,0.0,Val,T800807-2018,S,2020
0.0,0.0,Val,T960404-2017,S,2020
0.0,0.0,Val,T950111-2019,S,2020
0.0,0.0,Val,T800601-2019,S,2020
0.0,0.0,Val,T950802-2016,S,2020
0.9221179543644902,0.0,Val,T900205-2017,S,2020
0.1168831168831168,0.30006999999999995,Val,T930801-2016,S,2020
0.0,0.0,Val,T940704-2018,S,2020
0.0,0.0,Val,T800113-2015,S,2020
0.0,0.0,Val,T901114-2022,S,2020
0.0,0.0,Val,T800501-2015,S,2020
0.0,0.10009,Val,T900310-2017,S,2020
0.0,0.0,Val,T800803-2015,S,2020
0.0,0.0,Val,T950605-2017,S,2020
0.0,0.0,Val,T841505-2021,S,2020
0.0,0.0,Val,T910105-2019,S,2020
0.0,0.0,Val,T960606-2019,S,2020
0.0,0.0,Val,T860206-2016,S,2020
0.0,0.0,Val,T940803-2022,S,2020
0.0,0.0,Val,T860108-2021,S,2020
0.0,0.0,Val,T800912-2019,S,2020
0.0,0.0,Val,T930110-2019,S,2020
0.059576661988371,0.10009,Val,T930301-2016,S,2020
0.0,0.0,Val,T801203-2022,S,2020
0.0,0.0,Val,T940915-2018,S,2020
0.0,0.0,Val,T960201-2022,S,2020
0.0,0.10009,Val,T900701-2017,S,2020
0.0,0.0,Val,T810118-2015,S,2020
0.0,0.10009,Val,T901504-2017,S,2020
0.0,0.0,Val,T810302-2017,S,2020
0.1034329901984928,0.10009,Val,T802003-2016,S,2020
0.0,0.0,Val,T940307-2019,S,2020
0.0,0.0,Val,T930104-2019,S,2020
0.0,0.0,Val,T800703-2018,S,2020
0.528,0.0,Val,T960802-2016,S,2020
0.0,0.0,Val,T901508-2015,S,2020
0.0,0.0,Val,T900104-2015,S,2020
0.0,0.10009,Val,T900314-2016,S,2020
0.0201343510332582,0.0,Val,T900403-2017,S,2020
0.0,0.0,Val,T901302-2022,S,2020
0.0,0.0,Val,T901108-2015,S,2020
0.0,0.0,Val,T920602-2016,S,2020
0.0,0.0,Val,T930513-2015,S,2020
0.0,0.0,Val,T930114-2015,S,2020
0.4096933471933472,0.0,Val,T801603-2016,S,2020
0.0,0.0,Val,T920120-2015,S,2020
0.0,0.0,Val,T801606-2018,S,2020
0.0,0.0,Val,T941012-2017,S,2020
0.0,0.0,Val,T900505-2019,S,2020
0.0,0.0,Val,T800807-2022,S,2020
0.3010031135872529,0.0,Val,T960205-2016,S,2020
0.0,0.0,Val,T930802-2019,S,2020
0.0,0.0,Val,T960510-2019,S,2020
0.0,0.0,Val,T801904-2022,S,2020
0.0027824151363383,0.0,Val,T940408-2022,S,2020
0.0,0.0,Val,T940707-2018,S,2020
0.0,0.0,Val,T830305-2017,S,2020
0.0,0.0,Val,T950502-2015,S,2020
0.0696055684454756,0.10009,Val,T940408-2017,S,2020
0.0,0.0,Val,T900104-2018,S,2020
0.0,0.0,Val,T930103-2018,S,2020
0.0,0.0,Val,T920303-2021,S,2020
0.0,0.0,Val,T940211-2018,S,2020
0.4231283948673541,0.0,Val,T900710-2017,S,2020
0.0,0.0,Val,T900709-2019,S,2020
0.0,0.0,Val,T940711-2022,S,2020
0.0,0.0,Val,T960609-2022,S,2020
0.0,0.0,Val,T960406-2018,S,2020
0.8877882944521518,0.0,Val,T900706-2017,S,2020
0.0,0.0,Val,T930506-2015,S,2020
0.0,0.0,Val,T931001-2022,S,2020
0.0,0.0,Val,T800203-2017,S,2020
0.0,0.0,Val,T900607-2018,S,2020
0.0717141863699582,0.0,Val,T950116-2016,S,2020
0.0,0.0,Val,T820201-2019,S,2020
0.0,0.0,Val,T950615-2015,S,2020
0.0,0.0,Val,T860206-2022,S,2020
0.0,0.0,Val,T960510-2016,S,2020
0.0,0.0,Val,T940501-2019,S,2020
0.0,0.0,Val,T940905-2018,S,2020
0.0,0.10009,Val,T800404-2016,S,2020
0.0,0.0,Val,T800907-2017,S,2020
0.0,0.0,Val,T860111-2016,S,2020
0.0,0.0,Val,T941001-2016,S,2020
0.0,0.0,Val,T920115-2019,S,2020
0.0,0.0,Val,T950603-2016,S,2020
0.0,0.0,Val,T941008-2018,S,2020
0.0,0.0,Val,T801605-2019,S,2020
0.0142470437384242,0.10009,Val,T950615-2016,S,2020
0.0,0.0,Val,T960201-2016,S,2020
0.0,0.0,Val,T940914-2018,S,2020
0.0,0.0,Val,T940107-2016,S,2020
0.3469442220443021,0.10009,Val,T940703-2017,S,2020
0.0,0.0,Val,T802004-2019,S,2020
0.727832127490806,0.90001,Val,T900201-2017,S,2020
0.0,0.0,Val,T940112-2016,S,2020
0.0,0.0,Val,T940917-2015,S,2020
0.1157360925012504,0.10009,Val,T801206-2016,S,2020
0.0,0.0,Val,T900206-2019,S,2020
0.0,0.0,Val,T960204-2015,S,2020
0.2796420581655481,0.0,Val,T960204-2016,S,2020
0.0565964090554254,0.0,Val,T930402-2022,S,2020
0.0,0.0,Val,T941003-2019,S,2020
0.0200809933398038,0.10009,Val,T901102-2017,S,2020
0.0,0.10009,Val,T900103-2016,S,2020
0.0,0.0,Val,T910301-2022,S,2020
0.0,0.0,Val,T800601-2017,S,2020
0.0,0.0,Val,T920620-2015,S,2020
0.0,0.0,Val,T800122-2019,S,2020
0.0,0.0,Val,T920308-2015,S,2020
0.0,0.0,Val,T930508-2019,S,2020
0.0,0.0,Val,T940511-2022,S,2020
0.0,0.0,Val,T940407-2018,S,2020
0.0,0.0,Val,T920701-2015,S,2020
0.0,0.0,Val,T801204-2019,S,2020
0.0,0.0,Val,T960102-2017,S,2020
0.0363919412067972,0.10009,Val,T801904-2017,S,2020
0.0,0.0,Val,T920606-2015,S,2020
0.0,0.0,Val,T900604-2015,S,2020
0.0,0.0,Val,T960202-2022,S,2020
0.0,0.0,Val,T900603-2019,S,2020
0.0090939404043772,0.0,Val,T900603-2022,S,2020
0.0,0.0,Val,T960306-2017,S,2020
0.0,0.0,Val,T900701-2022,S,2020
0.0,0.0,Val,T960801-2017,S,2020
0.0,0.0,Val,T901504-2015,S,2020
0.0,0.0,Val,T960205-2018,S,2020
0.0496787441213486,0.10009,Val,T940406-2016,S,2020
0.0,0.0,Val,T900202-2015,S,2020
0.0,0.0,Val,T910301-2019,S,2020
0.0,0.0,Val,T841005-2017,S,2020
0.0,0.0,Val,T800405-2021,S,2020
0.0,0.0,Val,T900604-2017,S,2020
0.0,0.0,Val,T961103-2017,S,2020
0.0,0.0,Val,T800702-2015,S,2020
0.1208563535911602,0.10009,Val,T950605-2016,S,2020
0.0,0.0,Val,T960302-2019,S,2020
0.0,0.0,Val,T961105-2016,S,2020
0.4038121723009182,0.10009,Val,T801906-2016,S,2020
0.0,0.0,Val,T950804-2018,S,2020
0.0,0.0,Val,T800708-2022,S,2020
0.0,0.0,Val,T920505-2021,S,2020
0.0,0.0,Val,T960205-2015,S,2020
0.0,0.0,Val,T940215-2022,S,2020
0.0,0.0,Val,T940109-2016,S,2020
0.0,0.0,Val,T800810-2017,S,2020
0.0,0.0,Val,T930402-2015,S,2020
0.002913625569978,0.0,Val,T940402-2022,S,2020
0.0,0.0,Val,T800121-2018,S,2020
0.0,0.0,Val,T800121-2015,S,2020
0.0,0.0,Val,T931004-2018,S,2020
0.0,0.10009,Val,T800709-2017,S,2020
0.0,0.0,Val,T930204-2019,S,2020
0.0,0.0,Val,T900309-2015,S,2020
0.0,0.0,Val,T940801-2015,S,2020
0.0,0.0,Val,T801703-2019,S,2020
0.0,0.0,Val,T960205-2019,S,2020
0.0074063711250277,0.10009,Val,T901503-2017,S,2020
0.0,0.0,Val,T801216-2015,S,2020
0.0,0.0,Val,T941006-2017,S,2020
0.0,0.10009,Val,T940215-2017,S,2020
0.0,0.0,Val,T940507-2022,S,2020
0.0,0.0,Val,T860208-2018,S,2020
0.0,0.0,Val,T920502-2016,S,2020
0.0,0.0,Val,T800202-2018,S,2020
0.0,0.0,Val,T900503-2018,S,2020
0.0,0.0,Val,T920605-2021,S,2020
0.0,0.0,Val,T910201-2022,S,2020
0.0,0.0,Val,T931103-2019,S,2020
0.0271952841907197,0.10009,Val,T901404-2017,S,2020
0.0,0.0,Val,T920501-2021,S,2020
0.0,0.0,Val,T900704-2015,S,2020
0.0,0.0,Val,T941101-2022,S,2020
0.0,0.0,Val,T800505-2018,S,2020
0.0,0.0,Val,T940509-2019,S,2020
0.0,0.0,Val,T920120-2021,S,2020
0.0,0.0,Val,T941008-2017,S,2020
0.0,0.0,Val,T800108-2017,S,2020
0.0,0.0,Val,T920805-2017,S,2020
0.0,0.0,Val,T801215-2015,S,2020
0.0,0.0,Val,T940504-2019,S,2020
0.0438489018429435,0.10009,Val,T930901-2016,S,2020
0.0,0.0,Val,T960604-2016,S,2020
0.0,0.0,Val,T930108-2019,S,2020
0.0,0.0,Val,T930605-2016,S,2020
0.0,0.0,Val,T950606-2016,S,2020
0.0,0.0,Val,T920616-2022,S,2020
0.0,0.0,Val,T801607-2022,S,2020
0.0,0.0,Val,T940913-2016,S,2020
0.0487149184927243,0.10009,Val,T930513-2016,S,2020
0.0,0.0,Val,T941203-2018,S,2020
0.0,0.0,Val,T800501-2022,S,2020
0.0,0.0,Val,T800603-2018,S,2020
0.0,0.0,Val,T940201-2016,S,2020
0.0,0.0,Val,T960206-2015,S,2020
0.0,0.0,Val,T900712-2017,S,2020
0.22412551028576,0.0,Val,T860201-2017,S,2020
0.0,0.0,Val,T940513-2018,S,2020
0.0,0.0,Val,T900604-2019,S,2020
0.0,0.0,Val,T901505-2019,S,2020
0.453242749486184,0.0,Val,T801604-2016,S,2020
0.0656615190252173,0.0,Val,T930402-2016,S,2020
0.0,0.0,Val,T940306-2015,S,2020
0.0,0.0,Val,T930202-2015,S,2020
0.0,0.0,Val,T940202-2018,S,2020
0.9803921568627452,0.0,Val,T940902-2017,S,2020
0.2127840552374446,0.0,Val,T801609-2016,S,2020
0.0,0.0,Val,T940104-2018,S,2020
0.0252632908594255,0.0,Val,T800604-2017,S,2020
0.0,0.0,Val,T910401-2015,S,2020
0.6191079217672717,0.10009,Val,T930101-2017,S,2020
0.125,0.0,Val,T960103-2016,S,2020
0.0,0.0,Val,T920307-2017,S,2020
0.0,0.0,Val,T841711-2019,S,2020
0.0,0.0,Val,T901510-2022,S,2020
0.0,0.0,Val,T940508-2022,S,2020
0.0,0.0,Val,T940905-2019,S,2020
0.0,0.0,Val,T960406-2017,S,2020
0.0,0.0,Val,T960601-2016,S,2020
0.0,0.0,Val,T940909-2016,S,2020
0.0,0.0,Val,T800114-2022,S,2020
0.0,0.0,Val,T950601-2018,S,2020
0.0,0.0,Val,T960103-2018,S,2020
0.0,0.0,Val,T801607-2019,S,2020
0.0,0.0,Val,T900310-2022,S,2020
0.0,0.0,Val,T801216-2018,S,2020
0.0,0.0,Val,T860205-2016,S,2020
0.0176118137617498,0.10009,Val,T930110-2017,S,2020
0.0,0.0,Val,T940710-2018,S,2020
0.0,0.0,Val,T960509-2022,S,2020
0.0,0.0,Val,T840605-2018,S,2020
0.0,0.0,Val,T801601-2018,S,2020
0.0,0.0,Val,T960304-2015,S,2020
0.0,0.0,Val,T840903-2021,S,2020
0.0,0.10009,Val,T960301-2016,S,2020
0.0,0.0,Val,T841004-2021,S,2020
0.0,0.0,Val,T930802-2018,S,2020
0.0,0.0,Val,T940104-2016,S,2020
0.0,0.0,Val,T800601-2018,S,2020
0.1559874712190669,0.0,Val,T801207-2016,S,2020
0.0,0.0,Val,T860301-2022,S,2020
0.0,0.0,Val,T800612-2015,S,2020
0.0,0.0,Val,T940111-2022,S,2020
0.0,0.0,Val,T840807-2016,S,2020
0.4134003630957947,0.10009,Val,T800121-2016,S,2020
0.0,0.0,Val,T950615-2022,S,2020
0.0,0.0,Val,T901108-2022,S,2020
0.0,0.0,Val,T940406-2019,S,2020
0.0,0.0,Val,T820803-2016,S,2020
0.0,0.0,Val,T950102-2022,S,2020
0.0,0.0,Val,T900609-2018,S,2020
0.0,0.0,Val,T860201-2022,S,2020
0.0,0.0,Val,T940305-2019,S,2020
0.0,0.0,Val,T801501-2022,S,2020
0.4350676440789081,0.10009,Val,T800613-2016,S,2020
0.0,0.0,Val,T950606-2019,S,2020
0.0,0.0,Val,T961105-2018,S,2020
0.0,0.0,Val,T920413-2019,S,2020
0.0174979739188094,0.0,Val,T940604-2016,S,2020
0.7755102040816326,0.0,Val,T960105-2016,S,2020
0.0,0.0,Val,T960507-2019,S,2020
0.0,0.0,Val,T900702-2019,S,2020
0.0,0.0,Val,T840601-2018,S,2020
0.0,0.0,Val,T800405-2017,S,2020
0.0,0.0,Val,T920105-2017,S,2020
0.0,0.0,Val,T931101-2022,S,2020
0.0,0.0,Val,T800114-2015,S,2020
0.0,0.0,Val,T940206-2017,S,2020
0.0,0.0,Val,T940311-2018,S,2020
0.0,0.0,Val,T800803-2018,S,2020
0.0,0.0,Val,T800711-2022,S,2020
0.0,0.0,Val,T940215-2018,S,2020
0.0,0.0,Val,T931103-2016,S,2020
0.0,0.0,Val,T840801-2022,S,2020
0.0,0.0,Val,T930107-2019,S,2020
0.0082625904553753,0.0,Val,T800606-2016,S,2020
0.0,0.0,Val,T900405-2019,S,2020
0.1274968125796855,0.0,Val,T940803-2017,S,2020
0.0,0.0,Val,T800108-2018,S,2020
0.4496846560343341,0.0,Val,T900202-2016,S,2020
0.5470653939886271,0.10009,Val,T800706-2016,S,2020
0.0,0.0,Val,T860206-2017,S,2020
0.0,0.0,Val,T950603-2022,S,2020
0.0,0.0,Val,T901202-2015,S,2020
0.0,0.0,Val,T801606-2022,S,2020
0.0,0.0,Val,T920701-2018,S,2020
0.0,0.0,Val,T940302-2022,S,2020
0.0,0.0,Val,T920307-2018,S,2020
0.0,0.0,Val,T860302-2019,S,2020
0.0,0.0,Val,T960208-2022,S,2020
0.0,0.0,Val,T901401-2016,S,2020
0.0,0.0,Val,T840807-2018,S,2020
0.0,0.0,Val,T940310-2018,S,2020
0.2979274611398964,0.10009,Val,T940401-2017,S,2020
0.0459764344601022,0.10009,Val,T900903-2017,S,2020
0.0,0.0,Val,T941002-2022,S,2020
0.0,0.0,Val,T940301-2015,S,2020
0.0,0.0,Val,T801213-2019,S,2020
0.0331191627475657,0.10009,Val,T940706-2016,S,2020
0.0,0.0,Val,T960303-2017,S,2020
0.0317011314865392,0.0,Val,T860204-2016,S,2020
0.0,0.0,Val,T950611-2019,S,2020
0.0,0.0,Val,T801610-2021,S,2020
0.0,0.0,Val,T800203-2022,S,2020
0.1913646692979308,0.0,Val,T800501-2016,S,2020
0.0,0.0,Val,T900105-2019,S,2020
0.0,0.0,Val,T940802-2019,S,2020
0.0,0.0,Val,T800121-2021,S,2020
0.0,0.0,Val,T810118-2017,S,2020
0.0,0.0,Val,T901402-2018,S,2020
0.0238115923841517,0.10009,Val,T930107-2016,S,2020
0.0,0.0,Val,T930107-2015,S,2020
0.0,0.0,Val,T920502-2022,S,2020
0.8468976770642412,0.0,Val,T801607-2016,S,2020
0.0185133759140979,0.0,Val,T801207-2017,S,2020
0.0,0.0,Val,T930113-2018,S,2020
0.0,0.0,Val,T800116-2019,S,2020
0.0,0.0,Val,T800501-2018,S,2020
0.3649174377803146,0.0,Val,T800106-2017,S,2020
0.0,0.0,Val,T920621-2022,S,2020
0.0041114617274306,0.0,Val,T941103-2022,S,2020
0.0,0.0,Val,T960806-2017,S,2020
0.142370911505894,0.0,Val,T800107-2016,S,2020
0.0242023314912669,0.0,Val,T900305-2016,S,2020
0.0,0.0,Val,T940405-2019,S,2020
0.0,0.0,Val,T900504-2022,S,2020
0.0,0.0,Val,T930104-2018,S,2020
0.0713436385255648,0.0,Val,T941102-2022,S,2020
0.0,0.0,Val,T960607-2022,S,2020
0.0,0.0,Val,T800409-2021,S,2020
0.0,0.0,Val,T900712-2021,S,2020
0.0,0.0,Val,T841709-2022,S,2020
0.0,0.0,Val,T900313-2015,S,2020
0.0,0.0,Val,T801502-2016,S,2020
0.0601121160862818,0.10009,Val,T940404-2017,S,2020
0.0,0.0,Val,T960207-2019,S,2020
0.0,0.0,Val,T940409-2018,S,2020
0.0,0.0,Val,T800701-2019,S,2020
0.0,0.0,Val,T960404-2015,S,2020
0.0308094876340001,0.0,Val,T910503-2022,S,2020
0.0,0.0,Val,T901304-2022,S,2020
0.0,0.0,Val,T930508-2015,S,2020
0.0,0.0,Val,T800813-2018,S,2020
0.0,0.0,Val,T950604-2019,S,2020
0.0,0.0,Val,T800403-2016,S,2020
0.0,0.0,Val,T960202-2015,S,2020
0.0,0.0,Val,T841105-2022,S,2020
0.0036854878388115,0.10009,Val,T901507-2016,S,2020
0.0,0.0,Val,T950104-2022,S,2020
0.0,0.0,Val,T840903-2019,S,2020
0.0,0.0,Val,T800116-2022,S,2020
0.0,0.0,Val,T800406-2019,S,2020
0.2075553165218576,0.0,Val,T940409-2017,S,2020
0.102657309705323,0.0,Val,T910503-2017,S,2020
0.0,0.0,Val,T900507-2022,S,2020
0.0,0.0,Val,T940506-2022,S,2020
0.0,0.0,Val,T940513-2019,S,2020
0.0544672539113122,0.0,Val,T920108-2016,S,2020
0.0,0.0,Val,T800505-2017,S,2020
0.0,0.0,Val,T930607-2018,S,2020
0.0,0.0,Val,T900804-2019,S,2020
0.0,0.10009,Val,T940214-2017,S,2020
0.0,0.0,Val,T910104-2019,S,2020
0.0,0.0,Val,T920606-2019,S,2020
0.0,0.0,Val,T841502-2022,S,2020
0.0,0.0,Val,T960501-2019,S,2020
0.0,0.0,Val,T940708-2018,S,2020
0.0,0.0,Val,T910201-2017,S,2020
0.0,0.0,Val,T940405-2015,S,2020
0.3416078342063311,0.0,Val,T920208-2016,S,2020
0.0019176374706361,0.0,Val,T901102-2022,S,2020
0.0,0.0,Val,T920208-2017,S,2020
0.0,0.0,Val,T960510-2015,S,2020
0.0,0.0,Val,T810302-2022,S,2020
0.0,0.0,Val,T900314-2018,S,2020
0.0,0.0,Val,T960306-2022,S,2020
0.0,0.0,Val,T940402-2018,S,2020
0.0,0.0,Val,T800106-2015,S,2020
0.0,0.0,Val,T920901-2016,S,2020
0.387138719782493,0.0,Val,T940906-2017,S,2020
0.0,0.0,Val,T960404-2016,S,2020
0.0,0.0,Val,T860205-2018,S,2020
0.0,0.0,Val,T940916-2018,S,2020
0.0,0.0,Val,T950104-2019,S,2020
0.2346858950375837,0.0,Val,T900307-2017,S,2020
0.0,0.0,Val,T900103-2015,S,2020
0.2315112540192926,0.0,Val,T900504-2017,S,2020
0.0,0.0,Val,T960306-2018,S,2020
0.0,0.0,Val,T950507-2015,S,2020
0.0083933105315063,0.10009,Val,T901501-2016,S,2020
0.0,0.0,Val,T820201-2016,S,2020
0.0,0.0,Val,T940204-2018,S,2020
0.0,0.0,Val,T800205-2021,S,2020
0.0,0.0,Val,T930115-2022,S,2020
0.0,0.0,Val,T910505-2022,S,2020
0.0,0.0,Val,T900307-2016,S,2020
0.0,0.0,Val,T860204-2017,S,2020
0.0,0.0,Val,T800304-2017,S,2020
0.0,0.0,Val,T920806-2018,S,2020
0.5515166708448233,0.10009,Val,T800711-2016,S,2020
0.0063212124085399,0.0,Val,T920118-2017,S,2020
0.0,0.0,Val,T920607-2018,S,2020
0.0,0.0,Val,T920108-2019,S,2020
0.5842455362352666,0.0,Val,T900204-2016,S,2020
0.0,0.0,Val,T900501-2018,S,2020
0.0,0.10009,Val,T940703-2016,S,2020
0.0,0.0,Val,T961303-2022,S,2020
0.0,0.0,Val,T930505-2015,S,2020
0.0,0.0,Val,T900507-2015,S,2020
0.0,0.0,Val,T800705-2022,S,2020
0.0116242898541233,0.10009,Val,T930108-2017,S,2020
0.0,0.0,Val,T940914-2015,S,2020
0.0,0.0,Val,T900504-2019,S,2020
0.0828560396421906,0.0,Val,T940409-2016,S,2020
0.0,0.0,Val,T940903-2022,S,2020
0.0,0.0,Val,T930108-2015,S,2020
0.3225806451612903,0.0,Val,T800701-2016,S,2020
0.0,0.0,Val,T940915-2019,S,2020
0.0,0.0,Val,T800611-2019,S,2020
0.0,0.0,Val,T941201-2019,S,2020
0.0,0.0,Val,T960805-2015,S,2020
0.0,0.0,Val,T860110-2019,S,2020
0.0,0.0,Val,T900314-2019,S,2020
0.0,0.0,Val,T940504-2022,S,2020
0.0,0.10009,Val,T800202-2017,S,2020
0.0,0.0,Val,T800907-2022,S,2020
0.0,0.0,Val,T940205-2022,S,2020
0.0,0.0,Val,T801904-2018,S,2020
0.0,0.0,Val,T800709-2022,S,2020
0.0,0.0,Val,T961003-2015,S,2020
0.0,0.0,Val,T940303-2017,S,2020
0.1250987621806689,0.0,Val,T910503-2015,S,2020
0.0,0.0,Val,T950103-2017,S,2020
0.0,0.0,Val,T900310-2016,S,2020
0.0,0.0,Val,T801903-2022,S,2020
0.0840940026208273,0.0,Val,T801609-2017,S,2020
0.0,0.0,Val,T941012-2016,S,2020
0.0,0.0,Val,T920411-2019,S,2020
0.0,0.0,Val,T910302-2019,S,2020
0.0,0.0,Val,T900604-2018,S,2020
0.0,0.0,Val,T900305-2019,S,2020
0.0,0.0,Val,T901603-2016,S,2020
0.0,0.0,Val,T941005-2018,S,2020
0.0103404952752553,0.10009,Val,T801306-2017,S,2020
0.0,0.0,Val,T900607-2016,S,2020
0.0,0.0,Val,T800611-2018,S,2020
0.0,0.0,Val,T960301-2017,S,2020
0.0,0.0,Val,T801603-2021,S,2020
0.2001349921753743,0.0,Val,T930602-2016,S,2020
0.0,0.0,Val,T920901-2019,S,2020
0.0,0.0,Val,T960601-2015,S,2020
0.0,0.0,Val,T960207-2018,S,2020
0.0,0.0,Val,T950609-2018,S,2020
0.0,0.0,Val,T930111-2018,S,2020
0.0,0.0,Val,T841106-2016,S,2020
0.0,0.0,Val,T841204-2016,S,2020
0.0,0.0,Val,T800613-2019,S,2020
0.0043021392387364,0.10009,Val,T930202-2016,S,2020
0.0,0.0,Val,T940402-2019,S,2020
0.0,0.0,Val,T800807-2017,S,2020
0.9208103130755064,0.0,Val,T920120-2017,S,2020
0.0,0.0,Val,T901601-2016,S,2020
0.0,0.0,Val,T910111-2015,S,2020
0.0,0.0,Val,T940804-2018,S,2020
0.0,0.0,Val,T930104-2015,S,2020
0.0,0.0,Val,T840603-2017,S,2020
0.0,0.0,Val,T900802-2018,S,2020
0.0,0.0,Val,T940408-2018,S,2020
0.0,0.0,Val,T800122-2015,S,2020
0.0388566432717293,0.0,Val,T960509-2016,S,2020
0.0,0.0,Val,T801906-2022,S,2020
0.0,0.0,Val,T930101-2022,S,2020
0.0059867095048991,0.0,Val,T931001-2017,S,2020
0.0178910572238584,0.0,Val,T800612-2022,S,2020
0.0,0.0,Val,T940113-2015,S,2020
0.0506186726659167,0.0,Val,T960204-2017,S,2020
0.0,0.0,Val,T960602-2022,S,2020
0.0,0.0,Val,T910303-2016,S,2020
0.0,0.0,Val,T940513-2016,S,2020
0.0,0.0,Val,T802004-2022,S,2020
0.0292472813322579,0.0,Val,T940503-2016,S,2020
0.0,0.0,Val,T920621-2016,S,2020
0.0,0.0,Val,T930401-2016,S,2020
0.0,0.0,Val,T920804-2015,S,2020
0.0,0.0,Val,T801210-2015,S,2020
0.0,0.0,Val,T860114-2018,S,2020
0.0,0.10009,Val,T940503-2017,S,2020
0.0,0.0,Val,T920104-2015,S,2020
0.0,0.0,Val,T940301-2018,S,2020
0.0,0.0,Val,T800502-2019,S,2020
0.0,0.0,Val,T920610-2022,S,2020
0.0,0.0,Val,T801205-2019,S,2020
0.0,0.0,Val,T900909-2022,S,2020
0.0,0.0,Val,T920411-2017,S,2020
0.0,0.0,Val,T900210-2015,S,2020
0.0,0.10009,Val,T940208-2017,S,2020
0.0,0.0,Val,T801217-2018,S,2020
0.0,0.0,Val,T910404-2016,S,2020
0.0,0.0,Val,T860204-2018,S,2020
0.0,0.0,Val,T801608-2018,S,2020
0.0,0.0,Val,T901007-2017,S,2020
0.2791155866900175,0.0,Val,T960207-2017,S,2020
0.0,0.0,Val,T941005-2022,S,2020
0.0,0.0,Val,T960606-2017,S,2020
0.0,0.0,Val,T940910-2018,S,2020
0.0,0.0,Val,T940505-2019,S,2020
0.2835722332284504,0.0,Val,T900207-2016,S,2020
0.0,0.0,Val,T930113-2021,S,2020
0.0,0.0,Val,T910504-2016,S,2020
0.0,0.0,Val,T910502-2018,S,2020
0.0,0.0,Val,T900601-2022,S,2020
0.0,0.0,Val,T901202-2016,S,2020
0.2058220165132326,0.0,Val,T900211-2016,S,2020
0.0,0.0,Val,T920620-2018,S,2020
0.0,0.0,Val,T950608-2018,S,2020
0.0,0.0,Val,T810601-2018,S,2020
0.0,0.0,Val,T900312-2019,S,2020
0.0,0.0,Val,T940910-2019,S,2020
0.0,0.0,Val,T950112-2022,S,2020
0.0,0.0,Val,T841713-2022,S,2020
0.0,0.0,Val,T950118-2018,S,2020
0.0,0.0,Val,T960104-2022,S,2020
0.0,0.0,Val,T931103-2022,S,2020
0.0,0.0,Val,T910112-2019,S,2020
0.295723423525416,0.10009,Val,T900209-2017,S,2020
0.0,0.0,Val,T840606-2022,S,2020
0.0,0.0,Val,T960204-2019,S,2020
0.0,0.0,Val,T961301-2019,S,2020
0.0,0.0,Val,T801403-2016,S,2020
0.0,0.0,Val,T910403-2018,S,2020
0.0,0.0,Val,T960401-2017,S,2020
0.0,0.0,Val,T841402-2021,S,2020
0.0,0.0,Val,T900311-2019,S,2020
0.0,0.0,Val,T800121-2022,S,2020
0.0,0.0,Val,T801603-2019,S,2020
0.0,0.0,Val,T910503-2016,S,2020
0.0,0.0,Val,T801103-2019,S,2020
0.0,0.10009,Val,T901402-2017,S,2020
0.0,0.0,Val,T940509-2018,S,2020
0.0,0.0,Val,T900501-2019,S,2020
0.0,0.0,Val,T860205-2019,S,2020
0.0,0.0,Val,T910202-2019,S,2020
0.0,0.0,Val,T960802-2018,S,2020
0.0,0.0,Test,T800119-2020,S,2020
0.0,0.0,Test,T800122-2020,S,2020
0.0,0.0,Test,T800106-2020,S,2020
0.0,0.0,Test,T800107-2020,S,2020
0.0,0.0,Test,T801210-2020,S,2020
0.0,0.0,Test,T801211-2020,S,2020
0.0,0.0,Test,T801213-2020,S,2020
0.0,0.0,Test,T801202-2020,S,2020
0.0,0.0,Test,T801203-2020,S,2020
0.0,0.0,Test,T801204-2020,S,2020
0.0,0.0,Test,T801205-2020,S,2020
0.0,0.0,Test,T801206-2020,S,2020
0.0,0.0,Test,T801207-2020,S,2020
0.0,0.0,Test,T801208-2020,S,2020
0.0069252077562326,0.0,Test,T801601-2020,S,2020
0.019020446980504,0.0,Test,T801610-2020,S,2020
0.1852678571428571,0.0,Test,T801603-2020,S,2020
0.0294599018003273,0.0,Test,T801604-2020,S,2020
0.0478426112228929,0.0,Test,T801605-2020,S,2020
0.0,0.0,Test,T801608-2020,S,2020
0.0041439065737427,0.0,Test,T801609-2020,S,2020
0.0,0.0,Test,T801703-2020,S,2020
0.0,0.0,Test,T802301-2020,S,2020
0.0,0.0,Test,T802302-2020,S,2020
0.0,0.0,Test,T802303-2020,S,2020
0.0,0.0,Test,T800601-2020,S,2020
0.0,0.0,Test,T800610-2020,S,2020
0.0,0.0,Test,T800611-2020,S,2020
0.0,0.0,Test,T800613-2020,S,2020
0.0,0.0,Test,T800603-2020,S,2020
0.1870173745173745,0.0,Test,T800604-2020,S,2020
0.0,0.0,Test,T800605-2020,S,2020
0.0,0.0,Test,T800606-2020,S,2020
0.0,0.0,Test,T800607-2020,S,2020
0.0,0.0,Test,T800708-2020,S,2020
0.0,0.0,Test,T800813-2020,S,2020
0.0,0.0,Test,T800912-2020,S,2020
0.0,0.0,Test,T800903-2020,S,2020
0.0,0.0,Test,T800907-2020,S,2020
0.0,0.0,Test,T810601-2020,S,2020
0.0,0.0,Test,T830305-2020,S,2020
0.0,0.0,Test,T841101-2020,S,2020
0.0,0.0,Test,T841102-2020,S,2020
0.0,0.0,Test,T841105-2020,S,2020
0.0,0.0,Test,T841210-2020,S,2020
0.0,0.0,Test,T841208-2020,S,2020
0.0,0.0,Test,T841209-2020,S,2020
0.0,0.0,Test,T841304-2020,S,2020
0.0,0.0,Test,T841401-2020,S,2020
0.0,0.0,Test,T841402-2020,S,2020
0.0,0.0,Test,T841403-2020,S,2020
0.0,0.0,Test,T841404-2020,S,2020
0.0,0.0,Test,T841405-2020,S,2020
0.0,0.0,Test,T841502-2020,S,2020
0.0,0.0,Test,T841503-2020,S,2020
0.0,0.0,Test,T841601-2020,S,2020
0.0,0.0,Test,T841605-2020,S,2020
0.0,0.0,Test,T841606-2020,S,2020
0.0,0.0,Test,T841607-2020,S,2020
0.0,0.0,Test,T841710-2020,S,2020
0.0,0.0,Test,T841713-2020,S,2020
0.0,0.0,Test,T841716-2020,S,2020
0.0,0.0,Test,T841704-2020,S,2020
0.0,0.0,Test,T841709-2020,S,2020
0.0,0.0,Test,T841804-2020,S,2020
0.0,0.0,Test,T840205-2020,S,2020
0.0,0.0,Test,T840208-2020,S,2020
0.0,0.0,Test,T840603-2020,S,2020
0.0,0.0,Test,T840604-2020,S,2020
0.0,0.0,Test,T840605-2020,S,2020
0.0,0.0,Test,T840606-2020,S,2020
0.0,0.0,Test,T840608-2020,S,2020
0.0,0.0,Test,T840807-2020,S,2020
0.0,0.0,Test,T840903-2020,S,2020
0.0535714285714285,0.0,Test,T900701-2020,S,2020
0.74,0.0,Test,T900710-2020,S,2020
0.0,0.0,Test,T900711-2020,S,2020
0.0064500732083309,0.0,Test,T900712-2020,S,2020
0.0020693222969477,0.0,Test,T900702-2020,S,2020
0.0166597251145356,0.0,Test,T900703-2020,S,2020
0.0,0.0,Test,T900704-2020,S,2020
0.0,0.0,Test,T900705-2020,S,2020
0.3094770393980949,0.0,Test,T900708-2020,S,2020
1.0,0.0,Test,T900709-2020,S,2020
0.0,0.0,Test,T900802-2020,S,2020
0.0,0.0,Test,T900904-2020,S,2020
0.0,0.0,Test,T910111-2020,S,2020
0.0,0.0,Test,T920901-2020,S,2020
0.0,0.0,Test,T920902-2020,S,2020
0.0,0.0,Test,T930101-2020,S,2020
0.0,0.0,Test,T930110-2020,S,2020
0.0179295547792722,0.0,Test,T930113-2020,S,2020
0.0,0.0,Test,T930115-2020,S,2020
0.0,0.0,Test,T930103-2020,S,2020
0.0,0.0,Test,T930104-2020,S,2020
0.0,0.0,Test,T930105-2020,S,2020
0.0,0.0,Test,T930106-2020,S,2020
0.0,0.0,Test,T930107-2020,S,2020
0.0,0.0,Test,T930108-2020,S,2020
0.0077945512189703,0.0,Test,T930109-2020,S,2020
0.0,0.0,Test,T931001-2020,S,2020
0.0,0.0,Test,T931004-2020,S,2020
0.0,0.0,Test,T930301-2020,S,2020
0.0,0.0,Test,T930302-2020,S,2020
0.0194460649498569,0.0,Test,T930305-2020,S,2020
0.0,0.0,Test,T930306-2020,S,2020
0.0,0.0,Test,T930401-2020,S,2020
0.0247550283651366,0.0,Test,T930511-2020,S,2020
0.0120902520980944,0.0,Test,T930512-2020,S,2020
0.2178649237472767,0.0,Test,T930502-2020,S,2020
0.0,0.0,Test,T930506-2020,S,2020
0.0,0.0,Test,T930508-2020,S,2020
0.0,0.0,Test,T930901-2020,S,2020
0.0463815169654892,0.0,Test,T930902-2020,S,2020
0.0,0.0,Test,T940109-2020,S,2020
0.0,0.0,Test,T940301-2020,S,2020
0.0,0.0,Test,T940310-2020,S,2020
0.0,0.0,Test,T940311-2020,S,2020
0.0,0.0,Test,T940312-2020,S,2020
0.0,0.0,Test,T940303-2020,S,2020
0.0,0.0,Test,T940305-2020,S,2020
0.0,0.0,Test,T940307-2020,S,2020
0.0,0.0,Test,T940308-2020,S,2020
0.0,0.0,Test,T940513-2020,S,2020
0.0,0.0,Test,T940503-2020,S,2020
0.0,0.0,Test,T940509-2020,S,2020
0.0,0.0,Test,T960802-2020,S,2020
0.0,0.0,Test,T800113-2020,S,2020
0.0,0.0,Test,T800114-2020,S,2020
0.0,0.0,Test,T800116-2020,S,2020
0.0,0.0,Test,T800120-2020,S,2020
0.0,0.0,Test,T800121-2020,S,2020
0.0,0.0,Test,T800108-2020,S,2020
0.1894338034098084,0.0,Test,T801003-2020,S,2020
0.0,0.0,Test,T801103-2020,S,2020
0.0,0.0,Test,T801105-2020,S,2020
0.0,0.0,Test,T801106-2020,S,2020
0.0,0.0,Test,T801304-2020,S,2020
0.0,0.0,Test,T801305-2020,S,2020
0.0,0.0,Test,T801306-2020,S,2020
0.0,0.0,Test,T801606-2020,S,2020
0.0,0.0,Test,T801607-2020,S,2020
0.0,0.0,Test,T801701-2020,S,2020
0.0,0.0,Test,T801702-2020,S,2020
0.0,0.0,Test,T801704-2020,S,2020
0.0,0.0,Test,T801901-2020,S,2020
0.0,0.0,Test,T801902-2020,S,2020
0.0073637702503681,0.0,Test,T801903-2020,S,2020
0.0,0.0,Test,T801904-2020,S,2020
0.0,0.0,Test,T801905-2020,S,2020
0.0,0.0,Test,T801906-2020,S,2020
0.0,0.0,Test,T800202-2020,S,2020
0.0,0.0,Test,T800203-2020,S,2020
0.0,0.0,Test,T800205-2020,S,2020
0.0078029748841745,0.0,Test,T802001-2020,S,2020
0.0,0.0,Test,T802002-2020,S,2020
0.0,0.0,Test,T802003-2020,S,2020
0.0,0.0,Test,T802004-2020,S,2020
0.0,0.0,Test,T800404-2020,S,2020
0.0,0.0,Test,T800405-2020,S,2020
0.0,0.0,Test,T800406-2020,S,2020
0.0,0.0,Test,T800407-2020,S,2020
0.0,0.0,Test,T800501-2020,S,2020
0.0,0.0,Test,T800503-2020,S,2020
0.0,0.0,Test,T800505-2020,S,2020
0.0,0.0,Test,T800612-2020,S,2020
0.0,0.0,Test,T800710-2020,S,2020
0.0,0.0,Test,T800703-2020,S,2020
0.0,0.0,Test,T800705-2020,S,2020
0.0,0.0,Test,T800709-2020,S,2020
0.0,0.0,Test,T800810-2020,S,2020
0.0,0.0,Test,T800803-2020,S,2020
0.0,0.0,Test,T800804-2020,S,2020
0.0,0.0,Test,T800807-2020,S,2020
0.0,0.0,Test,T800809-2020,S,2020
0.0,0.0,Test,T800904-2020,S,2020
0.0,0.0,Test,T800905-2020,S,2020
0.0,0.0,Test,T810118-2020,S,2020
0.0,0.0,Test,T810105-2020,S,2020
0.0,0.0,Test,T810202-2020,S,2020
0.0,0.0,Test,T810302-2020,S,2020
0.0,0.0,Test,T810303-2020,S,2020
0.0,0.0,Test,T810304-2020,S,2020
0.0,0.0,Test,T810402-2020,S,2020
0.0,0.0,Test,T820201-2020,S,2020
0.0,0.0,Test,T841103-2020,S,2020
0.0,0.0,Test,T850402-2020,S,2020
0.0,0.0,Test,T850403-2020,S,2020
0.0,0.0,Test,T860114-2020,S,2020
0.0,0.0,Test,T860108-2020,S,2020
0.0,0.0,Test,T860109-2020,S,2020
0.0,0.0,Test,T860201-2020,S,2020
0.0,0.0,Test,T860204-2020,S,2020
0.0,0.0,Test,T860205-2020,S,2020
0.0,0.0,Test,T860206-2020,S,2020
0.0,0.0,Test,T860208-2020,S,2020
0.0,0.0,Test,T860302-2020,S,2020
0.0,0.0,Test,T901114-2020,S,2020
0.0,0.0,Test,T901102-2020,S,2020
0.0,0.0,Test,T901107-2020,S,2020
0.0,0.0,Test,T901108-2020,S,2020
0.0,0.0,Test,T901302-2020,S,2020
0.0,0.0,Test,T901402-2020,S,2020
0.0,0.0,Test,T901403-2020,S,2020
0.0,0.0,Test,T901404-2020,S,2020
0.0,0.0,Test,T901510-2020,S,2020
0.0,0.0,Test,T901511-2020,S,2020
0.0,0.0,Test,T901503-2020,S,2020
0.0,0.0,Test,T901504-2020,S,2020
0.0,0.0,Test,T901505-2020,S,2020
0.0,0.0,Test,T901506-2020,S,2020
0.0,0.0,Test,T901507-2020,S,2020
0.0,0.0,Test,T901508-2020,S,2020
0.0,0.0,Test,T901602-2020,S,2020
0.0,0.0,Test,T901603-2020,S,2020
0.0,0.0,Test,T901604-2020,S,2020
0.0,0.0,Test,T900201-2020,S,2020
0.0,0.0,Test,T900210-2020,S,2020
0.0,0.0,Test,T900211-2020,S,2020
0.0,0.0,Test,T900205-2020,S,2020
0.0,0.0,Test,T900207-2020,S,2020
0.0,0.0,Test,T900209-2020,S,2020
0.0,0.0,Test,T900302-2020,S,2020
0.0,0.0,Test,T900402-2020,S,2020
0.0,0.0,Test,T900501-2020,S,2020
0.0,0.0,Test,T900604-2020,S,2020
0.0,0.0,Test,T900706-2020,S,2020
1.0,0.0,Test,T900801-2020,S,2020
0.9970089730807578,0.0,Test,T900803-2020,S,2020
0.5765162447286941,0.0,Test,T900804-2020,S,2020
0.0,0.0,Test,T900901-2020,S,2020
0.0,0.0,Test,T900902-2020,S,2020
0.0,0.0,Test,T900903-2020,S,2020
0.0,0.0,Test,T910112-2020,S,2020
0.0,0.0,Test,T910104-2020,S,2020
0.0,0.0,Test,T910105-2020,S,2020
0.0,0.0,Test,T910106-2020,S,2020
0.0,0.0,Test,T910108-2020,S,2020
0.0,0.0,Test,T910201-2020,S,2020
0.0,0.0,Test,T910202-2020,S,2020
0.0,0.0,Test,T910203-2020,S,2020
0.0,0.0,Test,T910301-2020,S,2020
0.0,0.0,Test,T910302-2020,S,2020
0.0,0.0,Test,T910303-2020,S,2020
0.0,0.0,Test,T910401-2020,S,2020
0.0,0.0,Test,T910402-2020,S,2020
0.0,0.0,Test,T910403-2020,S,2020
0.0,0.0,Test,T910404-2020,S,2020
0.0,0.0,Test,T910501-2020,S,2020
0.0,0.0,Test,T910502-2020,S,2020
0.0,0.0,Test,T910503-2020,S,2020
0.0,0.0,Test,T910505-2020,S,2020
0.0,0.0,Test,T910506-2020,S,2020
0.0,0.0,Test,T910602-2020,S,2020
0.0,0.0,Test,T910702-2020,S,2020
0.0,0.0,Test,T920113-2020,S,2020
0.0,0.0,Test,T920114-2020,S,2020
0.0,0.0,Test,T920115-2020,S,2020
0.0,0.0,Test,T920118-2020,S,2020
0.0,0.0,Test,T920119-2020,S,2020
0.0,0.0,Test,T920104-2020,S,2020
0.0,0.0,Test,T920106-2020,S,2020
0.0,0.0,Test,T920108-2020,S,2020
0.0,0.0,Test,T920207-2020,S,2020
0.0,0.0,Test,T920302-2020,S,2020
0.0,0.0,Test,T920303-2020,S,2020
0.0,0.0,Test,T920307-2020,S,2020
0.0,0.0,Test,T920308-2020,S,2020
0.0,0.0,Test,T920411-2020,S,2020
0.0,0.0,Test,T920502-2020,S,2020
0.0,0.0,Test,T920505-2020,S,2020
0.0,0.0,Test,T920610-2020,S,2020
0.0,0.0,Test,T920616-2020,S,2020
0.0,0.0,Test,T920621-2020,S,2020
0.0,0.0,Test,T920605-2020,S,2020
0.0,0.0,Test,T920606-2020,S,2020
0.0,0.0,Test,T920607-2020,S,2020
0.0,0.0,Test,T920608-2020,S,2020
0.0,0.0,Test,T920701-2020,S,2020
0.0,0.0,Test,T920703-2020,S,2020
0.2608695652173913,0.0,Test,T920704-2020,S,2020
0.0,0.0,Test,T920801-2020,S,2020
0.0,0.0,Test,T920803-2020,S,2020
0.0,0.0,Test,T920804-2020,S,2020
0.0,0.0,Test,T920805-2020,S,2020
0.0,0.0,Test,T920806-2020,S,2020
0.0,0.0,Test,T920903-2020,S,2020
0.0,0.0,Test,T920904-2020,S,2020
0.0,0.0,Test,T920905-2020,S,2020
0.0,0.0,Test,T930111-2020,S,2020
0.0,0.0,Test,T930112-2020,S,2020
0.0,0.0,Test,T930114-2020,S,2020
0.0,0.0,Test,T931101-2020,S,2020
0.0,0.0,Test,T931103-2020,S,2020
0.0,0.0,Test,T930201-2020,S,2020
0.0,0.0,Test,T930202-2020,S,2020
0.0,0.0,Test,T930203-2020,S,2020
0.0,0.0,Test,T930204-2020,S,2020
0.0,0.0,Test,T930205-2020,S,2020
0.0,0.0,Test,T930307-2020,S,2020
0.0,0.0,Test,T930402-2020,S,2020
0.0,0.0,Test,T930403-2020,S,2020
0.0,0.0,Test,T930501-2020,S,2020
0.0,0.0,Test,T930510-2020,S,2020
0.0,0.0,Test,T930513-2020,S,2020
0.0,0.0,Test,T930516-2020,S,2020
0.0,0.0,Test,T930504-2020,S,2020
0.0,0.0,Test,T930505-2020,S,2020
0.0,0.0,Test,T930509-2020,S,2020
0.0,0.0,Test,T930601-2020,S,2020
0.0056374552526989,0.0,Test,T930602-2020,S,2020
0.0,0.0,Test,T930605-2020,S,2020
0.0,0.0,Test,T930606-2020,S,2020
0.0,0.0,Test,T930607-2020,S,2020
0.0,0.0,Test,T930701-2020,S,2020
0.0,0.0,Test,T930703-2020,S,2020
0.0,0.0,Test,T930801-2020,S,2020
0.0,0.0,Test,T930802-2020,S,2020
0.0,0.0,Test,T930804-2020,S,2020
0.0,0.0,Test,T930806-2020,S,2020
0.0,0.0,Test,T940112-2020,S,2020
0.0,0.0,Test,T941011-2020,S,2020
0.0,0.0,Test,T941004-2020,S,2020
0.0,0.0,Test,T940201-2020,S,2020
0.0,0.0,Test,T940215-2020,S,2020
0.0,0.0,Test,T940506-2020,S,2020
0.0,0.0,Test,T940603-2020,S,2020
0.0,0.0,Test,T940604-2020,S,2020
0.0,0.0,Test,T940710-2020,S,2020
0.0,0.0,Test,T940705-2020,S,2020
0.0,0.0,Test,T940706-2020,S,2020
0.0,0.0,Test,T940801-2020,S,2020
0.0,0.0,Test,T940804-2020,S,2020
0.0,0.0,Test,T950601-2020,S,2020
0.0,0.0,Test,T950611-2020,S,2020
0.0,0.0,Test,T950614-2020,S,2020
0.0,0.0,Test,T950615-2020,S,2020
0.0,0.0,Test,T950616-2020,S,2020
0.0,0.0,Test,T950602-2020,S,2020
0.0,0.0,Test,T950604-2020,S,2020
0.0,0.0,Test,T950609-2020,S,2020
0.0,0.0,Test,T960104-2020,S,2020
0.0,0.0,Test,T961104-2020,S,2020
0.0,0.0,Test,T960401-2020,S,2020
0.0,0.0,Test,T960403-2020,S,2020
0.0,0.0,Test,T960404-2020,S,2020
0.0,0.0,Test,T960405-2020,S,2020
0.0,0.0,Test,T960406-2020,S,2020
0.0,0.0,Test,T960501-2020,S,2020
0.0,0.0,Test,T960801-2020,S,2020
0.0,0.0,Test,T960805-2020,S,2020
